customer_id,snapshot_date,county,sector,employment_type,gender,age,kyc_level,relationship_length_months,salary_inflow_flag,product_type,loan_balance_kes,credit_limit_kes,utilization_ratio,interest_rate,loan_term_months,collateral_value_kes,loan_to_value,bureau_score,num_active_loans,num_closed_loans,days_past_due,missed_payments_6m,avg_daily_balance_30d_kes,inflow_30d_kes,outflow_30d_kes,digital_txn_count_30d,atm_withdrawals_30d,branch_visits_30d,collection_contacted_after_snapshot,chargeoff_indicator,days_to_next_payment
C00036,2025-01-01,Nairobi,Salaried,Permanent,M,23,Tier1,55,1,Personal_Loan,441926.1,,,0.2764,18,0.0,5.0,668.2,3,0,0,4,0.0,67242.69,60917.46,24,4,0,0,0,24
C00044,2025-01-01,Kiambu,Agribusiness,Micro_Enterprise,M,36,Tier1,12,0,Personal_Loan,191592.53,,,0.1419,36,105762.83,1.8115,709.5,1,1,0,1,611.07,3023.25,2332.52,18,2,1,0,0,28
C00057,2025-01-01,Nyeri,Salaried,Permanent,F,45,Tier3,30,1,SME_Loan,979531.35,,,0.2445,24,0.0,5.0,627.3,3,2,0,0,4700.18,33002.38,35010.48,29,7,0,0,0,7
C00139,2025-01-01,Kisumu,Agribusiness,Micro_Enterprise,M,36,Tier3,80,0,Personal_Loan,345302.84,,,0.2182,18,409956.29,0.8423,650.3,1,1,7,1,2563.39,52236.0,66962.24,26,3,2,0,0,18
C00150,2025-01-01,Nairobi,Salaried,Permanent,F,23,Tier2,116,1,Overdraft,91355.41,390368.49,0.3314,0.1755,0,30987.22,2.9482,654.2,1,0,0,1,12375.23,73739.14,71671.92,19,2,0,0,0,25
C00160,2025-01-01,Machakos,Salaried,Permanent,M,56,Tier2,120,1,SME_Loan,869684.8,,,0.2686,12,674363.14,1.2896,665.8,4,1,4,2,10856.44,79139.4,117420.89,23,5,1,0,0,18
C00244,2025-01-01,Mombasa,Salaried,Contract,F,50,Tier2,115,1,Personal_Loan,396786.51,,,0.1947,36,476092.47,0.8334,595.2,1,1,0,1,51035.5,142511.87,170204.21,30,2,0,0,0,28
C00276,2025-01-01,Kakamega,SME_Trade,Self_Employed,F,42,Tier3,57,0,SME_Loan,738912.67,,,0.1818,36,,,648.0,1,1,0,0,4099.73,91232.93,81850.55,16,2,1,0,0,22
C00291,2025-01-01,Nyeri,Salaried,Permanent,F,57,Tier3,4,1,Overdraft,129924.18,148213.54,1.0714,0.1851,0,80269.11,1.6186,591.3,1,2,0,4,22401.89,155519.28,159150.33,27,4,0,0,0,19
C00297,2025-01-01,Nyeri,Salaried,Contract,F,59,Tier2,13,1,Personal_Loan,344185.81,,,0.2826,18,,,636.1,1,1,2,2,4997.58,36444.61,32099.7,35,3,0,0,0,31
C00300,2025-01-01,Kisumu,SME_Trade,Self_Employed,F,21,Tier2,53,0,Personal_Loan,339164.82,,,0.206,12,665530.31,0.5096,664.5,1,1,0,0,0.0,123616.39,101573.57,7,7,1,0,0,14
C00307,2025-01-01,Mombasa,SME_Services,Self_Employed,M,34,Tier3,101,0,SME_Loan,919494.98,,,0.2527,24,578534.44,1.5894,647.1,4,0,0,2,832.32,7989.95,5921.81,26,5,1,0,0,28
C00324,2025-01-01,Meru,SME_Services,Self_Employed,M,62,Tier2,18,1,Personal_Loan,264837.35,,,0.1998,18,416585.41,0.6357,736.7,1,1,6,1,4693.7,80653.72,80407.61,19,5,2,0,0,15
C00331,2025-01-01,Kiambu,SME_Trade,Self_Employed,F,45,Tier1,73,1,SME_Loan,578441.24,,,0.2886,24,0.0,5.0,564.9,3,1,4,1,4229.53,24350.35,23010.09,21,6,2,0,0,33
C00345,2025-01-01,Nakuru,Salaried,Permanent,M,61,Tier3,99,1,Personal_Loan,287820.29,,,0.246,24,869302.41,0.3311,654.7,1,1,3,1,5670.51,89757.6,75538.38,28,11,2,1,0,196
C00376,2025-01-01,Uasin Gishu,Hospitality,Self_Employed,F,25,Tier2,75,0,SME_Loan,1217291.95,,,0.1645,24,1080058.57,1.1271,551.5,4,0,1,2,634.91,87000.81,30563.8,16,6,1,0,0,10
C00421,2025-01-01,Uasin Gishu,Salaried,Permanent,F,62,Tier2,5,1,Personal_Loan,286656.97,,,0.2177,12,236873.55,1.2102,614.4,1,1,4,2,3461.29,44363.62,43565.03,24,4,1,0,0,7
C00436,2025-01-01,Nairobi,Other,Self_Employed,F,26,Tier1,117,0,SME_Loan,321432.04,,,0.2058,48,613679.82,0.5238,616.3,2,0,5,1,2304.05,13020.38,14582.35,14,4,4,0,0,22
C00494,2025-01-01,Kakamega,Salaried,Permanent,F,48,Tier1,11,1,Overdraft,0.0,217151.26,0.0,0.2266,0,182263.55,0.05,475.9,1,5,10,0,15949.53,213974.58,176952.33,27,4,0,1,0,213
C00505,2025-01-01,Nairobi,Transport,Micro_Enterprise,M,33,Tier1,81,0,Personal_Loan,384770.56,,,0.1554,36,12199.08,5.0,680.0,2,0,0,1,5439.97,39680.22,41138.79,18,6,1,1,1,176
C00529,2025-01-01,Kiambu,Salaried,Permanent,M,62,Tier2,95,1,Personal_Loan,111472.36,,,0.2666,18,0.0,5.0,689.9,1,2,8,1,11565.54,157351.64,197623.79,27,5,1,0,0,32
C00581,2025-01-01,Kiambu,SME_Services,Self_Employed,M,25,Tier2,104,0,SME_Loan,803995.86,,,0.1876,36,132216.54,5.0,725.7,4,0,8,3,10041.23,86852.54,77005.07,19,4,1,0,0,23
C00640,2025-01-01,Nairobi,Salaried,Permanent,F,63,Tier2,105,1,Personal_Loan,426316.88,,,0.1958,24,284697.64,1.4974,601.8,1,0,0,0,28925.61,143532.94,153622.01,28,7,0,0,0,22
C00656,2025-01-01,Kakamega,SME_Services,Micro_Enterprise,F,44,Tier2,77,1,Personal_Loan,271872.11,,,0.2372,24,,,500.4,1,0,0,4,5727.44,38543.34,38399.02,22,3,1,0,0,15
C00662,2025-01-01,Nairobi,Salaried,Permanent,M,54,Tier2,29,1,Personal_Loan,412958.79,,,0.2483,12,0.0,5.0,504.5,1,3,15,2,5671.87,90643.92,107165.98,18,7,0,0,0,165
C00742,2025-01-01,Kiambu,Hospitality,Self_Employed,F,55,Tier1,78,0,Personal_Loan,287057.2,,,0.198,36,1240943.18,0.2313,626.0,1,1,2,2,6617.37,23712.71,16656.16,22,7,2,0,0,25
C00791,2025-01-01,Kisumu,Other,Micro_Enterprise,M,25,Tier3,83,1,Credit_Card,19828.9,30000.0,1.441,0.2554,0,,,549.7,1,0,8,4,4481.91,35632.6,17279.57,24,8,3,0,0,23
C00811,2025-01-01,Uasin Gishu,SME_Services,Self_Employed,M,22,Tier2,81,0,Overdraft,273281.85,271630.95,1.0347,0.3251,0,0.0,5.0,564.7,1,1,6,2,3373.29,45482.37,58391.62,20,0,1,1,0,177
C00817,2025-01-01,Nakuru,Salaried,Permanent,F,22,Tier1,39,1,Personal_Loan,258470.41,,,0.1802,18,427318.48,0.6049,579.5,2,1,0,2,25332.97,107880.32,97598.85,23,7,1,0,0,14
C00828,2025-01-01,Mombasa,Agribusiness,Micro_Enterprise,M,61,Tier1,57,0,SME_Loan,563879.94,,,0.1768,24,127354.68,4.4276,687.6,1,2,0,1,0.0,0.0,0.0,21,3,1,0,0,25
C00831,2025-01-01,Nairobi,Agribusiness,Self_Employed,F,32,Tier2,77,0,SME_Loan,751736.56,,,0.226,36,456394.37,1.6471,650.3,1,1,0,1,23174.0,105939.35,105167.15,15,1,1,0,0,23
C00842,2025-01-01,Nairobi,Salaried,Permanent,M,50,Tier2,19,1,Overdraft,0.0,331955.41,0.0,0.2101,0,127861.89,0.05,682.7,1,1,3,1,3244.5,46010.2,63203.22,27,9,1,0,0,26
C00873,2025-01-01,Kiambu,Hospitality,Self_Employed,F,26,Tier2,16,0,Credit_Card,100598.54,133342.41,0.7717,0.3511,0,,,636.4,1,1,0,0,12919.91,39085.62,30352.91,26,9,1,0,0,11
C00888,2025-01-01,Nairobi,Transport,Self_Employed,F,29,Tier3,62,0,Credit_Card,128704.93,172757.47,0.833,0.2891,0,,,513.8,1,0,3,3,1681.92,9392.52,6932.55,21,5,2,0,0,26
C00938,2025-01-01,Nairobi,Construction,Self_Employed,M,27,Tier2,116,1,SME_Loan,207711.91,,,0.0779,24,385264.48,0.5391,613.0,1,0,2,1,15232.91,182747.32,177412.59,9,3,0,0,0,10
C00952,2025-01-01,Nakuru,Salaried,Permanent,M,34,Tier1,70,1,Overdraft,269747.31,50000.0,1.8,0.1363,0,0.0,5.0,729.5,1,1,8,1,6988.8,111128.4,142756.3,28,9,0,0,0,17
C00967,2025-01-01,Nakuru,Salaried,Contract,M,48,Tier2,59,1,Overdraft,136175.35,230296.77,0.6251,0.3336,0,68184.32,1.9972,619.8,1,0,0,0,13291.32,72504.19,76124.53,28,4,1,0,0,25
C00973,2025-01-01,Nakuru,SME_Trade,Micro_Enterprise,F,42,Tier2,116,0,Personal_Loan,594131.98,,,0.2965,18,595148.66,0.9983,711.6,1,4,0,1,10995.91,88270.66,77354.76,28,3,1,0,0,9
C00990,2025-01-01,Nakuru,SME_Services,Self_Employed,M,56,Tier3,30,1,Overdraft,141292.01,442722.92,0.2058,0.2162,0,203724.64,0.6935,693.8,2,0,3,0,8434.66,45220.4,26839.44,26,5,0,1,0,25
C01026,2025-01-01,Kiambu,Salaried,Contract,F,23,Tier3,70,1,Personal_Loan,367271.92,,,0.1812,18,503269.07,0.7298,678.8,2,2,0,0,24935.7,100405.74,78022.36,31,6,0,0,0,31
C01030,2025-01-01,Nairobi,Transport,Self_Employed,F,36,Tier1,53,0,SME_Loan,891117.45,,,0.1683,48,842927.76,1.0572,577.7,3,1,3,1,7578.38,56111.72,58044.9,16,1,2,0,0,25
C01033,2025-01-01,Mombasa,SME_Services,Micro_Enterprise,M,53,Tier1,53,0,Personal_Loan,560642.53,,,0.2267,24,441874.31,1.2688,715.1,4,0,0,2,10640.86,43593.28,39350.62,9,6,1,0,0,12
C01045,2025-01-01,Nairobi,Salaried,Permanent,M,52,Tier2,72,1,SME_Loan,938345.07,,,0.1997,12,,,476.2,2,0,0,0,1678.99,94231.74,44709.95,20,6,0,0,0,10
C01103,2025-01-01,Machakos,Salaried,Permanent,M,62,Tier1,52,1,SME_Loan,492967.04,,,0.227,24,367312.53,1.3421,570.6,2,1,0,1,8165.21,46152.76,38936.91,29,5,1,0,0,28
C01181,2025-01-01,Kisumu,Salaried,Contract,M,48,Tier3,31,1,Overdraft,22080.05,266137.41,0.1931,0.3045,0,,,530.7,1,1,9,3,1276.93,19633.08,15281.56,36,5,2,0,0,179
C01209,2025-01-01,Nakuru,SME_Trade,Self_Employed,F,33,Tier2,77,1,SME_Loan,926646.27,,,0.3143,48,328161.66,2.8237,677.3,6,0,2,2,3340.82,14470.76,13467.15,20,5,2,0,0,16
C01240,2025-01-01,Nyeri,Salaried,Contract,M,22,Tier2,70,1,Personal_Loan,230495.67,,,0.2567,18,212922.92,1.0825,675.6,1,0,3,3,9549.03,51582.88,57057.56,22,5,2,1,0,166
C01256,2025-01-01,Nairobi,Salaried,Permanent,M,24,Tier1,78,1,SME_Loan,490062.19,,,0.1968,24,,,611.8,3,1,0,2,10702.18,109506.17,53642.53,24,11,2,0,0,14
C01283,2025-01-01,Kiambu,Agribusiness,Self_Employed,F,38,Tier2,77,0,SME_Loan,255604.96,,,0.0931,36,648885.52,0.3939,596.3,3,2,3,2,31661.14,113693.92,71471.53,21,5,0,0,0,21
C01296,2025-01-01,Meru,SME_Trade,Micro_Enterprise,M,44,Tier3,65,0,Credit_Card,21703.15,144401.85,0.2458,0.2615,0,,,688.7,1,2,1,0,64584.95,194832.62,118253.08,25,2,0,0,0,21
C01330,2025-01-01,Nyeri,Agribusiness,Self_Employed,F,36,Tier1,29,0,Personal_Loan,329175.87,,,0.2145,36,846752.99,0.3888,597.0,1,0,8,1,3358.95,20165.63,25567.02,18,3,1,0,0,28
C01423,2025-01-01,Nakuru,Construction,Self_Employed,M,47,Tier2,8,1,SME_Loan,675559.25,,,0.171,12,625055.65,1.0808,639.3,1,1,0,1,6427.38,27298.64,19108.03,21,5,1,0,0,27
C01480,2025-01-01,Nakuru,Salaried,Contract,M,39,Tier2,54,1,SME_Loan,592590.62,,,0.2396,24,210755.76,2.8117,575.5,2,1,2,2,68097.37,240552.45,174247.55,29,6,4,0,0,5
C01485,2025-01-01,Nairobi,Transport,Micro_Enterprise,F,39,Tier2,115,0,Personal_Loan,378993.82,,,0.1863,36,914545.17,0.4144,694.5,1,1,13,0,8530.59,45589.95,73592.9,22,4,0,1,0,133
C01512,2025-01-01,Uasin Gishu,Other,Self_Employed,M,31,Tier2,52,1,SME_Loan,861587.0,,,0.1674,24,543586.47,1.585,551.6,1,0,1,1,10196.97,41782.32,30511.95,23,7,2,0,0,28
C01517,2025-01-01,Meru,SME_Trade,Micro_Enterprise,F,42,Tier1,29,1,SME_Loan,814571.5,,,0.1581,12,749968.39,1.0861,659.6,2,1,7,0,18805.73,114248.0,119583.42,18,5,1,0,0,22
C01525,2025-01-01,Nakuru,Salaried,Contract,M,48,Tier1,85,1,Overdraft,203775.89,191319.48,1.4552,0.2228,0,137009.76,1.4873,734.9,1,1,1,0,61924.85,246942.29,290006.52,31,4,1,0,0,11
C01536,2025-01-01,Nakuru,Salaried,Permanent,M,22,Tier1,50,1,Personal_Loan,104849.19,,,0.2068,36,1140777.87,0.0919,767.8,2,2,2,2,4149.39,125457.45,103058.85,22,7,2,0,0,14
C01591,2025-01-01,Kiambu,Agribusiness,Self_Employed,F,54,Tier2,101,0,Overdraft,23678.42,317763.49,0.0,0.2302,0,121948.77,0.1942,552.9,1,2,8,0,19186.22,73922.07,83782.9,12,4,3,0,0,5
C01593,2025-01-01,Kiambu,Salaried,Permanent,F,38,Tier1,89,1,Credit_Card,94718.83,168797.47,0.5432,0.2027,0,,,683.9,2,1,0,1,15829.4,154709.89,176844.68,16,4,0,0,0,26
C01604,2025-01-01,Kisumu,Agribusiness,Self_Employed,F,35,Tier1,79,0,Credit_Card,3296.93,228825.8,0.0639,0.3483,0,,,628.7,1,0,4,4,0.0,0.0,0.0,20,6,0,0,0,9
C01622,2025-01-01,Nakuru,Salaried,Permanent,F,21,Tier2,100,1,SME_Loan,376997.1,,,0.1653,24,867205.63,0.4347,760.3,1,0,8,2,3350.24,31030.18,20719.55,28,5,0,0,0,198
C01629,2025-01-01,Kiambu,SME_Trade,Micro_Enterprise,F,38,Tier2,84,0,Personal_Loan,720325.76,,,0.2719,18,659398.71,1.0924,627.4,2,1,0,2,0.0,103254.18,60143.6,16,5,0,0,1,154
C01633,2025-01-01,Mombasa,Salaried,Permanent,M,25,Tier3,55,1,Overdraft,63566.32,447050.83,0.3154,0.1747,0,234397.29,0.2712,613.5,3,1,0,2,7701.02,103836.49,53512.42,35,7,0,0,0,9
C01702,2025-01-01,Nyeri,Construction,Micro_Enterprise,M,29,Tier1,13,0,SME_Loan,563294.79,,,0.2119,12,399925.62,1.4085,648.6,2,0,0,0,17220.19,50552.62,25661.4,15,6,0,0,0,15
C01732,2025-01-01,Nyeri,Salaried,Permanent,M,61,Tier1,47,1,Personal_Loan,330594.0,,,0.2251,18,223150.16,1.4815,714.6,2,1,2,3,0.0,0.0,0.0,16,7,0,0,0,17
C01781,2025-01-01,Nairobi,Agribusiness,Self_Employed,F,23,Tier2,117,0,Credit_Card,167403.11,209555.89,0.8344,0.2528,0,,,660.1,1,1,2,0,0.0,0.0,0.0,12,4,0,0,0,9
C01789,2025-01-01,Kakamega,SME_Trade,Micro_Enterprise,F,42,Tier2,119,0,SME_Loan,533918.56,,,0.1346,36,718506.82,0.7431,630.2,3,2,8,1,6399.23,48899.21,22192.24,14,4,0,0,0,9
C01790,2025-01-01,Kakamega,Hospitality,Self_Employed,F,54,Tier2,12,0,Personal_Loan,557913.74,,,0.2791,24,654949.7,0.8518,745.1,1,0,0,0,5905.56,43504.93,44548.1,23,2,1,0,0,25
C01792,2025-01-01,Nairobi,SME_Trade,Micro_Enterprise,M,60,Tier1,90,0,Overdraft,132377.71,282507.51,0.462,0.2673,0,176663.58,0.7493,563.2,1,1,14,1,9930.23,55385.51,53176.72,16,4,0,0,0,14
C01853,2025-01-01,Nakuru,Construction,Micro_Enterprise,M,41,Tier1,117,0,Credit_Card,213412.72,125056.79,1.4092,0.3533,0,,,686.8,2,0,0,1,2807.97,33483.62,26368.44,19,7,0,1,0,153
C01947,2025-01-01,Nairobi,SME_Trade,Self_Employed,F,28,Tier2,24,0,Credit_Card,44531.61,303941.37,0.2547,0.3854,0,,,634.2,1,0,0,2,21434.8,128878.44,83923.0,24,8,0,0,0,24
C01963,2025-01-01,Kiambu,SME_Trade,Self_Employed,M,27,Tier3,89,0,SME_Loan,500469.54,,,0.1694,36,195287.57,2.5627,666.0,1,0,4,0,68023.21,276248.06,359622.32,17,2,1,1,0,11
C01973,2025-01-01,Nakuru,Salaried,Contract,M,51,Tier2,120,1,Credit_Card,27754.53,200536.25,0.213,0.2977,0,,,651.0,1,2,0,0,8721.6,107320.05,62160.49,27,6,0,0,0,8
C01980,2025-01-01,Nyeri,Construction,Self_Employed,M,56,Tier2,65,1,Credit_Card,139974.88,255272.38,0.4485,0.3146,0,,,702.0,3,0,0,2,4570.58,47421.58,43636.37,18,2,0,0,0,11
C02006,2025-01-01,Nairobi,SME_Trade,Micro_Enterprise,F,26,Tier2,40,0,Credit_Card,39816.2,30000.0,1.8,0.3639,0,,,521.6,1,2,8,2,41283.07,167539.83,156955.68,17,2,1,1,1,165
C02016,2025-01-01,Nairobi,Salaried,Permanent,M,35,Tier2,56,1,Personal_Loan,203963.03,,,0.2499,36,770455.92,0.2647,639.7,1,1,3,4,11849.17,102877.42,82223.18,32,7,0,0,0,31
C02042,2025-01-01,Nairobi,Transport,Self_Employed,F,61,Tier1,91,1,SME_Loan,722666.58,,,0.2268,24,693223.81,1.0425,685.9,1,2,0,1,723.31,41601.97,19430.54,12,2,0,0,0,23
C02108,2025-01-01,Nairobi,Agribusiness,Micro_Enterprise,F,27,Tier2,115,0,Personal_Loan,316567.61,,,0.2287,24,674889.4,0.4691,686.3,1,0,0,1,2276.36,12324.78,10488.2,20,6,0,0,0,19
C02147,2025-01-01,Mombasa,Salaried,Permanent,F,28,Tier3,94,1,Personal_Loan,450550.3,,,0.1431,18,0.0,5.0,583.7,1,0,6,2,11148.62,276026.88,253277.8,22,9,0,0,0,31
C02167,2025-01-01,Nairobi,SME_Trade,Micro_Enterprise,M,35,Tier2,36,0,SME_Loan,591004.6,,,0.1688,48,0.0,5.0,680.8,1,1,0,0,260.56,1143.42,746.61,16,2,1,0,0,27
C02217,2025-01-01,Nairobi,SME_Trade,Self_Employed,M,41,Tier3,17,1,SME_Loan,811827.72,,,0.2162,24,,,717.8,2,1,4,1,21973.71,79197.11,77765.12,24,3,1,0,0,5
C02242,2025-01-01,Nyeri,Agribusiness,Micro_Enterprise,F,50,Tier1,80,1,Personal_Loan,225782.26,,,0.1683,36,728931.42,0.3097,676.3,1,1,2,3,17273.84,50823.59,43728.21,24,1,1,0,0,13
C02254,2025-01-01,Kisumu,Other,Micro_Enterprise,F,43,Tier2,107,0,SME_Loan,757853.61,,,0.2414,24,1008557.52,0.7514,609.5,3,1,1,2,0.0,9342.45,8397.4,20,2,1,0,0,13
C02281,2025-01-01,Nairobi,Salaried,Permanent,M,55,Tier2,71,1,SME_Loan,412122.53,,,0.2438,12,,,609.2,4,1,1,3,3328.14,12148.27,13473.66,28,11,3,0,0,23
C02296,2025-01-01,Mombasa,Transport,Self_Employed,F,57,Tier1,117,0,SME_Loan,287966.44,,,0.234,24,820474.76,0.351,669.6,1,0,9,3,1301.94,5809.36,7121.97,14,6,1,0,0,29
C02301,2025-01-01,Kakamega,Salaried,Permanent,M,33,Tier3,73,1,Personal_Loan,373806.05,,,0.3196,18,0.0,5.0,606.5,1,0,0,0,19644.11,163208.53,152067.07,25,8,2,0,0,9
C02316,2025-01-01,Kakamega,Salaried,Permanent,M,21,Tier2,86,1,SME_Loan,531069.43,,,0.1951,24,326229.98,1.6279,590.8,3,0,0,2,0.0,0.0,0.0,26,3,1,0,0,29
C02398,2025-01-01,Mombasa,Salaried,Contract,M,34,Tier3,103,1,Personal_Loan,223747.87,,,0.2881,12,1364223.32,0.164,566.4,1,0,2,2,4604.54,103270.02,102807.24,41,11,1,0,0,19
C02413,2025-01-01,Kiambu,Salaried,Permanent,M,62,Tier3,103,1,Overdraft,95655.49,67907.89,1.615,0.2891,0,110637.29,0.8646,589.9,1,2,2,4,535.05,88151.79,85980.81,30,7,0,0,0,138
C02440,2025-01-01,Mombasa,Salaried,Contract,M,23,Tier3,10,1,SME_Loan,707171.92,,,0.1226,36,336517.2,2.1014,683.9,2,1,5,2,7791.2,64104.26,60241.82,36,6,0,0,0,34
C02448,2025-01-01,Meru,Salaried,Contract,M,50,Tier1,110,1,Personal_Loan,434591.73,,,0.2388,18,302117.92,1.4385,634.6,4,1,7,1,34925.16,139157.1,116199.41,28,4,2,0,0,33
C02463,2025-01-01,Kisumu,Salaried,Contract,F,42,Tier1,85,1,SME_Loan,830215.5,,,0.193,36,202182.31,4.1063,697.8,1,0,0,0,2590.21,187953.95,159556.44,23,10,0,1,0,151
C02501,2025-01-01,Meru,SME_Trade,Self_Employed,F,52,Tier2,92,0,SME_Loan,141396.85,,,0.1924,36,477158.67,0.2963,553.8,2,1,13,0,2048.09,16413.41,24412.94,19,4,0,0,0,19
C02548,2025-01-01,Meru,Construction,Self_Employed,M,47,Tier2,27,1,SME_Loan,957601.03,,,0.2502,24,13189.54,5.0,719.3,2,2,0,2,6551.11,60657.67,65896.12,20,4,1,0,0,23
C02563,2025-01-01,Kiambu,SME_Services,Micro_Enterprise,F,51,Tier2,34,0,Overdraft,114468.82,140243.46,0.8167,0.3216,0,11896.86,5.0,748.3,1,1,0,0,8817.03,51473.49,60493.64,22,6,2,0,0,16
C02572,2025-01-01,Nakuru,Salaried,Permanent,M,62,Tier2,56,1,Personal_Loan,336818.7,,,0.2279,18,467809.63,0.72,678.6,2,1,3,3,16005.63,143274.31,100269.84,30,3,1,0,0,17
C02581,2025-01-01,Nyeri,SME_Services,Self_Employed,F,38,Tier1,49,1,Personal_Loan,401740.69,,,0.2831,18,170765.59,2.3526,628.3,1,1,6,5,6345.37,107954.71,135685.13,20,5,2,0,1,20
C02600,2025-01-01,Kiambu,Other,Self_Employed,M,38,Tier2,120,1,SME_Loan,207711.37,,,0.2753,24,376928.86,0.5511,721.7,4,1,13,2,20558.78,116069.52,180903.27,18,2,0,0,0,8
C02628,2025-01-01,Machakos,Salaried,Permanent,F,21,Tier2,119,1,Personal_Loan,169414.05,,,0.2497,36,491658.21,0.3446,689.6,2,2,6,1,40592.76,191860.05,205289.0,16,10,0,0,0,28
C02696,2025-01-01,Nairobi,Salaried,Permanent,F,37,Tier1,60,1,SME_Loan,292799.73,,,0.2184,48,,,616.3,2,1,0,0,13989.31,76864.69,54119.18,32,8,1,0,0,18
C02714,2025-01-01,Kiambu,Salaried,Contract,M,44,Tier2,56,1,Personal_Loan,423252.71,,,0.2069,12,0.0,5.0,574.3,5,1,18,3,14710.14,78522.6,72370.88,19,10,0,0,0,19
C02733,2025-01-01,Kakamega,Salaried,Contract,M,62,Tier2,45,1,Personal_Loan,494039.53,,,0.2165,12,663654.23,0.7444,675.8,1,0,3,2,4896.49,44219.65,38285.63,21,6,3,0,0,15
C02734,2025-01-01,Nyeri,Agribusiness,Micro_Enterprise,F,30,Tier2,62,0,Overdraft,170596.16,278897.6,0.6318,0.2445,0,43690.19,3.9047,653.6,1,2,3,2,15577.66,69231.02,64392.37,11,4,5,0,0,26
C02747,2025-01-01,Nairobi,Salaried,Permanent,M,31,Tier1,56,1,SME_Loan,560241.6,,,0.1728,36,166814.54,3.3585,499.6,2,0,2,1,19146.63,77911.04,108949.3,15,9,0,0,0,25
C02774,2025-01-01,Kisumu,Salaried,Permanent,M,52,Tier1,24,1,Personal_Loan,229997.31,,,0.1581,36,119174.97,1.9299,653.5,1,1,3,3,12725.64,154569.4,49838.29,35,3,1,0,0,17
C02788,2025-01-01,Nakuru,Salaried,Permanent,M,23,Tier3,66,1,Personal_Loan,749745.01,,,0.1722,36,,,546.5,1,0,4,0,13991.51,104078.83,64499.38,32,6,0,0,0,27
C02936,2025-01-01,Kakamega,Transport,Self_Employed,F,31,Tier1,94,0,Personal_Loan,79230.41,,,0.1886,12,103467.75,0.7657,804.6,1,1,9,3,13274.7,53676.77,84510.56,15,4,1,0,0,32
C02944,2025-01-01,Kakamega,Salaried,Permanent,M,29,Tier2,58,1,Personal_Loan,143305.52,,,0.2491,36,740803.84,0.1934,625.1,1,0,3,1,19874.04,130589.99,118681.51,27,6,0,0,0,28
C02950,2025-01-01,Nairobi,Transport,Self_Employed,M,44,Tier2,67,0,Personal_Loan,314023.19,,,0.2588,24,171755.43,1.8283,711.1,1,1,0,0,11946.55,88337.34,84004.13,13,7,4,0,0,19
C02997,2025-01-01,Nairobi,Salaried,Contract,F,34,Tier2,6,1,SME_Loan,505635.94,,,0.2846,12,,,627.5,4,1,0,0,6893.4,92172.68,83437.81,32,4,1,0,0,12
C03002,2025-01-01,Nairobi,Salaried,Permanent,M,51,Tier3,65,1,Overdraft,94260.79,373537.41,0.2596,0.2111,0,,,639.7,1,1,1,3,11000.65,125923.38,123878.33,30,7,1,0,0,20
C03052,2025-01-01,Mombasa,SME_Trade,Self_Employed,F,28,Tier1,108,0,Personal_Loan,356559.15,,,0.2133,24,358416.19,0.9948,579.1,1,0,0,4,17446.69,87448.87,68087.4,16,1,0,0,0,14
C03088,2025-01-01,Nairobi,Hospitality,Self_Employed,F,28,Tier2,92,0,Credit_Card,80243.95,265342.55,0.3667,0.2042,0,,,670.7,1,0,9,3,2988.05,158497.43,134898.64,24,7,0,1,0,15
C03163,2025-01-01,Uasin Gishu,Hospitality,Micro_Enterprise,F,28,Tier3,62,0,Overdraft,61412.07,167426.84,0.2868,0.3189,0,297174.57,0.2067,626.4,4,1,0,1,12922.97,69172.15,90275.08,25,4,2,0,0,7
C03185,2025-01-01,Machakos,Construction,Self_Employed,M,49,Tier2,80,0,Personal_Loan,478030.71,,,0.2154,36,,,684.5,1,1,6,2,3612.28,15861.2,7893.47,18,2,1,0,0,30
C03239,2025-01-01,Machakos,Hospitality,Self_Employed,M,60,Tier2,107,0,Overdraft,250730.96,349565.4,0.6886,0.2161,0,61645.88,4.0673,547.6,2,0,8,1,5260.54,37873.38,52916.01,18,4,0,1,0,31
C03248,2025-01-01,Kakamega,SME_Trade,Self_Employed,M,25,Tier2,30,0,Personal_Loan,201561.96,,,0.1767,18,290438.27,0.694,507.1,1,0,4,3,12976.8,45278.08,43296.13,18,6,0,0,0,15
C03255,2025-01-01,Kiambu,Salaried,Permanent,F,31,Tier2,66,1,Personal_Loan,458985.44,,,0.1712,36,365969.8,1.2542,577.5,2,1,0,0,6994.55,47106.87,44280.36,34,8,0,0,0,13
C03344,2025-01-01,Kisumu,SME_Trade,Self_Employed,F,48,Tier2,4,1,SME_Loan,713279.42,,,0.2292,36,22967.39,5.0,599.3,2,0,12,1,7755.31,69029.88,78346.94,19,5,1,0,0,23
C03355,2025-01-01,Kiambu,SME_Services,Self_Employed,M,64,Tier1,7,0,Personal_Loan,476424.09,,,0.2732,12,336803.16,1.4145,522.6,2,1,10,0,8998.83,66281.05,55517.07,19,4,3,1,0,235
C03358,2025-01-01,Machakos,Salaried,Permanent,F,60,Tier2,58,1,SME_Loan,616388.34,,,0.2119,36,0.0,5.0,728.5,2,1,0,0,0.0,0.0,0.0,18,5,1,0,0,21
C03376,2025-01-01,Nairobi,Transport,Self_Employed,F,43,Tier3,118,1,Personal_Loan,612064.33,,,0.2224,18,627751.65,0.975,634.4,3,1,3,2,16612.73,44642.62,32538.82,19,6,2,0,0,32
C03433,2025-01-01,Machakos,Hospitality,Self_Employed,F,30,Tier1,12,0,Personal_Loan,332757.89,,,0.2185,18,642769.77,0.5177,693.5,1,1,2,0,12136.56,46937.91,70780.85,18,4,1,0,0,6
C03454,2025-01-01,Mombasa,Construction,Micro_Enterprise,F,36,Tier2,15,1,SME_Loan,461117.07,,,0.3132,36,,,633.0,1,0,3,0,2305.88,10357.8,11058.99,19,4,1,0,0,20
C00051,2025-01-31,Nakuru,Salaried,Permanent,M,55,Tier2,73,1,SME_Loan,605863.67,,,0.1605,24,321113.46,1.8868,702.0,2,1,15,2,26672.07,99943.68,128983.47,30,7,1,0,0,16
C00057,2025-01-31,Nyeri,Salaried,Permanent,F,45,Tier3,60,1,SME_Loan,990715.3,,,0.2445,24,0.0,5.0,632.5,3,2,0,0,5160.38,22230.44,13312.03,36,6,0,0,0,19
C00116,2025-01-31,Nyeri,SME_Trade,Micro_Enterprise,M,46,Tier1,23,0,SME_Loan,216880.63,,,0.2376,24,356897.34,0.6077,793.4,1,1,8,1,8683.85,28176.75,35462.46,13,6,1,0,0,33
C00132,2025-01-31,Kiambu,Hospitality,Self_Employed,M,45,Tier2,21,0,SME_Loan,173989.18,,,0.0639,36,,,597.7,1,2,2,3,27603.52,185994.35,188940.05,27,2,0,0,1,143
C00145,2025-01-31,Kisumu,SME_Trade,Self_Employed,F,65,Tier2,60,1,SME_Loan,406400.95,,,0.1616,24,0.0,5.0,701.9,3,0,0,0,5663.19,41970.67,46805.8,15,4,2,0,0,19
C00150,2025-01-31,Nairobi,Salaried,Permanent,F,23,Tier2,146,1,Overdraft,60886.16,390368.49,0.234,0.1755,0,30987.22,1.9649,654.2,1,0,0,1,7454.71,145311.6,83099.46,23,1,0,0,0,12
C00160,2025-01-31,Machakos,Salaried,Permanent,M,56,Tier2,150,1,SME_Loan,927530.96,,,0.2686,12,674363.14,1.3754,667.0,4,1,0,2,16553.82,102670.07,96525.01,27,10,2,0,0,17
C00189,2025-01-31,Nyeri,SME_Trade,Self_Employed,F,31,Tier2,77,0,Personal_Loan,280742.98,,,0.1885,36,617037.06,0.455,608.8,1,0,0,3,346.28,2868.94,2195.72,22,3,0,0,0,32
C00244,2025-01-31,Mombasa,Salaried,Contract,F,50,Tier2,145,1,Personal_Loan,382500.37,,,0.1947,36,476092.47,0.8034,597.2,1,1,0,1,5487.63,57644.04,39367.27,28,5,0,0,0,14
C00276,2025-01-31,Kakamega,SME_Trade,Self_Employed,F,42,Tier3,87,0,SME_Loan,780405.2,,,0.1818,36,85864.97,5.0,650.4,1,1,0,0,4881.74,29647.5,20470.62,25,5,1,0,0,21
C00285,2025-01-31,Meru,SME_Trade,Self_Employed,F,40,Tier2,51,1,SME_Loan,788621.98,,,0.2276,36,339948.56,2.3198,679.8,2,1,7,2,0.0,116932.09,106824.26,17,6,1,1,0,194
C00291,2025-01-31,Nyeri,Salaried,Permanent,F,57,Tier3,34,1,Overdraft,149290.8,148213.54,0.8766,0.1851,0,80269.11,1.8599,589.1,1,2,0,3,19247.96,99614.27,52523.38,24,7,1,0,0,8
C00300,2025-01-31,Kisumu,SME_Trade,Self_Employed,F,21,Tier2,83,0,Personal_Loan,345288.84,,,0.206,12,665530.31,0.5188,669.1,1,1,0,0,21551.28,135283.23,100793.63,19,6,2,0,0,9
C00305,2025-01-31,Kiambu,Transport,Micro_Enterprise,F,45,Tier2,35,0,SME_Loan,501799.99,,,0.0996,36,271489.15,1.8483,683.7,2,1,0,2,1364.26,9402.27,7582.83,20,2,2,0,0,17
C00308,2025-01-31,Mombasa,Other,Self_Employed,M,45,Tier2,67,1,SME_Loan,432497.0,,,0.2414,48,28242.95,5.0,727.2,3,0,6,2,38763.29,121994.72,96667.24,22,2,2,0,0,7
C00311,2025-01-31,Kakamega,Construction,Self_Employed,M,50,Tier2,32,0,Overdraft,13340.44,188355.92,0.0,0.1877,0,8210.33,1.6248,525.0,2,2,7,0,3757.17,58720.13,56991.21,15,2,2,0,0,34
C00321,2025-01-31,Nairobi,Salaried,Permanent,M,35,Tier1,78,1,Credit_Card,101307.4,327286.0,0.226,0.2703,0,,,515.9,2,0,0,0,8915.02,68696.37,79295.32,25,10,0,0,0,28
C00324,2025-01-31,Meru,SME_Services,Self_Employed,M,62,Tier2,48,1,Personal_Loan,246070.77,,,0.1998,18,,,721.1,1,1,4,2,20102.32,126098.93,65133.81,13,2,0,0,0,32
C00367,2025-01-31,Kisumu,Salaried,Permanent,F,42,Tier1,35,1,SME_Loan,277763.59,,,0.1963,24,0.0,5.0,705.0,1,0,0,1,15530.34,111171.23,160168.11,35,8,1,0,0,21
C00397,2025-01-31,Uasin Gishu,Salaried,Permanent,F,23,Tier1,32,1,Personal_Loan,544995.51,,,0.3157,18,47978.14,5.0,641.7,1,1,4,2,0.0,0.0,0.0,30,3,2,0,0,7
C00424,2025-01-31,Nakuru,Salaried,Permanent,F,47,Tier1,99,1,SME_Loan,617738.81,,,0.2981,36,,,652.6,2,3,8,0,19378.16,179384.09,57843.04,29,3,1,0,0,7
C00544,2025-01-31,Nairobi,Salaried,Permanent,F,28,Tier2,116,1,Personal_Loan,578956.25,,,0.2574,18,474599.73,1.2199,634.3,2,0,3,2,839.73,32593.09,30191.78,21,6,0,0,0,33
C00569,2025-01-31,Mombasa,Agribusiness,Self_Employed,M,49,Tier2,21,0,SME_Loan,572459.7,,,0.2171,24,325457.12,1.7589,639.4,2,0,0,0,5747.02,37341.47,27471.71,18,1,1,0,0,5
C00600,2025-01-31,Machakos,Salaried,Permanent,F,49,Tier2,13,1,Personal_Loan,460483.28,,,0.2047,18,,,549.4,1,0,3,1,0.0,136547.45,152822.48,19,4,0,0,0,14
C00728,2025-01-31,Mombasa,Agribusiness,Self_Employed,F,24,Tier2,43,0,Personal_Loan,187018.74,,,0.2458,36,603627.29,0.3098,550.6,1,0,7,2,3156.54,14572.15,13729.16,13,6,1,0,0,10
C00733,2025-01-31,Meru,Other,Micro_Enterprise,F,62,Tier2,77,0,Overdraft,0.0,192660.02,0.0,0.1606,0,77640.28,0.05,563.7,1,2,7,1,13344.04,88149.51,90920.7,17,4,0,0,0,24
C00791,2025-01-31,Kisumu,Other,Micro_Enterprise,M,25,Tier3,113,1,Credit_Card,15256.82,30000.0,0.661,0.2554,0,,,546.1,1,0,10,5,35.83,371.32,66.03,23,3,1,0,0,20
C00817,2025-01-31,Nakuru,Salaried,Permanent,F,22,Tier1,69,1,Personal_Loan,229557.86,,,0.1802,18,,,575.7,2,1,0,2,9406.64,100497.67,66096.73,17,8,1,0,0,12
C00839,2025-01-31,Mombasa,Agribusiness,Micro_Enterprise,F,21,Tier2,74,0,Personal_Loan,129996.82,,,0.2042,18,558224.2,0.2329,669.6,1,2,0,2,15412.08,93956.44,47225.96,24,4,3,0,0,23
C00842,2025-01-31,Nairobi,Salaried,Permanent,M,50,Tier2,49,1,Overdraft,21813.93,331955.41,0.0,0.2101,0,127861.89,0.1706,687.9,1,1,2,1,2845.72,9470.8,7810.09,27,3,0,0,0,12
C00952,2025-01-31,Nakuru,Salaried,Permanent,M,34,Tier1,100,1,Overdraft,297770.08,50000.0,1.8,0.1363,0,0.0,5.0,712.1,1,1,13,1,8204.41,58654.96,50616.85,27,6,1,0,0,27
C00973,2025-01-31,Nakuru,SME_Trade,Micro_Enterprise,F,42,Tier2,146,0,Personal_Loan,497576.31,,,0.2965,18,595148.66,0.8361,712.4,1,4,1,1,18148.52,79881.63,56796.58,30,6,2,1,0,26
C00975,2025-01-31,Nakuru,SME_Services,Self_Employed,F,27,Tier3,95,0,SME_Loan,547613.01,,,0.1467,48,0.0,5.0,733.2,1,1,1,3,10910.13,59856.62,51339.22,20,2,3,0,0,16
C00990,2025-01-31,Nakuru,SME_Services,Self_Employed,M,56,Tier3,60,1,Overdraft,156867.85,442722.92,0.3191,0.2162,0,203724.64,0.77,685.0,2,0,5,0,10641.11,40824.65,29032.93,20,3,1,0,0,6
C01026,2025-01-31,Kiambu,Salaried,Contract,F,23,Tier3,100,1,Personal_Loan,353978.34,,,0.1812,18,503269.07,0.7034,679.4,2,2,1,0,8986.93,158555.91,98079.87,26,6,0,0,0,26
C01038,2025-01-31,Nyeri,Salaried,Contract,M,21,Tier1,95,1,Overdraft,0.0,50000.0,0.135,0.2725,0,214232.7,0.05,637.5,1,0,3,1,9474.48,31062.13,25515.0,27,5,3,0,0,21
C01075,2025-01-31,Uasin Gishu,SME_Trade,Micro_Enterprise,M,42,Tier1,100,1,SME_Loan,580711.49,,,0.2224,36,695092.65,0.8354,639.3,1,1,10,2,16311.73,69960.02,68139.18,21,2,1,0,0,25
C01143,2025-01-31,Mombasa,Salaried,Permanent,M,62,Tier2,64,1,Personal_Loan,328182.01,,,0.1957,12,371465.6,0.8835,527.7,2,1,8,1,0.0,0.0,0.0,29,9,2,0,0,25
C01148,2025-01-31,Nairobi,Transport,Self_Employed,F,55,Tier3,100,0,Overdraft,7841.62,466136.49,0.0,0.242,0,,,600.0,2,3,1,2,3777.95,15314.69,18303.32,25,5,1,0,0,24
C01152,2025-01-31,Nairobi,Salaried,Permanent,M,43,Tier1,72,1,SME_Loan,1061315.16,,,0.2453,24,540299.65,1.9643,560.5,1,2,4,0,19597.79,107213.1,130818.3,18,4,0,0,0,34
C01181,2025-01-31,Kisumu,Salaried,Contract,M,48,Tier3,61,1,Overdraft,11884.33,266137.41,0.083,0.3045,0,49306.6,0.241,506.8,1,1,14,4,3143.72,82933.17,112449.62,32,5,0,1,1,212
C01182,2025-01-31,Kisumu,Agribusiness,Self_Employed,F,62,Tier1,35,1,Personal_Loan,390628.23,,,0.1946,36,485393.33,0.8048,749.6,1,2,0,0,28654.3,70348.97,29883.49,24,8,2,0,0,8
C01209,2025-01-31,Nakuru,SME_Trade,Self_Employed,F,33,Tier2,107,1,SME_Loan,962881.13,,,0.3143,48,328161.66,2.9342,673.5,6,0,4,3,37981.88,153406.04,134287.77,12,6,1,0,0,29
C01246,2025-01-31,Nairobi,SME_Trade,Self_Employed,M,65,Tier1,95,0,Personal_Loan,314919.04,,,0.19,36,462960.45,0.6802,628.1,1,1,0,1,1999.12,21785.36,16176.94,20,2,0,0,1,30
C01326,2025-01-31,Uasin Gishu,Agribusiness,Micro_Enterprise,M,29,Tier2,32,0,Overdraft,22959.66,271174.44,0.1286,0.2767,0,122146.71,0.188,501.0,1,0,9,1,10160.72,83531.34,115547.03,20,6,1,1,0,186
C01330,2025-01-31,Nyeri,Agribusiness,Self_Employed,F,36,Tier1,59,0,Personal_Loan,348093.93,,,0.2145,36,846752.99,0.4111,589.9,1,0,15,1,7160.44,29473.04,37049.06,22,4,1,0,0,8
C01355,2025-01-31,Kiambu,SME_Services,Self_Employed,M,30,Tier1,55,0,Overdraft,50553.49,300366.27,0.1032,0.1869,0,,,654.7,1,0,6,1,16402.47,70963.64,66172.15,21,4,1,0,0,20
C01415,2025-01-31,Nairobi,Salaried,Permanent,M,47,Tier2,47,1,Overdraft,158598.71,226874.03,0.8849,0.2332,0,198102.82,0.8006,630.0,1,0,0,0,2561.29,104575.47,109972.77,25,7,0,0,1,16
C01423,2025-01-31,Nakuru,Construction,Self_Employed,M,47,Tier2,38,1,SME_Loan,679046.2,,,0.171,12,625055.65,1.0864,639.0,1,1,0,1,12651.57,74546.36,58943.98,23,3,0,0,0,34
C01433,2025-01-31,Uasin Gishu,Salaried,Permanent,M,28,Tier3,90,1,Overdraft,261778.63,284987.33,0.8584,0.1762,0,160713.27,1.6289,530.1,2,1,9,0,18801.05,119327.96,129782.94,34,8,0,0,0,34
C01456,2025-01-31,Nakuru,SME_Services,Micro_Enterprise,F,23,Tier3,41,1,Personal_Loan,267409.3,,,0.3459,24,392295.29,0.6817,557.2,1,0,5,0,1019.59,32088.0,21974.52,24,6,0,0,0,17
C01472,2025-01-31,Mombasa,Agribusiness,Self_Employed,M,52,Tier2,55,1,Personal_Loan,374993.01,,,0.2642,18,261470.54,1.4342,611.7,2,0,7,3,14585.0,86547.6,128509.9,12,3,1,0,0,20
C01517,2025-01-31,Meru,SME_Trade,Micro_Enterprise,F,42,Tier1,59,1,SME_Loan,720816.23,,,0.1581,12,749968.39,0.9611,656.7,2,1,1,1,24769.36,135973.9,63657.91,17,3,0,0,0,34
C01538,2025-01-31,Kiambu,Construction,Self_Employed,F,25,Tier2,87,1,Personal_Loan,624149.25,,,0.2421,18,126159.96,4.9473,636.5,2,1,4,1,5461.41,27755.79,21530.19,21,0,1,0,0,24
C01591,2025-01-31,Kiambu,Agribusiness,Self_Employed,F,54,Tier2,131,0,Overdraft,0.0,317763.49,0.0745,0.2302,0,,,532.7,1,2,17,1,7501.67,211422.65,262996.93,22,3,1,1,1,193
C01604,2025-01-31,Kisumu,Agribusiness,Self_Employed,F,35,Tier1,109,0,Credit_Card,15799.33,228825.8,0.0144,0.3483,0,,,612.6,1,0,2,5,0.0,9830.89,10922.75,17,3,1,0,0,16
C01614,2025-01-31,Mombasa,SME_Services,Self_Employed,M,52,Tier1,109,1,Personal_Loan,206559.16,,,0.2643,12,445142.76,0.464,638.4,2,0,3,3,18251.97,81192.42,68565.18,17,1,2,0,0,9
C01627,2025-01-31,Nairobi,SME_Services,Self_Employed,F,47,Tier3,106,0,Credit_Card,36324.9,216174.54,0.2691,0.3128,0,,,631.6,1,0,6,2,3824.14,54900.82,38204.2,17,2,3,0,0,32
C01629,2025-01-31,Kiambu,SME_Trade,Micro_Enterprise,F,38,Tier2,114,0,Personal_Loan,821191.56,,,0.2719,18,659398.71,1.2454,621.4,2,1,0,2,38245.75,113209.19,97901.35,29,4,0,0,0,19
C01633,2025-01-31,Mombasa,Salaried,Permanent,M,25,Tier3,85,1,Overdraft,32895.84,447050.83,0.1422,0.1747,0,234397.29,0.1403,602.0,3,1,2,2,14466.87,75526.52,60240.42,30,8,1,0,0,27
C01702,2025-01-31,Nyeri,Construction,Micro_Enterprise,M,29,Tier1,43,0,SME_Loan,587698.24,,,0.2119,12,399925.62,1.4695,652.0,2,0,0,0,4802.9,38391.38,45970.57,22,4,0,0,0,28
C01732,2025-01-31,Nyeri,Salaried,Permanent,M,61,Tier1,77,1,Personal_Loan,323640.18,,,0.2251,18,223150.16,1.4503,707.3,2,1,5,3,8423.72,75509.21,58982.8,31,2,1,0,0,7
C01780,2025-01-31,Kakamega,SME_Trade,Micro_Enterprise,M,51,Tier2,62,0,Overdraft,208776.68,424882.45,0.4096,0.1998,0,58566.51,3.5648,780.4,1,1,0,0,2242.3,25956.84,22629.91,19,4,2,0,0,16
C01781,2025-01-31,Nairobi,Agribusiness,Self_Employed,F,23,Tier2,147,0,Credit_Card,203285.22,209555.89,0.7988,0.2528,0,,,656.2,1,1,1,0,0.0,1576.11,1623.65,21,3,1,0,0,12
C01790,2025-01-31,Kakamega,Hospitality,Self_Employed,F,54,Tier2,42,0,Personal_Loan,538385.31,,,0.2791,24,654949.7,0.822,758.1,1,0,0,0,11937.57,59519.04,49427.41,20,4,1,0,0,27
C01792,2025-01-31,Nairobi,SME_Trade,Micro_Enterprise,M,60,Tier1,120,0,Overdraft,123305.01,282507.51,0.4686,0.2673,0,176663.58,0.698,549.6,1,1,21,2,18718.72,103418.94,103691.75,24,7,0,1,1,173
C01832,2025-01-31,Meru,SME_Trade,Self_Employed,M,63,Tier3,93,0,Overdraft,89436.6,415648.39,0.1452,0.1887,0,79430.88,1.126,680.3,2,0,2,1,687.26,30486.67,32192.29,21,1,2,0,0,15
C01947,2025-01-31,Nairobi,SME_Trade,Self_Employed,F,28,Tier2,54,0,Credit_Card,67100.54,303941.37,0.1465,0.3854,0,,,629.4,1,0,0,2,26257.34,130943.92,107859.27,19,6,0,0,0,203
C01972,2025-01-31,Nairobi,Salaried,Permanent,M,62,Tier1,75,1,Overdraft,155855.9,391335.96,0.4503,0.2426,0,104097.94,1.4972,651.0,1,1,3,3,12408.81,98035.04,99754.82,30,3,1,0,0,6
C01973,2025-01-31,Nakuru,Salaried,Contract,M,51,Tier2,150,1,Credit_Card,38840.12,200536.25,0.1384,0.2977,0,,,653.7,1,2,0,0,25021.6,164999.27,183365.62,18,2,0,0,0,7
C02032,2025-01-31,Nairobi,SME_Services,Self_Employed,M,28,Tier3,114,0,Overdraft,27404.0,285804.83,0.0099,0.2637,0,104784.47,0.2615,710.6,2,2,5,3,11716.92,47203.17,52051.81,28,2,0,0,0,14
C02108,2025-01-31,Nairobi,Agribusiness,Micro_Enterprise,F,27,Tier2,145,0,Personal_Loan,343617.84,,,0.2287,24,674889.4,0.5091,680.1,1,0,0,1,6852.37,29092.86,25572.71,19,4,2,0,0,16
C02121,2025-01-31,Nairobi,SME_Trade,Micro_Enterprise,F,55,Tier3,104,0,Overdraft,65933.54,265854.02,0.2777,0.1244,0,0.0,5.0,658.4,2,1,6,1,5259.01,29548.79,24511.39,19,3,3,0,0,14
C02135,2025-01-31,Nairobi,Construction,Self_Employed,M,40,Tier2,77,1,SME_Loan,850316.33,,,0.2302,36,,,531.8,2,0,0,0,7774.11,74885.27,42627.02,14,3,0,0,0,9
C02136,2025-01-31,Machakos,Salaried,Permanent,F,51,Tier2,73,1,Overdraft,174262.03,193246.92,0.9497,0.235,0,,,636.0,1,1,3,1,15.39,94.22,114.32,15,4,1,0,0,26
C02262,2025-01-31,Nakuru,Construction,Micro_Enterprise,F,65,Tier3,76,0,Personal_Loan,307616.85,,,0.2488,36,367866.8,0.8362,537.0,2,2,0,0,7383.71,33355.77,22659.04,19,1,1,0,0,22
C02281,2025-01-31,Nairobi,Salaried,Permanent,M,55,Tier2,101,1,SME_Loan,349122.77,,,0.2438,12,,,604.1,4,1,0,3,6537.89,65570.17,58374.51,28,8,0,0,0,33
C02316,2025-01-31,Kakamega,Salaried,Permanent,M,21,Tier2,116,1,SME_Loan,498320.3,,,0.1951,24,326229.98,1.5275,590.9,3,0,0,1,29352.35,137174.3,76419.52,30,10,2,0,0,29
C02346,2025-01-31,Kakamega,Transport,Micro_Enterprise,F,32,Tier1,95,0,Credit_Card,34110.53,191511.09,0.2369,0.2997,0,,,479.7,1,0,14,1,4972.38,50983.8,39766.67,17,3,0,1,0,155
C02350,2025-01-31,Uasin Gishu,SME_Trade,Micro_Enterprise,M,43,Tier2,99,1,Overdraft,53587.69,107845.91,0.4727,0.2019,0,10407.48,5.0,579.0,1,1,0,1,3053.91,27632.78,20330.06,17,7,3,0,0,9
C02377,2025-01-31,Nyeri,Salaried,Permanent,M,59,Tier2,13,1,SME_Loan,816763.73,,,0.1001,36,671990.32,1.2154,581.8,4,1,6,2,0.0,0.0,0.0,23,3,0,0,0,6
C02398,2025-01-31,Mombasa,Salaried,Contract,M,34,Tier3,133,1,Personal_Loan,224605.22,,,0.2881,12,1364223.32,0.1646,566.4,1,0,2,2,10134.73,77530.51,92642.82,39,5,3,0,0,14
C02448,2025-01-31,Meru,Salaried,Contract,M,50,Tier1,140,1,Personal_Loan,441111.25,,,0.2388,18,302117.92,1.4601,627.1,4,1,11,1,30110.07,206011.54,174162.52,27,6,1,0,0,30
C02462,2025-01-31,Machakos,Agribusiness,Micro_Enterprise,F,30,Tier2,52,0,Overdraft,92293.7,281675.32,0.3415,0.224,0,69815.56,1.322,588.2,3,1,11,1,16023.99,54082.5,44971.09,23,10,1,0,0,27
C02463,2025-01-31,Kisumu,Salaried,Contract,F,42,Tier1,115,1,SME_Loan,757682.68,,,0.193,36,202182.31,3.7475,694.2,1,0,0,0,2710.12,91454.7,53102.77,33,6,0,0,0,33
C02491,2025-01-31,Nakuru,Transport,Micro_Enterprise,M,36,Tier2,20,0,Personal_Loan,84587.66,,,0.1386,12,381658.19,0.2216,588.4,1,0,4,3,27276.88,127784.86,65530.19,18,2,2,0,0,9
C02521,2025-01-31,Nairobi,Salaried,Permanent,M,40,Tier1,65,1,Overdraft,262990.65,232733.88,1.2342,0.22,0,70040.9,3.7548,539.4,1,0,2,3,10145.66,62712.33,44349.01,30,5,3,0,0,21
C02563,2025-01-31,Kiambu,SME_Services,Micro_Enterprise,F,51,Tier2,64,0,Overdraft,103117.31,140243.46,0.8162,0.3216,0,11896.86,5.0,743.2,1,1,0,0,10340.92,42724.23,42695.98,20,3,0,0,0,15
C02581,2025-01-31,Nyeri,SME_Services,Self_Employed,F,38,Tier1,79,1,Personal_Loan,366187.6,,,0.2831,18,170765.59,2.1444,626.3,1,1,9,5,13929.81,71334.11,66082.38,24,4,1,0,0,5
C02600,2025-01-31,Kiambu,Other,Self_Employed,M,38,Tier2,150,1,SME_Loan,194165.76,,,0.2753,24,376928.86,0.5151,706.0,4,1,19,3,10050.9,35857.86,36275.97,14,5,0,0,0,10
C02635,2025-01-31,Nairobi,Salaried,Permanent,M,24,Tier2,25,1,Overdraft,179355.68,219438.51,0.8067,0.2078,0,47844.62,3.7487,680.2,3,1,2,3,20186.66,110084.04,83713.17,26,7,1,0,0,15
C02696,2025-01-31,Nairobi,Salaried,Permanent,F,37,Tier1,90,1,SME_Loan,299293.14,,,0.2184,48,,,609.7,2,1,0,0,12393.83,52577.2,50756.86,23,6,1,1,0,22
C02714,2025-01-31,Kiambu,Salaried,Contract,M,44,Tier2,86,1,Personal_Loan,388516.21,,,0.2069,12,0.0,5.0,553.5,5,1,31,4,19046.08,168012.11,225148.65,22,8,1,1,0,235
C02747,2025-01-31,Nairobi,Salaried,Permanent,M,31,Tier1,86,1,SME_Loan,550626.05,,,0.1728,36,166814.54,3.3008,494.5,2,0,0,1,0.0,104056.09,98880.13,31,7,0,0,0,31
C02774,2025-01-31,Kisumu,Salaried,Permanent,M,52,Tier1,54,1,Personal_Loan,201398.24,,,0.1581,36,119174.97,1.6899,648.9,1,1,6,3,0.0,199472.53,227487.88,21,9,3,0,1,17
C02804,2025-01-31,Kiambu,Salaried,Permanent,M,23,Tier2,47,1,Personal_Loan,394909.89,,,0.3183,12,105899.59,3.7291,655.2,1,0,5,1,3092.57,38714.67,32228.13,25,3,1,0,0,6
C02806,2025-01-31,Uasin Gishu,SME_Trade,Micro_Enterprise,M,64,Tier3,114,0,Overdraft,90856.99,50000.0,1.8,0.1977,0,190790.34,0.4762,522.8,3,1,0,1,28001.9,135734.91,110879.82,26,6,2,0,0,33
C02878,2025-01-31,Kiambu,Other,Self_Employed,F,63,Tier1,76,0,Personal_Loan,317521.93,,,0.2464,24,161340.14,1.968,581.9,1,1,0,1,8768.53,21438.6,13379.3,11,3,2,0,1,9
C02936,2025-01-31,Kakamega,Transport,Self_Employed,F,31,Tier1,124,0,Personal_Loan,72200.73,,,0.1886,12,,,800.2,1,1,11,3,13966.59,108350.31,99882.6,15,4,0,0,0,23
C02950,2025-01-31,Nairobi,Transport,Self_Employed,M,44,Tier2,97,0,Personal_Loan,278072.56,,,0.2588,24,171755.43,1.619,720.9,1,1,0,0,32866.22,152178.96,192244.09,13,3,0,0,0,31
C02982,2025-01-31,Nairobi,Salaried,Contract,M,23,Tier1,60,1,Overdraft,41619.76,288285.3,0.1392,0.2401,0,100021.94,0.4161,626.0,3,0,0,0,0.0,0.0,0.0,23,7,2,1,0,14
C03002,2025-01-31,Nairobi,Salaried,Permanent,M,51,Tier3,95,1,Overdraft,61080.01,373537.41,0.2523,0.2111,0,142750.06,0.4279,631.4,1,1,7,3,17117.59,124490.45,126814.25,27,8,0,0,0,21
C03083,2025-01-31,Nairobi,SME_Services,Self_Employed,M,33,Tier3,16,0,Credit_Card,92594.94,139223.83,0.4317,0.2256,0,,,551.7,2,0,0,3,0.0,0.0,0.0,22,4,1,0,0,30
C03094,2025-01-31,Mombasa,SME_Trade,Self_Employed,F,31,Tier1,87,0,Personal_Loan,420447.55,,,0.2132,12,493948.53,0.8512,638.4,1,0,6,1,42576.43,119348.86,148954.53,24,5,1,0,0,7
C03127,2025-01-31,Kiambu,Transport,Micro_Enterprise,F,58,Tier1,98,0,Personal_Loan,399489.39,,,0.1688,12,0.0,5.0,666.7,1,1,2,0,11441.11,47219.14,41892.29,18,2,1,0,0,30
C03162,2025-01-31,Nakuru,Construction,Micro_Enterprise,M,61,Tier2,47,1,Personal_Loan,325027.79,,,0.1924,36,0.0,5.0,606.0,1,0,5,0,18930.97,117385.9,163954.52,19,1,1,0,0,7
C03163,2025-01-31,Uasin Gishu,Hospitality,Micro_Enterprise,F,28,Tier3,92,0,Overdraft,60655.88,167426.84,0.3668,0.3189,0,297174.57,0.2041,617.8,4,1,0,1,11511.21,63936.51,72101.67,25,6,0,0,0,6
C03239,2025-01-31,Machakos,Hospitality,Self_Employed,M,60,Tier2,137,0,Overdraft,230513.14,349565.4,0.7173,0.2161,0,,,541.0,2,0,14,2,12102.4,64819.91,70766.65,15,5,0,0,0,19
C03255,2025-01-31,Kiambu,Salaried,Permanent,F,31,Tier2,96,1,Personal_Loan,485411.18,,,0.1712,36,365969.8,1.3264,580.7,2,1,0,0,11153.13,78463.4,101273.03,33,6,1,0,0,7
C03284,2025-01-31,Kakamega,Salaried,Contract,M,25,Tier3,32,1,Personal_Loan,322410.02,,,0.2605,12,679472.16,0.4745,698.3,1,2,2,4,11420.26,78711.42,63226.57,37,9,2,0,0,13
C03294,2025-01-31,Nyeri,Salaried,Permanent,F,34,Tier2,61,1,Personal_Loan,382780.68,,,0.2609,36,0.0,5.0,657.3,1,1,5,3,9246.11,106073.96,112561.43,21,9,0,0,0,13
C03318,2025-01-31,Kisumu,Other,Self_Employed,F,38,Tier2,32,0,SME_Loan,711426.04,,,0.1748,36,565266.58,1.2586,632.1,2,1,2,2,8249.11,72623.23,100847.53,18,3,1,1,1,203
C03345,2025-01-31,Nairobi,SME_Trade,Micro_Enterprise,M,45,Tier1,117,1,SME_Loan,578786.07,,,0.2299,24,586445.62,0.9869,720.9,2,0,4,3,3014.02,9865.87,13209.5,26,3,4,0,0,14
C03355,2025-01-31,Kiambu,SME_Services,Self_Employed,M,64,Tier1,37,0,Personal_Loan,456434.31,,,0.2732,12,336803.16,1.3552,507.3,2,1,18,1,1832.57,32245.72,30357.15,13,6,0,0,0,25
C03358,2025-01-31,Machakos,Salaried,Permanent,F,60,Tier2,88,1,SME_Loan,589917.4,,,0.2119,36,0.0,5.0,736.5,2,1,1,0,6399.95,26920.98,25355.84,28,3,3,0,0,16
C03428,2025-01-31,Kiambu,Construction,Self_Employed,F,60,Tier1,17,0,Overdraft,67227.48,224289.72,0.4457,0.2852,0,220091.27,0.3055,727.6,1,1,0,0,1551.59,16224.7,11298.19,23,7,0,0,0,32
C03449,2025-01-31,Nairobi,SME_Trade,Micro_Enterprise,M,48,Tier2,74,0,Personal_Loan,536446.22,,,0.2148,36,172222.3,3.1148,630.6,1,1,7,4,13291.82,64943.43,85894.15,20,3,2,0,0,9
C00036,2025-03-02,Nairobi,Salaried,Permanent,M,23,Tier1,115,1,Personal_Loan,399409.48,,,0.2764,18,0.0,5.0,657.4,3,0,0,4,19937.34,80001.97,108590.2,22,8,1,0,0,9
C00044,2025-03-02,Kiambu,Agribusiness,Micro_Enterprise,M,36,Tier1,72,0,Personal_Loan,187449.54,,,0.1419,36,105762.83,1.7724,708.9,1,1,0,1,615.29,18619.32,15715.49,13,0,1,0,0,29
C00051,2025-03-02,Nakuru,Salaried,Permanent,M,55,Tier2,103,1,SME_Loan,612321.48,,,0.1605,24,321113.46,1.9069,687.0,2,1,22,3,13181.98,47407.83,43503.32,27,8,0,0,0,10
C00107,2025-03-02,Uasin Gishu,Construction,Micro_Enterprise,F,56,Tier2,109,0,SME_Loan,1061212.32,,,0.2322,12,416026.03,2.5508,578.4,1,0,10,1,2431.41,23673.62,15589.28,20,5,1,0,0,27
C00139,2025-03-02,Kisumu,Agribusiness,Micro_Enterprise,M,36,Tier3,140,0,Personal_Loan,391164.86,,,0.2182,18,,,644.9,1,1,7,1,15775.91,53619.07,37586.16,18,4,2,0,0,236
C00175,2025-03-02,Kakamega,SME_Trade,Self_Employed,F,52,Tier2,113,0,Personal_Loan,266332.12,,,0.3023,12,357291.77,0.7454,692.8,1,0,0,0,13382.18,76414.9,50466.39,21,2,1,0,0,18
C00200,2025-03-02,Kisumu,Salaried,Permanent,M,64,Tier2,98,1,Credit_Card,0.0,212143.75,0.0504,0.2697,0,,,698.6,1,0,0,2,572.73,10532.43,10052.74,28,9,1,1,0,26
C00276,2025-03-02,Kakamega,SME_Trade,Self_Employed,F,42,Tier3,117,0,SME_Loan,717808.31,,,0.1818,36,85864.97,5.0,655.2,1,1,0,0,0.0,27282.33,20156.1,25,2,1,0,0,33
C00278,2025-03-02,Nairobi,Transport,Self_Employed,F,56,Tier3,39,1,Personal_Loan,443659.77,,,0.2845,18,782599.51,0.5669,610.8,1,1,0,0,8210.91,66405.6,33087.58,25,4,0,0,0,7
C00285,2025-03-02,Meru,SME_Trade,Self_Employed,F,40,Tier2,81,1,SME_Loan,773995.05,,,0.2276,36,339948.56,2.2768,672.8,2,1,14,2,0.0,0.0,0.0,18,3,1,0,0,16
C00291,2025-03-02,Nyeri,Salaried,Permanent,F,57,Tier3,64,1,Overdraft,165078.28,148213.54,1.0073,0.1851,0,80269.11,2.0566,588.6,1,2,0,3,0.0,16726.87,10183.65,26,6,2,0,0,7
C00297,2025-03-02,Nyeri,Salaried,Contract,F,59,Tier2,73,1,Personal_Loan,347402.66,,,0.2826,18,56465.5,5.0,635.4,1,1,4,3,16261.19,82149.49,74194.76,20,4,2,0,0,24
C00300,2025-03-02,Kisumu,SME_Trade,Self_Employed,F,21,Tier2,113,0,Personal_Loan,362732.36,,,0.206,12,,,679.6,1,1,2,1,784.11,4550.64,4815.1,23,1,1,1,0,124
C00308,2025-03-02,Mombasa,Other,Self_Employed,M,45,Tier2,97,1,SME_Loan,377750.15,,,0.2414,48,28242.95,5.0,716.6,3,0,11,3,8425.56,47216.17,43678.43,18,3,2,0,0,30
C00311,2025-03-02,Kakamega,Construction,Self_Employed,M,50,Tier2,62,0,Overdraft,29902.15,188355.92,0.0708,0.1877,0,,,516.9,2,2,11,0,0.0,25360.22,17375.93,14,2,0,0,0,155
C00397,2025-03-02,Uasin Gishu,Salaried,Permanent,F,23,Tier1,62,1,Personal_Loan,498418.95,,,0.3157,18,47978.14,5.0,629.8,1,1,0,2,7989.37,44808.22,33813.55,20,3,0,0,1,32
C00424,2025-03-02,Nakuru,Salaried,Permanent,F,47,Tier1,129,1,SME_Loan,592545.95,,,0.2981,36,,,647.6,2,3,11,0,20161.42,73133.24,82630.6,20,7,1,0,0,20
C00436,2025-03-02,Nairobi,Other,Self_Employed,F,26,Tier1,177,0,SME_Loan,325970.13,,,0.2058,48,613679.82,0.5312,604.6,2,0,1,2,213.78,2236.84,2132.27,26,6,2,0,0,30
C00494,2025-03-02,Kakamega,Salaried,Permanent,F,48,Tier1,71,1,Overdraft,1909.78,217151.26,0.0,0.2266,0,182263.55,0.05,469.2,1,5,13,0,707.72,22107.48,22123.45,19,4,0,0,0,159
C00621,2025-03-02,Uasin Gishu,Construction,Micro_Enterprise,M,40,Tier2,37,1,Overdraft,184693.53,147071.67,1.2381,0.1903,0,73816.08,2.5021,526.1,1,0,3,3,10511.43,47481.21,63113.61,14,4,0,0,0,227
C00640,2025-03-02,Nairobi,Salaried,Permanent,F,63,Tier2,165,1,Personal_Loan,410920.89,,,0.1958,24,284697.64,1.4434,601.0,1,0,0,0,40518.47,107332.12,119985.86,29,9,0,0,0,9
C00656,2025-03-02,Kakamega,SME_Services,Micro_Enterprise,F,44,Tier2,137,1,Personal_Loan,250388.67,,,0.2372,24,538245.97,0.4652,507.5,1,0,0,3,6274.96,42493.9,46859.47,14,3,1,0,0,22
C00662,2025-03-02,Nairobi,Salaried,Permanent,M,54,Tier2,89,1,Personal_Loan,374775.72,,,0.2483,12,0.0,5.0,500.2,1,3,17,2,29651.87,110833.61,94299.05,28,8,1,0,0,7
C00737,2025-03-02,Nairobi,SME_Services,Micro_Enterprise,M,53,Tier2,30,0,Personal_Loan,91107.19,,,0.2614,12,282700.28,0.3223,556.9,1,1,3,0,24603.23,118519.44,105329.2,23,3,1,0,0,31
C00784,2025-03-02,Nairobi,SME_Trade,Self_Employed,F,26,Tier3,56,0,Overdraft,155200.65,308564.02,0.4001,0.1721,0,178760.82,0.8682,654.8,2,1,8,3,0.0,102664.36,109817.34,20,3,1,0,0,8
C00799,2025-03-02,Nairobi,SME_Trade,Micro_Enterprise,F,35,Tier1,116,1,Personal_Loan,201152.41,,,0.2185,24,508532.98,0.3956,727.4,1,1,1,4,20394.35,165918.15,186371.35,16,5,0,0,0,7
C00817,2025-03-02,Nakuru,Salaried,Permanent,F,22,Tier1,99,1,Personal_Loan,227549.21,,,0.1802,18,427318.48,0.5325,564.1,2,1,0,1,23652.0,89137.33,106995.72,20,4,0,0,0,22
C00842,2025-03-02,Nairobi,Salaried,Permanent,M,50,Tier2,79,1,Overdraft,0.0,331955.41,0.0657,0.2101,0,127861.89,0.05,689.4,1,1,0,1,8236.31,41658.94,25788.82,23,2,0,0,0,31
C00844,2025-03-02,Uasin Gishu,SME_Services,Micro_Enterprise,F,22,Tier1,40,0,Credit_Card,174084.7,160398.23,0.8536,0.2611,0,,,655.6,1,4,6,0,0.0,40790.18,47665.45,17,8,2,0,0,21
C00873,2025-03-02,Kiambu,Hospitality,Self_Employed,F,26,Tier2,76,0,Credit_Card,98184.73,133342.41,0.7544,0.3511,0,,,641.1,1,1,0,0,0.0,0.0,0.0,18,3,0,0,0,18
C00952,2025-03-02,Nakuru,Salaried,Permanent,M,34,Tier1,130,1,Overdraft,312760.35,50000.0,1.8,0.1363,0,,,699.7,1,1,19,1,0.0,63015.02,64216.5,30,7,1,0,0,21
C01026,2025-03-02,Kiambu,Salaried,Contract,F,23,Tier3,130,1,Personal_Loan,321813.64,,,0.1812,18,503269.07,0.6394,667.8,2,2,0,0,11264.23,189330.43,136582.46,23,5,0,0,0,6
C01030,2025-03-02,Nairobi,Transport,Self_Employed,F,36,Tier1,113,0,SME_Loan,990448.01,,,0.1683,48,842927.76,1.175,579.6,3,1,7,2,8964.62,83290.69,114971.12,14,4,2,0,0,32
C01033,2025-03-02,Mombasa,SME_Services,Micro_Enterprise,M,53,Tier1,113,0,Personal_Loan,540379.76,,,0.2267,24,441874.31,1.2229,714.6,4,0,0,2,20571.57,129066.68,139519.58,18,3,1,0,0,31
C01038,2025-03-02,Nyeri,Salaried,Contract,M,21,Tier1,125,1,Overdraft,0.0,50000.0,0.0,0.2725,0,214232.7,0.05,638.8,1,0,3,1,0.0,0.0,0.0,21,12,0,0,0,16
C01045,2025-03-02,Nairobi,Salaried,Permanent,M,52,Tier2,132,1,SME_Loan,987276.91,,,0.1997,12,433260.89,2.2787,472.1,2,0,0,0,0.0,100609.14,61103.21,22,7,2,0,0,6
C01075,2025-03-02,Uasin Gishu,SME_Trade,Micro_Enterprise,M,42,Tier1,130,1,SME_Loan,538795.53,,,0.2224,36,695092.65,0.7751,632.0,1,1,15,3,44263.76,275903.67,281218.59,21,1,1,0,0,28
C01099,2025-03-02,Nakuru,Salaried,Permanent,M,22,Tier1,119,1,Personal_Loan,300665.03,,,0.1667,12,,,524.9,1,1,10,0,16983.22,181935.45,104718.12,22,7,1,0,0,26
C01103,2025-03-02,Machakos,Salaried,Permanent,M,62,Tier1,112,1,SME_Loan,467525.41,,,0.227,24,367312.53,1.2728,560.2,2,1,1,1,11901.84,71922.59,65218.51,23,6,0,0,0,25
C01137,2025-03-02,Nairobi,Agribusiness,Self_Employed,F,53,Tier2,56,0,Overdraft,226942.51,168532.11,1.3633,0.2656,0,10517.78,5.0,549.9,1,2,12,2,4559.97,52925.75,40842.84,26,3,2,0,0,15
C01140,2025-03-02,Nairobi,Hospitality,Micro_Enterprise,F,45,Tier2,114,0,Credit_Card,9643.03,152453.26,0.15,0.2738,0,,,673.8,1,1,3,0,22717.39,83424.78,80703.41,20,3,1,0,0,17
C01148,2025-03-02,Nairobi,Transport,Self_Employed,F,55,Tier3,130,0,Overdraft,24395.1,466136.49,0.0168,0.242,0,0.0,5.0,594.7,2,3,2,2,1230.72,5174.31,5377.51,16,2,3,0,0,24
C01181,2025-03-02,Kisumu,Salaried,Contract,M,48,Tier3,91,1,Overdraft,31893.83,266137.41,0.0447,0.3045,0,49306.6,0.6468,493.9,1,1,18,4,7918.21,65225.09,84159.09,25,9,0,1,0,175
C01240,2025-03-02,Nyeri,Salaried,Contract,M,22,Tier2,130,1,Personal_Loan,210163.63,,,0.2567,18,,,662.4,1,0,7,4,8805.05,92728.1,120438.51,27,8,0,1,0,16
C01283,2025-03-02,Kiambu,Agribusiness,Self_Employed,F,38,Tier2,137,0,SME_Loan,228509.3,,,0.0931,36,648885.52,0.3522,583.7,3,2,8,2,205.7,2985.8,3773.42,16,2,1,0,0,8
C01296,2025-03-02,Meru,SME_Trade,Micro_Enterprise,M,44,Tier3,125,0,Credit_Card,4160.66,144401.85,0.1503,0.2615,0,,,701.0,1,2,1,0,32889.91,124647.29,114551.62,18,4,0,0,0,16
C01297,2025-03-02,Nairobi,SME_Services,Micro_Enterprise,M,32,Tier1,75,0,SME_Loan,602542.29,,,0.1434,24,,,682.7,1,2,5,2,0.0,0.0,0.0,15,2,1,0,0,14
C01326,2025-03-02,Uasin Gishu,Agribusiness,Micro_Enterprise,M,29,Tier2,62,0,Overdraft,21484.0,271174.44,0.0847,0.2767,0,,,488.3,1,0,9,1,35821.34,139964.43,112824.02,16,4,2,1,0,30
C01337,2025-03-02,Nairobi,Agribusiness,Self_Employed,F,49,Tier2,79,0,Personal_Loan,427789.78,,,0.2491,24,200746.26,2.131,585.1,1,0,6,2,7420.91,26991.72,41083.84,23,3,1,0,0,16
C01423,2025-03-02,Nakuru,Construction,Self_Employed,M,47,Tier2,68,1,SME_Loan,707127.67,,,0.171,12,625055.65,1.1313,648.3,1,1,0,1,1465.0,4941.88,4916.2,16,2,1,0,0,17
C01433,2025-03-02,Uasin Gishu,Salaried,Permanent,M,28,Tier3,120,1,Overdraft,262386.92,284987.33,0.9186,0.1762,0,160713.27,1.6326,528.7,2,1,12,1,7783.79,130984.09,150544.15,31,12,0,0,1,145
C01456,2025-03-02,Nakuru,SME_Services,Micro_Enterprise,F,23,Tier3,71,1,Personal_Loan,256134.16,,,0.3459,24,392295.29,0.6529,542.2,1,0,8,0,3071.77,46323.83,34354.06,21,2,1,0,0,11
C01480,2025-03-02,Nakuru,Salaried,Contract,M,39,Tier2,114,1,SME_Loan,552417.51,,,0.2396,24,,,570.4,2,1,2,3,4172.81,101563.93,107547.55,27,3,0,1,0,14
C01485,2025-03-02,Nairobi,Transport,Micro_Enterprise,F,39,Tier2,175,0,Personal_Loan,359192.09,,,0.1863,36,914545.17,0.3928,680.5,1,1,21,0,0.0,0.0,0.0,13,4,2,0,0,7
C01514,2025-03-02,Kiambu,Salaried,Permanent,M,35,Tier2,78,1,SME_Loan,740009.67,,,0.1958,36,,,591.1,2,1,0,1,37332.88,132117.49,109292.06,24,6,1,0,0,33
C01581,2025-03-02,Nakuru,SME_Trade,Self_Employed,M,34,Tier2,4,1,SME_Loan,378109.67,,,0.1474,24,1064098.52,0.3553,601.3,4,0,5,2,6828.81,59938.8,65949.15,11,4,0,0,0,14
C01604,2025-03-02,Kisumu,Agribusiness,Self_Employed,F,35,Tier1,139,0,Credit_Card,43818.73,228825.8,0.069,0.3483,0,,,608.3,1,0,0,4,4117.65,22719.75,13852.69,20,3,4,1,0,20
C01622,2025-03-02,Nakuru,Salaried,Permanent,F,21,Tier2,160,1,SME_Loan,386438.61,,,0.1653,24,867205.63,0.4456,762.6,1,0,9,3,8052.29,25287.53,27479.59,34,7,1,0,0,29
C01629,2025-03-02,Kiambu,SME_Trade,Micro_Enterprise,F,38,Tier2,144,0,Personal_Loan,776833.61,,,0.2719,18,659398.71,1.1781,622.2,2,1,0,2,6257.29,135083.12,113744.62,20,7,1,0,0,14
C01702,2025-03-02,Nyeri,Construction,Micro_Enterprise,M,29,Tier1,73,0,SME_Loan,654033.91,,,0.2119,12,,,652.6,2,0,0,0,4646.09,31801.25,36519.32,21,6,0,0,0,33
C01743,2025-03-02,Kakamega,Hospitality,Self_Employed,M,41,Tier2,60,0,Personal_Loan,546068.26,,,0.2643,24,799525.59,0.683,509.2,1,2,11,2,6733.16,28734.22,33062.48,15,2,0,0,0,29
C01781,2025-03-02,Nairobi,Agribusiness,Self_Employed,F,23,Tier2,177,0,Credit_Card,231367.91,209555.89,0.9701,0.2528,0,,,650.0,1,1,0,0,2049.67,13980.33,14694.8,14,1,1,0,0,19
C01790,2025-03-02,Kakamega,Hospitality,Self_Employed,F,54,Tier2,72,0,Personal_Loan,584956.73,,,0.2791,24,654949.7,0.8931,751.2,1,0,0,0,0.0,7468.54,6835.89,19,2,1,0,0,24
C01792,2025-03-02,Nairobi,SME_Trade,Micro_Enterprise,M,60,Tier1,150,0,Overdraft,119822.7,282507.51,0.4365,0.2673,0,176663.58,0.6783,552.4,1,1,23,2,15458.33,80362.4,95626.19,19,7,0,0,0,13
C01898,2025-03-02,Machakos,Transport,Micro_Enterprise,F,60,Tier2,66,0,Personal_Loan,148260.88,,,0.1766,24,,,691.1,2,1,0,1,1979.29,7118.41,5493.43,13,3,0,0,0,29
C01947,2025-03-02,Nairobi,SME_Trade,Self_Employed,F,28,Tier2,84,0,Credit_Card,54430.55,303941.37,0.2208,0.3854,0,,,632.3,1,0,0,2,28462.86,99777.91,94410.42,18,2,2,0,0,28
C02001,2025-03-02,Nakuru,Salaried,Permanent,F,60,Tier2,101,1,Personal_Loan,522965.13,,,0.2679,12,412043.81,1.2692,838.2,1,1,6,2,5373.85,43864.42,34982.95,30,4,1,0,0,31
C02032,2025-03-02,Nairobi,SME_Services,Self_Employed,M,28,Tier3,144,0,Overdraft,43369.72,285804.83,0.0959,0.2637,0,104784.47,0.4139,693.6,2,2,11,3,15889.05,96282.07,105833.44,16,5,2,0,0,13
C02042,2025-03-02,Nairobi,Transport,Self_Employed,F,61,Tier1,151,1,SME_Loan,665100.21,,,0.2268,24,693223.81,0.9594,681.3,1,2,6,1,270.47,5019.69,5452.67,13,2,0,0,0,32
C02092,2025-03-02,Nairobi,SME_Services,Self_Employed,M,35,Tier2,33,0,SME_Loan,696560.87,,,0.1909,12,199275.81,3.4955,597.2,3,0,3,1,2989.14,130938.85,132911.95,14,5,1,0,0,13
C02106,2025-03-02,Mombasa,Salaried,Permanent,F,33,Tier2,62,1,Personal_Loan,292933.04,,,0.1786,12,289408.86,1.0122,570.9,1,2,2,1,1955.26,34331.38,34201.46,27,4,0,0,0,28
C02108,2025-03-02,Nairobi,Agribusiness,Micro_Enterprise,F,27,Tier2,175,0,Personal_Loan,341066.17,,,0.2287,24,674889.4,0.5054,680.6,1,0,0,1,3714.98,20260.22,10934.52,24,5,0,0,0,15
C02136,2025-03-02,Machakos,Salaried,Permanent,F,51,Tier2,103,1,Overdraft,164565.95,193246.92,0.9018,0.235,0,157144.89,1.0472,631.9,1,1,3,1,8990.57,58818.83,59993.09,28,4,0,0,0,7
C02181,2025-03-02,Meru,Salaried,Permanent,M,52,Tier2,74,1,Personal_Loan,359531.54,,,0.2731,36,,,609.5,1,2,4,3,28686.34,166213.35,168722.61,40,6,0,0,0,10
C02217,2025-03-02,Nairobi,SME_Trade,Self_Employed,M,41,Tier3,77,1,SME_Loan,838439.43,,,0.2162,24,291088.92,2.8804,712.7,2,1,6,1,0.0,54064.44,58165.84,25,3,3,0,0,18
C02242,2025-03-02,Nyeri,Agribusiness,Micro_Enterprise,F,50,Tier1,140,1,Personal_Loan,212339.98,,,0.1683,36,728931.42,0.2913,678.0,1,1,7,4,8366.84,53700.57,53246.42,14,4,0,0,0,22
C02246,2025-03-02,Machakos,Transport,Micro_Enterprise,F,58,Tier1,29,0,Personal_Loan,439980.83,,,0.1982,18,,,479.3,2,2,7,1,26497.44,84755.6,55700.09,15,6,1,0,0,18
C02327,2025-03-02,Kakamega,Salaried,Permanent,M,36,Tier2,19,1,Overdraft,172924.76,50000.0,1.8,0.2789,0,242340.35,0.7136,567.0,2,0,7,1,15638.84,62218.95,71216.53,24,6,0,0,0,154
C02346,2025-03-02,Kakamega,Transport,Micro_Enterprise,F,32,Tier1,125,0,Credit_Card,13123.62,191511.09,0.1781,0.2997,0,,,461.4,1,0,18,1,4448.95,38883.83,36552.43,14,5,2,0,0,29
C02398,2025-03-02,Mombasa,Salaried,Contract,M,34,Tier3,163,1,Personal_Loan,212431.28,,,0.2881,12,1364223.32,0.1557,572.0,1,0,1,3,12888.93,112178.28,115244.52,26,6,0,0,0,22
C02418,2025-03-02,Mombasa,Construction,Micro_Enterprise,F,32,Tier2,95,1,Personal_Loan,305373.34,,,0.1685,36,389165.91,0.7847,796.5,1,0,0,0,5687.14,90992.69,56918.68,18,2,0,0,0,20
C02448,2025-03-02,Meru,Salaried,Contract,M,50,Tier1,170,1,Personal_Loan,389671.96,,,0.2388,18,302117.92,1.2898,619.2,4,1,13,1,8121.98,147737.47,109947.79,27,6,1,0,0,20
C02462,2025-03-02,Machakos,Agribusiness,Micro_Enterprise,F,30,Tier2,82,0,Overdraft,86485.61,281675.32,0.3277,0.224,0,69815.56,1.2388,567.0,3,1,22,1,870.11,72628.26,111771.78,25,5,1,0,0,8
C02490,2025-03-02,Kisumu,Salaried,Permanent,M,37,Tier1,33,1,Personal_Loan,423652.26,,,0.2929,24,358533.98,1.1816,719.8,3,0,0,0,32581.56,115449.2,66129.05,30,2,1,0,0,24
C02501,2025-03-02,Meru,SME_Trade,Self_Employed,F,52,Tier2,152,0,SME_Loan,152049.81,,,0.1924,36,477158.67,0.3187,537.6,2,1,16,0,1386.78,7210.09,6177.81,21,3,2,0,0,31
C02548,2025-03-02,Meru,Construction,Self_Employed,M,47,Tier2,87,1,SME_Loan,946130.14,,,0.2502,24,13189.54,5.0,705.6,2,2,3,3,11505.63,48152.29,58101.83,22,3,2,0,0,15
C02569,2025-03-02,Nyeri,Agribusiness,Self_Employed,M,38,Tier2,88,1,Personal_Loan,361745.42,,,0.1701,18,642097.73,0.5634,582.2,1,0,2,2,0.0,75044.62,79347.26,18,6,1,0,0,6
C02577,2025-03-02,Machakos,Agribusiness,Micro_Enterprise,F,33,Tier2,110,1,Personal_Loan,191889.49,,,0.2401,18,0.0,5.0,612.4,1,3,0,0,2524.79,17519.29,7444.71,14,2,0,0,0,28
C02595,2025-03-02,Nairobi,Agribusiness,Self_Employed,M,34,Tier2,23,0,Personal_Loan,111699.22,,,0.2756,12,,,614.3,4,0,2,0,20211.75,90255.47,86877.36,27,4,2,0,0,7
C02618,2025-03-02,Nairobi,Transport,Self_Employed,M,23,Tier2,81,1,Personal_Loan,420473.59,,,0.2371,24,25964.7,5.0,715.4,1,1,5,2,537.4,14330.08,18516.1,15,3,1,0,0,22
C02624,2025-03-02,Nairobi,Other,Self_Employed,F,62,Tier2,100,1,Personal_Loan,372049.1,,,0.231,12,407179.63,0.9137,691.1,1,0,6,2,6377.15,60640.18,41326.17,12,9,1,0,0,8
C02714,2025-03-02,Kiambu,Salaried,Contract,M,44,Tier2,116,1,Personal_Loan,389280.2,,,0.2069,12,0.0,5.0,526.7,5,1,41,4,3875.65,14541.08,16013.86,22,1,0,1,0,25
C02733,2025-03-02,Kakamega,Salaried,Contract,M,62,Tier2,105,1,Personal_Loan,484966.56,,,0.2165,12,663654.23,0.7308,677.8,1,0,3,3,22.57,796.4,628.21,38,8,3,0,0,33
C02806,2025-03-02,Uasin Gishu,SME_Trade,Micro_Enterprise,M,64,Tier3,144,0,Overdraft,109318.05,50000.0,1.8,0.1977,0,190790.34,0.573,516.5,3,1,1,2,5112.71,84043.1,111377.72,20,4,0,0,0,13
C02825,2025-03-02,Nyeri,Transport,Self_Employed,M,48,Tier2,6,0,Personal_Loan,293364.53,,,0.2627,12,416911.27,0.7037,541.0,1,1,13,4,7444.38,40606.64,26618.5,19,4,0,0,0,178
C02878,2025-03-02,Kiambu,Other,Self_Employed,F,63,Tier1,106,0,Personal_Loan,296832.67,,,0.2464,24,161340.14,1.8398,572.7,1,1,1,1,18998.33,78377.25,96267.06,12,5,0,0,0,16
C02936,2025-03-02,Kakamega,Transport,Self_Employed,F,31,Tier1,154,0,Personal_Loan,60203.49,,,0.1886,12,103467.75,0.5819,795.2,1,1,12,4,7679.72,42629.03,53036.38,16,4,0,0,1,29
C02943,2025-03-02,Nairobi,Salaried,Permanent,M,55,Tier2,105,1,Personal_Loan,314869.2,,,0.1993,24,0.0,5.0,530.7,2,0,0,1,3246.98,20562.6,17696.08,19,3,0,0,0,30
C03002,2025-03-02,Nairobi,Salaried,Permanent,M,51,Tier3,125,1,Overdraft,78446.86,373537.41,0.1635,0.2111,0,142750.06,0.5495,629.2,1,1,11,3,16372.77,100452.1,113972.17,21,2,0,0,0,9
C03083,2025-03-02,Nairobi,SME_Services,Self_Employed,M,33,Tier3,46,0,Credit_Card,101858.31,139223.83,0.6651,0.2256,0,,,565.6,2,0,0,3,15088.1,230354.85,272908.3,19,5,0,0,0,20
C03162,2025-03-02,Nakuru,Construction,Micro_Enterprise,M,61,Tier2,77,1,Personal_Loan,317642.69,,,0.1924,36,0.0,5.0,598.5,1,0,7,0,4869.83,44874.7,36172.61,21,5,1,0,0,11
C03163,2025-03-02,Uasin Gishu,Hospitality,Micro_Enterprise,F,28,Tier3,122,0,Overdraft,31724.6,167426.84,0.3623,0.3189,0,297174.57,0.1068,618.4,4,1,0,1,0.0,244386.85,61080.84,27,5,0,0,0,19
C03185,2025-03-02,Machakos,Construction,Self_Employed,M,49,Tier2,140,0,Personal_Loan,439145.0,,,0.2154,36,656384.56,0.669,678.9,1,1,13,2,2889.18,30916.58,32900.74,11,2,2,0,0,34
C03218,2025-03-02,Nakuru,Salaried,Permanent,F,40,Tier2,20,1,Overdraft,113007.22,400528.88,0.2829,0.2917,0,203368.48,0.5557,688.1,1,1,6,1,43994.98,170781.67,230310.09,37,6,0,0,0,19
C03297,2025-03-02,Machakos,SME_Services,Self_Employed,F,30,Tier2,105,0,Personal_Loan,451222.55,,,0.2087,24,481104.77,0.9379,596.9,1,1,6,1,5172.34,43590.49,32864.21,15,1,2,0,0,17
C03318,2025-03-02,Kisumu,Other,Self_Employed,F,38,Tier2,62,0,SME_Loan,728453.08,,,0.1748,36,565266.58,1.2887,630.3,2,1,0,1,9814.64,60549.24,54887.85,16,2,0,0,0,28
C03334,2025-03-02,Nairobi,SME_Services,Self_Employed,F,59,Tier1,102,0,Overdraft,144141.0,267229.93,0.6684,0.2178,0,101336.36,1.4224,685.1,3,3,0,2,0.0,86991.38,61416.17,23,3,1,0,0,6
C03344,2025-03-02,Kisumu,SME_Trade,Self_Employed,F,48,Tier2,64,1,SME_Loan,710646.95,,,0.2292,36,22967.39,5.0,593.9,2,0,19,2,7926.76,31808.27,27478.62,8,2,0,0,0,230
C03345,2025-03-02,Nairobi,SME_Trade,Micro_Enterprise,M,45,Tier1,147,1,SME_Loan,567536.65,,,0.2299,24,586445.62,0.9678,709.4,2,0,4,4,12462.46,44690.0,28361.53,25,6,1,0,0,28
C03347,2025-03-02,Kiambu,SME_Trade,Self_Employed,M,48,Tier2,63,0,Overdraft,119456.26,50000.0,1.8,0.1561,0,107724.8,1.1089,654.5,1,0,0,1,12884.75,105908.32,55515.17,16,3,2,0,0,12
C03355,2025-03-02,Kiambu,SME_Services,Self_Employed,M,64,Tier1,67,0,Personal_Loan,510805.77,,,0.2732,12,336803.16,1.5166,495.7,2,1,24,2,6053.76,101581.62,82626.96,16,3,0,1,1,230
C03358,2025-03-02,Machakos,Salaried,Permanent,F,60,Tier2,118,1,SME_Loan,600263.67,,,0.2119,36,,,739.6,2,1,0,0,9162.9,43342.9,33982.92,40,6,0,0,0,23
C03376,2025-03-02,Nairobi,Transport,Self_Employed,F,43,Tier3,178,1,Personal_Loan,609987.7,,,0.2224,18,627751.65,0.9717,641.0,3,1,10,3,20.49,10509.99,14224.43,20,7,0,0,0,6
C03398,2025-03-02,Nairobi,Agribusiness,Micro_Enterprise,M,64,Tier3,16,1,Credit_Card,68782.24,314509.89,0.2607,0.3259,0,,,563.4,2,0,8,2,12791.01,119786.39,131619.15,15,4,0,0,0,34
C03428,2025-03-02,Kiambu,Construction,Self_Employed,F,60,Tier1,47,0,Overdraft,56171.94,224289.72,0.2997,0.2852,0,220091.27,0.2552,716.9,1,1,0,0,17227.21,76172.84,79654.47,20,4,0,0,0,13
C03454,2025-03-02,Mombasa,Construction,Micro_Enterprise,F,36,Tier2,75,1,SME_Loan,471239.38,,,0.3132,36,487874.41,0.9659,630.6,1,0,2,0,19264.9,78170.27,58751.03,20,3,0,0,0,23
C03464,2025-03-02,Kiambu,Construction,Micro_Enterprise,M,23,Tier2,91,0,Personal_Loan,371697.37,,,0.1502,24,71746.47,5.0,634.6,1,0,0,0,1296.2,28863.34,16194.11,25,0,0,0,0,7
C03485,2025-03-02,Machakos,Hospitality,Micro_Enterprise,M,39,Tier3,13,0,SME_Loan,445119.6,,,0.1491,48,656947.01,0.6776,648.2,2,2,2,1,73.23,37107.71,42073.68,19,4,2,0,0,33
C00044,2025-04-01,Kiambu,Agribusiness,Micro_Enterprise,M,36,Tier1,102,0,Personal_Loan,173706.0,,,0.1419,36,105762.83,1.6424,702.8,1,1,2,1,1745.9,15213.04,13324.79,14,7,0,0,0,22
C00051,2025-04-01,Nakuru,Salaried,Permanent,M,55,Tier2,133,1,SME_Loan,558602.73,,,0.1605,24,,,674.4,2,1,28,4,20457.52,132555.54,105685.3,26,11,0,0,0,7
C00071,2025-04-01,Nairobi,SME_Trade,Self_Employed,M,56,Tier2,95,1,Personal_Loan,366228.28,,,0.2378,36,329656.91,1.1109,553.0,2,0,15,3,20687.32,135401.89,150507.89,13,6,2,0,0,15
C00132,2025-04-01,Kiambu,Hospitality,Self_Employed,M,45,Tier2,81,0,SME_Loan,186061.29,,,0.0639,36,497510.54,0.374,591.6,1,2,5,3,8265.37,121850.11,106239.21,18,3,0,0,0,32
C00145,2025-04-01,Kisumu,SME_Trade,Self_Employed,F,65,Tier2,120,1,SME_Loan,362515.95,,,0.1616,24,0.0,5.0,698.8,3,0,0,0,0.0,29652.75,38403.94,10,3,1,0,0,25
C00150,2025-04-01,Nairobi,Salaried,Permanent,F,23,Tier2,206,1,Overdraft,63359.93,390368.49,0.156,0.1755,0,30987.22,2.0447,648.0,1,0,0,1,28425.38,97746.69,109327.76,24,5,0,0,0,19
C00175,2025-04-01,Kakamega,SME_Trade,Self_Employed,F,52,Tier2,143,0,Personal_Loan,255259.28,,,0.3023,12,,,695.5,1,0,0,0,4859.79,61724.62,44877.12,20,4,2,0,0,17
C00189,2025-04-01,Nyeri,SME_Trade,Self_Employed,F,31,Tier2,137,0,Personal_Loan,273870.44,,,0.1885,36,617037.06,0.4438,596.8,1,0,0,3,757.13,6292.42,7898.57,14,4,3,0,0,26
C00200,2025-04-01,Kisumu,Salaried,Permanent,M,64,Tier2,128,1,Credit_Card,0.0,212143.75,0.0,0.2697,0,,,716.6,1,0,3,3,35059.17,197850.96,174917.69,33,8,2,0,0,7
C00244,2025-04-01,Mombasa,Salaried,Contract,F,50,Tier2,205,1,Personal_Loan,365702.07,,,0.1947,36,476092.47,0.7681,603.5,1,1,0,1,9743.06,60932.11,42536.02,26,10,0,0,0,10
C00285,2025-04-01,Meru,SME_Trade,Self_Employed,F,40,Tier2,111,1,SME_Loan,720263.11,,,0.2276,36,339948.56,2.1187,649.4,2,1,22,3,4925.43,38169.21,44261.8,19,3,2,0,0,27
C00291,2025-04-01,Nyeri,Salaried,Permanent,F,57,Tier3,94,1,Overdraft,160778.76,148213.54,1.1138,0.1851,0,80269.11,2.003,590.5,1,2,0,2,1840.2,37013.37,13096.42,32,11,0,0,0,29
C00300,2025-04-01,Kisumu,SME_Trade,Self_Employed,F,21,Tier2,143,0,Personal_Loan,348397.27,,,0.206,12,665530.31,0.5235,689.9,1,1,0,0,48117.93,154699.97,60878.88,13,2,2,0,0,20
C00305,2025-04-01,Kiambu,Transport,Micro_Enterprise,F,45,Tier2,95,0,SME_Loan,526252.73,,,0.0996,36,271489.15,1.9384,689.8,2,1,0,2,389.77,1229.49,1124.54,19,6,1,0,0,28
C00307,2025-04-01,Mombasa,SME_Services,Self_Employed,M,34,Tier3,191,0,SME_Loan,937004.04,,,0.2527,24,578534.44,1.6196,635.1,4,0,0,2,2548.5,16663.71,11370.11,23,5,3,0,0,30
C00311,2025-04-01,Kakamega,Construction,Self_Employed,M,50,Tier2,92,0,Overdraft,52626.79,188355.92,0.1588,0.1877,0,8210.33,5.0,498.4,2,2,20,0,21394.54,84256.15,109847.59,31,6,2,0,0,153
C00321,2025-04-01,Nairobi,Salaried,Permanent,M,35,Tier1,138,1,Credit_Card,81103.29,327286.0,0.3095,0.2703,0,,,509.7,2,0,0,0,1911.77,8699.94,5077.79,26,10,1,0,0,23
C00345,2025-04-01,Nakuru,Salaried,Permanent,M,61,Tier3,189,1,Personal_Loan,287586.5,,,0.246,24,,,673.2,1,1,6,2,0.0,0.0,0.0,44,5,1,0,0,27
C00421,2025-04-01,Uasin Gishu,Salaried,Permanent,F,62,Tier2,95,1,Personal_Loan,316617.54,,,0.2177,12,236873.55,1.3367,611.6,1,1,8,3,0.0,0.0,0.0,25,5,0,0,0,5
C00424,2025-04-01,Nakuru,Salaried,Permanent,F,47,Tier1,159,1,SME_Loan,550679.93,,,0.2981,36,1659.29,5.0,641.8,2,3,18,1,4574.55,72057.24,70744.72,17,10,1,0,0,27
C00425,2025-04-01,Nakuru,Construction,Self_Employed,F,39,Tier3,15,1,Credit_Card,0.0,213225.72,0.0,0.2704,0,,,691.0,1,1,0,2,36879.0,145043.6,109210.99,16,3,0,1,0,163
C00436,2025-04-01,Nairobi,Other,Self_Employed,F,26,Tier1,207,0,SME_Loan,306689.12,,,0.2058,48,613679.82,0.4998,607.0,2,0,1,3,3039.26,11683.28,11303.72,18,4,1,0,1,18
C00526,2025-04-01,Nairobi,Salaried,Permanent,F,34,Tier1,53,1,SME_Loan,605178.63,,,0.1552,36,28547.29,5.0,567.4,4,0,0,0,12606.95,131590.92,108615.49,26,5,1,0,0,9
C00529,2025-04-01,Kiambu,Salaried,Permanent,M,62,Tier2,185,1,Personal_Loan,114541.07,,,0.2666,18,0.0,5.0,683.1,1,2,10,2,2558.92,13352.54,5396.99,16,3,1,0,0,13
C00569,2025-04-01,Mombasa,Agribusiness,Self_Employed,M,49,Tier2,81,0,SME_Loan,544914.8,,,0.2171,24,325457.12,1.6743,631.3,2,0,0,0,3087.22,47757.67,32575.56,14,3,0,0,0,20
C00621,2025-04-01,Uasin Gishu,Construction,Micro_Enterprise,M,40,Tier2,67,1,Overdraft,184581.41,147071.67,1.2558,0.1903,0,73816.08,2.5006,530.7,1,0,0,2,18664.75,58752.47,22381.47,12,3,2,1,0,222
C00626,2025-04-01,Kisumu,Salaried,Permanent,F,31,Tier3,4,1,Overdraft,129177.45,132466.4,1.0125,0.262,0,15865.68,5.0,576.9,1,1,6,2,26311.16,117419.87,135090.14,23,1,1,0,0,203
C00640,2025-04-01,Nairobi,Salaried,Permanent,F,63,Tier2,195,1,Personal_Loan,401819.7,,,0.1958,24,284697.64,1.4114,607.5,1,0,0,0,3688.18,21793.97,17071.02,22,11,1,0,0,31
C00656,2025-04-01,Kakamega,SME_Services,Micro_Enterprise,F,44,Tier2,167,1,Personal_Loan,240744.61,,,0.2372,24,,,509.5,1,0,0,3,18225.01,54665.74,51787.71,17,3,2,0,0,21
C00691,2025-04-01,Kiambu,SME_Services,Micro_Enterprise,M,65,Tier2,111,0,SME_Loan,163939.98,,,0.2175,12,469554.11,0.3491,640.9,2,0,9,1,21986.57,175485.74,221963.75,15,2,0,0,0,6
C00760,2025-04-01,Meru,Salaried,Permanent,M,53,Tier1,95,1,Personal_Loan,469187.07,,,0.2293,24,,,770.9,2,0,0,1,11876.63,35647.97,27959.35,30,5,1,0,0,29
C00817,2025-04-01,Nakuru,Salaried,Permanent,F,22,Tier1,129,1,Personal_Loan,212935.13,,,0.1802,18,427318.48,0.4983,558.3,2,1,3,2,3644.28,15874.21,14799.18,21,3,2,1,0,21
C00831,2025-04-01,Nairobi,Agribusiness,Self_Employed,F,32,Tier2,167,0,SME_Loan,684472.18,,,0.226,36,456394.37,1.4997,651.4,1,1,0,1,3483.55,55073.89,31012.56,27,6,1,0,0,25
C00839,2025-04-01,Mombasa,Agribusiness,Micro_Enterprise,F,21,Tier2,134,0,Personal_Loan,110002.52,,,0.2042,18,558224.2,0.1971,670.3,1,2,0,2,12349.66,50519.82,37804.72,15,4,2,0,0,34
C00873,2025-04-01,Kiambu,Hospitality,Self_Employed,F,26,Tier2,106,0,Credit_Card,70872.49,133342.41,0.7363,0.3511,0,,,640.9,1,1,2,1,4100.84,58270.55,88429.49,13,2,1,0,0,18
C00888,2025-04-01,Nairobi,Transport,Self_Employed,F,29,Tier3,152,0,Credit_Card,128128.31,172757.47,0.745,0.2891,0,,,500.0,1,0,6,4,21725.01,75280.64,40325.26,26,6,1,0,0,15
C00920,2025-04-01,Kiambu,Construction,Self_Employed,M,49,Tier2,101,0,SME_Loan,0.0,,,0.1017,36,0.0,0.05,706.2,1,0,8,2,16028.0,89613.38,94723.2,17,5,1,0,0,5
C00973,2025-04-01,Nakuru,SME_Trade,Micro_Enterprise,F,42,Tier2,206,0,Personal_Loan,423074.86,,,0.2965,18,595148.66,0.7109,709.0,1,4,4,2,0.0,64249.09,66306.01,18,6,2,0,0,14
C00990,2025-04-01,Nakuru,SME_Services,Self_Employed,M,56,Tier3,120,1,Overdraft,180008.76,442722.92,0.3543,0.2162,0,203724.64,0.8836,694.0,2,0,4,0,6289.16,38126.14,18239.48,20,6,2,0,0,7
C01030,2025-04-01,Nairobi,Transport,Self_Employed,F,36,Tier1,143,0,SME_Loan,1060608.61,,,0.1683,48,842927.76,1.2582,573.0,3,1,8,2,31965.41,103095.01,93083.57,19,7,1,0,0,23
C01053,2025-04-01,Nakuru,Agribusiness,Micro_Enterprise,F,43,Tier1,104,1,Credit_Card,25343.82,53366.53,0.504,0.2135,0,,,627.1,3,0,0,1,1280.7,8412.19,5739.93,16,2,2,0,0,13
C01094,2025-04-01,Kisumu,SME_Services,Self_Employed,F,38,Tier2,86,0,SME_Loan,813553.71,,,0.2295,24,0.0,5.0,606.1,3,2,1,1,1581.48,153122.8,221877.65,32,7,1,0,0,30
C01152,2025-04-01,Nairobi,Salaried,Permanent,M,43,Tier1,132,1,SME_Loan,1008440.51,,,0.2453,24,540299.65,1.8664,557.8,1,2,9,0,20745.59,156196.04,181760.88,31,3,0,0,0,11
C01176,2025-04-01,Nairobi,Other,Self_Employed,M,36,Tier3,59,0,Personal_Loan,496037.7,,,0.271,12,267722.29,1.8528,772.3,1,0,2,1,2225.48,8553.15,9295.29,22,5,1,0,0,30
C01182,2025-04-01,Kisumu,Agribusiness,Self_Employed,F,62,Tier1,95,1,Personal_Loan,397296.27,,,0.1946,36,485393.33,0.8185,745.7,1,2,0,0,438.17,1805.91,921.45,19,2,1,0,0,29
C01193,2025-04-01,Meru,Transport,Self_Employed,M,28,Tier1,84,0,Personal_Loan,249534.93,,,0.2282,12,,,599.4,2,1,0,1,25997.39,107126.89,116131.15,17,2,0,0,0,31
C01240,2025-04-01,Nyeri,Salaried,Contract,M,22,Tier2,160,1,Personal_Loan,205313.28,,,0.2567,18,212922.92,0.9643,655.5,1,0,11,4,15774.86,102868.38,144511.39,29,12,2,0,0,21
C01283,2025-04-01,Kiambu,Agribusiness,Self_Employed,F,38,Tier2,167,0,SME_Loan,215280.86,,,0.0931,36,648885.52,0.3318,581.2,3,2,8,2,17119.2,88776.26,74565.36,15,5,0,0,0,29
C01297,2025-04-01,Nairobi,SME_Services,Micro_Enterprise,M,32,Tier1,105,0,SME_Loan,619278.74,,,0.1434,24,240337.05,2.5767,682.8,1,2,7,3,17320.88,42151.15,35758.51,13,3,0,0,0,10
C01337,2025-04-01,Nairobi,Agribusiness,Self_Employed,F,49,Tier2,109,0,Personal_Loan,396590.66,,,0.2491,24,200746.26,1.9756,587.1,1,0,4,3,0.0,0.0,0.0,20,3,0,0,0,11
C01355,2025-04-01,Kiambu,SME_Services,Self_Employed,M,30,Tier1,115,0,Overdraft,34174.5,300366.27,0.1683,0.1869,0,145788.49,0.2344,639.4,1,0,6,1,19999.7,98439.36,36931.43,26,2,2,0,0,30
C01415,2025-04-01,Nairobi,Salaried,Permanent,M,47,Tier2,107,1,Overdraft,176641.8,226874.03,0.6991,0.2332,0,198102.82,0.8917,643.2,1,0,0,0,15917.42,53760.21,60052.51,28,6,2,0,0,23
C01423,2025-04-01,Nakuru,Construction,Self_Employed,M,47,Tier2,98,1,SME_Loan,684339.68,,,0.171,12,,,637.9,1,1,0,1,0.0,0.0,0.0,19,4,1,0,0,19
C01456,2025-04-01,Nakuru,SME_Services,Micro_Enterprise,F,23,Tier3,101,1,Personal_Loan,242662.53,,,0.3459,24,392295.29,0.6186,536.8,1,0,13,0,5482.68,89532.99,77089.9,33,4,0,0,0,24
C01480,2025-04-01,Nakuru,Salaried,Contract,M,39,Tier2,144,1,SME_Loan,555390.74,,,0.2396,24,210755.76,2.6352,567.7,2,1,6,3,0.0,162248.32,213617.83,15,5,0,0,0,9
C01506,2025-04-01,Nairobi,Salaried,Contract,M,31,Tier2,8,1,SME_Loan,617249.51,,,0.3226,24,414535.32,1.489,718.3,1,1,4,0,10711.58,95625.41,101299.15,25,5,0,0,0,20
C01517,2025-04-01,Meru,SME_Trade,Micro_Enterprise,F,42,Tier1,119,1,SME_Loan,697392.21,,,0.1581,12,749968.39,0.9299,651.3,2,1,2,2,12519.07,101933.74,104966.94,16,4,0,0,0,15
C01536,2025-04-01,Nakuru,Salaried,Permanent,M,22,Tier1,140,1,Personal_Loan,107053.32,,,0.2068,36,1140777.87,0.0938,775.1,2,2,3,3,5794.14,34771.67,38817.66,32,2,0,1,0,21
C01538,2025-04-01,Kiambu,Construction,Self_Employed,F,25,Tier2,147,1,Personal_Loan,610029.79,,,0.2421,18,126159.96,4.8354,632.2,2,1,7,2,4560.44,35401.54,29208.29,21,6,1,0,0,11
C01581,2025-04-01,Nakuru,SME_Trade,Self_Employed,M,34,Tier2,34,1,SME_Loan,336798.4,,,0.1474,24,1064098.52,0.3165,595.9,4,0,8,3,35247.13,98633.88,79431.75,17,5,2,0,0,10
C01591,2025-04-01,Kiambu,Agribusiness,Self_Employed,F,54,Tier2,191,0,Overdraft,0.0,317763.49,0.0,0.2302,0,121948.77,0.05,510.8,1,2,20,1,61612.48,170704.58,143248.96,14,3,2,0,0,24
C01593,2025-04-01,Kiambu,Salaried,Permanent,F,38,Tier1,179,1,Credit_Card,79384.04,168797.47,0.5611,0.2027,0,,,681.1,2,1,0,1,0.0,0.0,0.0,28,6,0,0,0,26
C01604,2025-04-01,Kisumu,Agribusiness,Self_Employed,F,35,Tier1,169,0,Credit_Card,21021.13,228825.8,0.1915,0.3483,0,,,614.1,1,0,0,3,1918.31,12020.58,6377.11,21,4,1,0,0,20
C01611,2025-04-01,Nairobi,Transport,Self_Employed,F,55,Tier3,45,1,Personal_Loan,452147.08,,,0.2329,18,236159.3,1.9146,657.6,1,0,0,0,714.61,19413.63,14459.0,24,2,3,0,0,28
C01614,2025-04-01,Mombasa,SME_Services,Self_Employed,M,52,Tier1,169,1,Personal_Loan,203627.29,,,0.2643,12,445142.76,0.4574,621.6,2,0,4,3,9709.31,78249.22,79633.59,16,2,2,0,0,9
C01622,2025-04-01,Nakuru,Salaried,Permanent,F,21,Tier2,190,1,SME_Loan,375092.33,,,0.1653,24,867205.63,0.4325,757.6,1,0,8,3,0.0,0.0,0.0,32,6,0,0,0,23
C01781,2025-04-01,Nairobi,Agribusiness,Self_Employed,F,23,Tier2,207,0,Credit_Card,247418.65,209555.89,1.1041,0.2528,0,,,643.4,1,1,1,0,46.37,546.6,494.28,15,6,1,0,0,26
C01792,2025-04-01,Nairobi,SME_Trade,Micro_Enterprise,M,60,Tier1,180,0,Overdraft,138446.78,282507.51,0.4241,0.2673,0,176663.58,0.7837,541.5,1,1,24,2,7455.37,71379.63,32973.75,21,6,0,1,0,139
C01832,2025-04-01,Meru,SME_Trade,Self_Employed,M,63,Tier3,153,0,Overdraft,74652.79,415648.39,0.2152,0.1887,0,79430.88,0.9398,685.3,2,0,3,2,6801.02,20036.96,21527.28,22,5,1,0,1,8
C01898,2025-04-01,Machakos,Transport,Micro_Enterprise,F,60,Tier2,96,0,Personal_Loan,129680.47,,,0.1766,24,83972.24,1.5443,679.8,2,1,0,0,2353.06,14378.93,8284.24,12,3,0,0,0,18
C01973,2025-04-01,Nakuru,Salaried,Contract,M,51,Tier2,210,1,Credit_Card,51529.22,200536.25,0.1937,0.2977,0,,,647.5,1,2,0,0,59053.56,241826.2,231394.81,26,4,0,0,0,11
C02042,2025-04-01,Nairobi,Transport,Self_Employed,F,61,Tier1,181,1,SME_Loan,600580.44,,,0.2268,24,693223.81,0.8664,680.9,1,2,8,2,2149.88,15274.98,9758.59,20,1,3,0,0,22
C02106,2025-04-01,Mombasa,Salaried,Permanent,F,33,Tier2,92,1,Personal_Loan,296974.95,,,0.1786,12,289408.86,1.0261,570.3,1,2,1,1,3090.71,39041.53,47866.2,21,8,1,0,0,30
C02119,2025-04-01,Kakamega,Agribusiness,Micro_Enterprise,M,45,Tier2,74,0,Personal_Loan,305786.76,,,0.1939,24,371887.12,0.8223,584.5,2,0,1,0,0.0,0.0,0.0,19,5,1,1,0,17
C02121,2025-04-01,Nairobi,SME_Trade,Micro_Enterprise,F,55,Tier3,164,0,Overdraft,91117.65,265854.02,0.248,0.1244,0,0.0,5.0,658.6,2,1,10,1,4461.05,20965.57,19714.12,24,3,1,0,0,13
C02167,2025-04-01,Nairobi,SME_Trade,Micro_Enterprise,M,35,Tier2,126,0,SME_Loan,547214.56,,,0.1688,48,0.0,5.0,679.4,1,1,2,1,7844.86,37874.25,35783.97,14,2,1,0,0,26
C02203,2025-04-01,Kisumu,Salaried,Permanent,M,22,Tier1,105,1,Personal_Loan,450047.14,,,0.2503,24,266808.3,1.6868,629.6,1,3,5,3,14416.41,98634.29,53990.8,23,5,1,0,0,31
C02210,2025-04-01,Kiambu,Other,Self_Employed,F,27,Tier2,11,0,Personal_Loan,225236.38,,,0.1657,24,495944.82,0.4542,619.1,1,0,1,0,4903.22,48900.26,40106.57,24,4,0,0,0,21
C02217,2025-04-01,Nairobi,SME_Trade,Self_Employed,M,41,Tier3,107,1,SME_Loan,836128.93,,,0.2162,24,291088.92,2.8724,709.9,2,1,5,1,4797.62,32021.83,38906.03,21,3,1,0,0,7
C02246,2025-04-01,Machakos,Transport,Micro_Enterprise,F,58,Tier1,59,0,Personal_Loan,428235.43,,,0.1982,18,205157.7,2.0873,486.1,2,2,10,2,0.0,84500.37,89465.78,15,2,0,0,0,21
C02254,2025-04-01,Kisumu,Other,Micro_Enterprise,F,43,Tier2,197,0,SME_Loan,671530.93,,,0.2414,24,1008557.52,0.6658,614.4,3,1,0,2,5924.96,40367.0,34219.73,13,5,1,0,0,9
C02262,2025-04-01,Nakuru,Construction,Micro_Enterprise,F,65,Tier3,136,0,Personal_Loan,296852.52,,,0.2488,36,367866.8,0.807,539.7,2,2,0,0,3427.18,31363.3,38850.33,27,4,0,0,0,6
C02296,2025-04-01,Mombasa,Transport,Self_Employed,F,57,Tier1,207,0,SME_Loan,295088.88,,,0.234,24,,,677.7,1,0,17,4,0.0,52661.77,69261.41,20,7,3,0,0,6
C02301,2025-04-01,Kakamega,Salaried,Permanent,M,33,Tier3,163,1,Personal_Loan,357661.6,,,0.3196,18,0.0,5.0,607.4,1,0,0,0,22067.8,109827.5,127122.91,32,5,0,0,0,22
C02327,2025-04-01,Kakamega,Salaried,Permanent,M,36,Tier2,49,1,Overdraft,141004.85,50000.0,1.8,0.2789,0,242340.35,0.5818,560.4,2,0,12,1,9295.16,52045.06,48918.69,17,10,1,1,1,143
C02346,2025-04-01,Kakamega,Transport,Micro_Enterprise,F,32,Tier1,155,0,Credit_Card,719.87,191511.09,0.0685,0.2997,0,,,439.4,1,0,28,2,9343.04,54871.56,55126.18,19,6,0,0,0,9
C02350,2025-04-01,Uasin Gishu,SME_Trade,Micro_Enterprise,M,43,Tier2,159,1,Overdraft,97355.39,107845.91,0.4969,0.2019,0,10407.48,5.0,588.8,1,1,2,1,2094.17,17560.17,21225.27,22,8,0,0,0,31
C02367,2025-04-01,Nairobi,Salaried,Permanent,M,36,Tier2,10,1,Personal_Loan,455035.08,,,0.1732,24,620100.14,0.7338,537.4,1,0,1,1,12827.85,61603.04,66115.96,24,8,0,0,0,22
C02377,2025-04-01,Nyeri,Salaried,Permanent,M,59,Tier2,73,1,SME_Loan,833418.82,,,0.1001,36,671990.32,1.2402,583.8,4,1,6,2,10575.73,84306.21,58589.25,32,9,0,0,0,29
C02398,2025-04-01,Mombasa,Salaried,Contract,M,34,Tier3,193,1,Personal_Loan,204712.28,,,0.2881,12,1364223.32,0.1501,583.1,1,0,0,2,1100.42,5240.39,5782.49,30,4,0,0,0,21
C02418,2025-04-01,Mombasa,Construction,Micro_Enterprise,F,32,Tier2,125,1,Personal_Loan,322058.71,,,0.1685,36,389165.91,0.8276,795.9,1,0,0,0,12213.12,30156.1,22804.22,19,0,1,0,0,10
C02440,2025-04-01,Mombasa,Salaried,Contract,M,23,Tier3,100,1,SME_Loan,659740.96,,,0.1226,36,,,679.0,2,1,5,2,8728.69,75651.92,69508.73,26,11,1,0,0,15
C02501,2025-04-01,Meru,SME_Trade,Self_Employed,F,52,Tier2,182,0,SME_Loan,152763.5,,,0.1924,36,477158.67,0.3202,532.4,2,1,16,0,5645.37,14027.69,10990.33,14,4,1,0,0,14
C02521,2025-04-01,Nairobi,Salaried,Permanent,M,40,Tier1,125,1,Overdraft,246861.04,232733.88,1.13,0.22,0,70040.9,3.5245,539.1,1,0,0,3,3863.94,56459.66,51142.54,28,3,1,0,0,18
C02548,2025-04-01,Meru,Construction,Self_Employed,M,47,Tier2,117,1,SME_Loan,1050035.92,,,0.2502,24,13189.54,5.0,703.0,2,2,3,4,829.33,25477.99,27787.12,12,9,0,0,0,22
C02563,2025-04-01,Kiambu,SME_Services,Micro_Enterprise,F,51,Tier2,124,0,Overdraft,95225.29,140243.46,0.7353,0.3216,0,,,751.8,1,1,0,0,23159.57,87545.99,53390.01,21,2,1,0,0,6
C02714,2025-04-01,Kiambu,Salaried,Contract,M,44,Tier2,146,1,Personal_Loan,370307.78,,,0.2069,12,0.0,5.0,505.1,5,1,49,5,8854.4,137216.29,106965.02,29,4,1,0,0,24
C02734,2025-04-01,Nyeri,Agribusiness,Micro_Enterprise,F,30,Tier2,152,0,Overdraft,160830.85,278897.6,0.6117,0.2445,0,43690.19,3.6812,647.0,1,2,6,3,9558.77,108430.08,119453.74,11,1,0,1,1,188
C02767,2025-04-01,Machakos,Other,Self_Employed,F,37,Tier2,17,0,Credit_Card,29668.11,119409.52,0.0,0.3217,0,,,588.5,1,0,6,3,7242.27,55630.03,32270.91,17,5,2,0,0,15
C02788,2025-04-01,Nakuru,Salaried,Permanent,M,23,Tier3,156,1,Personal_Loan,691159.4,,,0.1722,36,264973.58,2.6084,539.9,1,0,2,0,45087.01,155293.06,126214.22,38,6,0,0,0,21
C02804,2025-04-01,Kiambu,Salaried,Permanent,M,23,Tier2,107,1,Personal_Loan,359654.31,,,0.3183,12,105899.59,3.3962,651.7,1,0,8,1,50236.31,120981.17,111018.36,28,9,0,0,0,17
C02851,2025-04-01,Nairobi,Transport,Micro_Enterprise,M,29,Tier3,53,0,Personal_Loan,291403.79,,,0.2504,24,0.0,5.0,619.8,1,0,8,0,159.45,18555.64,23200.52,27,4,0,0,0,9
C02878,2025-04-01,Kiambu,Other,Self_Employed,F,63,Tier1,136,0,Personal_Loan,294450.46,,,0.2464,24,161340.14,1.825,580.2,1,1,0,1,1925.21,35299.83,16544.12,13,4,1,0,0,10
C02935,2025-04-01,Mombasa,Transport,Micro_Enterprise,M,57,Tier3,118,1,Personal_Loan,445263.97,,,0.2464,24,495235.45,0.8991,601.4,1,0,0,0,22636.31,67584.58,39278.32,18,3,2,0,0,25
C03002,2025-04-01,Nairobi,Salaried,Permanent,M,51,Tier3,155,1,Overdraft,88481.74,373537.41,0.21,0.2111,0,142750.06,0.6198,609.6,1,1,11,4,29365.99,115445.8,65578.88,30,5,1,0,0,22
C03052,2025-04-01,Mombasa,SME_Trade,Self_Employed,F,28,Tier1,198,0,Personal_Loan,363160.21,,,0.2133,24,,,587.9,1,0,0,4,3323.58,21518.98,21978.36,21,7,0,0,0,24
C03057,2025-04-01,Kiambu,SME_Services,Self_Employed,F,57,Tier3,73,0,Personal_Loan,347061.58,,,0.1633,18,309571.89,1.1211,778.4,2,0,1,1,0.0,25469.5,27460.74,24,5,0,1,0,5
C03088,2025-04-01,Nairobi,Hospitality,Self_Employed,F,28,Tier2,182,0,Credit_Card,40693.22,265342.55,0.3024,0.2042,0,,,647.8,1,0,15,3,9809.72,80619.47,93418.41,23,3,0,0,0,8
C03094,2025-04-01,Mombasa,SME_Trade,Self_Employed,F,31,Tier1,147,0,Personal_Loan,361101.58,,,0.2132,12,493948.53,0.7311,647.3,1,0,4,1,11359.51,45557.85,36290.37,20,6,0,0,0,12
C03125,2025-04-01,Uasin Gishu,SME_Trade,Micro_Enterprise,M,40,Tier1,23,1,Personal_Loan,525293.37,,,0.2942,12,591118.6,0.8886,574.7,1,0,0,4,3310.89,23755.31,17794.73,25,4,2,0,0,12
C03162,2025-04-01,Nakuru,Construction,Micro_Enterprise,M,61,Tier2,107,1,Personal_Loan,309780.8,,,0.1924,36,0.0,5.0,589.1,1,0,8,1,2103.74,50549.71,72820.62,16,4,1,0,0,19
C03255,2025-04-01,Kiambu,Salaried,Permanent,F,31,Tier2,156,1,Personal_Loan,493186.04,,,0.1712,36,365969.8,1.3476,591.2,2,1,0,0,1051.7,41885.23,38947.39,38,7,0,0,0,14
C03299,2025-04-01,Machakos,SME_Trade,Micro_Enterprise,F,45,Tier2,59,0,Overdraft,274096.84,380685.06,0.8037,0.1977,0,200352.85,1.3681,699.4,2,0,0,0,20819.46,129676.46,128091.62,16,3,1,0,0,31
C03342,2025-04-01,Nairobi,Salaried,Permanent,M,34,Tier2,73,1,Credit_Card,29482.8,253756.44,0.18,0.2312,0,,,673.2,1,0,0,0,16143.22,124187.96,95379.84,25,8,2,0,0,9
C03344,2025-04-01,Kisumu,SME_Trade,Self_Employed,F,48,Tier2,94,1,SME_Loan,722958.11,,,0.2292,36,,,576.5,2,0,24,2,0.0,0.0,0.0,18,3,1,0,0,220
C03345,2025-04-01,Nairobi,SME_Trade,Micro_Enterprise,M,45,Tier1,177,1,SME_Loan,587893.19,,,0.2299,24,586445.62,1.0025,710.1,2,0,1,4,1514.64,16841.38,9326.99,15,3,2,0,0,23
C03355,2025-04-01,Kiambu,SME_Services,Self_Employed,M,64,Tier1,97,0,Personal_Loan,577993.44,,,0.2732,12,336803.16,1.7161,479.2,2,1,24,2,822.13,8691.74,4375.35,20,6,1,0,0,166
C03356,2025-04-01,Kisumu,SME_Services,Self_Employed,F,40,Tier1,68,0,Overdraft,134854.26,154940.76,0.8341,0.2934,0,71958.84,1.874,687.3,2,1,1,2,13648.59,96470.42,114223.49,20,2,0,0,0,10
C03360,2025-04-01,Nairobi,Salaried,Permanent,M,44,Tier1,17,1,Personal_Loan,205786.56,,,0.2497,24,619066.48,0.3324,606.9,1,0,1,1,25691.89,169194.47,146793.34,25,5,2,0,0,32
C03376,2025-04-01,Nairobi,Transport,Self_Employed,F,43,Tier3,208,1,Personal_Loan,633432.32,,,0.2224,18,627751.65,1.009,626.4,3,1,11,3,0.0,0.0,0.0,18,4,2,0,0,28
C03398,2025-04-01,Nairobi,Agribusiness,Micro_Enterprise,M,64,Tier3,46,1,Credit_Card,82987.26,314509.89,0.2187,0.3259,0,,,560.3,2,0,7,2,0.0,24437.09,11208.18,24,2,1,0,0,18
C03433,2025-04-01,Machakos,Hospitality,Self_Employed,F,30,Tier1,102,0,Personal_Loan,347117.38,,,0.2185,18,642769.77,0.54,692.1,1,1,2,1,8428.23,52164.16,48631.79,12,2,0,0,0,21
C03449,2025-04-01,Nairobi,SME_Trade,Micro_Enterprise,M,48,Tier2,134,0,Personal_Loan,553400.73,,,0.2148,36,172222.3,3.2133,614.2,1,1,5,4,26717.49,146400.79,91999.01,15,2,1,1,0,26
C03483,2025-04-01,Mombasa,Salaried,Permanent,F,56,Tier2,103,1,SME_Loan,492604.45,,,0.1611,48,0.0,5.0,672.9,1,0,7,3,12512.21,114207.29,143806.07,18,5,1,0,0,25
C03485,2025-04-01,Machakos,Hospitality,Micro_Enterprise,M,39,Tier3,43,0,SME_Loan,465699.97,,,0.1491,48,656947.01,0.7089,648.8,2,2,0,0,7664.84,50536.71,37094.84,26,7,2,0,0,10
C00044,2025-05-01,Kiambu,Agribusiness,Micro_Enterprise,M,36,Tier1,132,0,Personal_Loan,182754.19,,,0.1419,36,105762.83,1.728,712.4,1,1,5,1,8098.68,22856.93,19247.46,13,2,1,0,0,30
C00051,2025-05-01,Nakuru,Salaried,Permanent,M,55,Tier2,163,1,SME_Loan,522560.03,,,0.1605,24,321113.46,1.6273,649.7,2,1,35,4,22131.78,56042.45,46810.34,29,6,1,0,0,14
C00057,2025-05-01,Nyeri,Salaried,Permanent,F,45,Tier3,150,1,SME_Loan,1091489.53,,,0.2445,24,,,631.0,3,2,0,0,18112.0,112313.0,119760.72,27,10,0,0,0,20
C00132,2025-05-01,Kiambu,Hospitality,Self_Employed,M,45,Tier2,111,0,SME_Loan,175868.96,,,0.0639,36,497510.54,0.3535,598.7,1,2,1,3,17735.13,122172.04,56412.84,14,3,0,0,0,11
C00133,2025-05-01,Machakos,SME_Services,Micro_Enterprise,F,25,Tier2,93,0,Personal_Loan,469922.13,,,0.2332,12,184077.35,2.5529,600.2,1,0,12,2,0.0,119266.69,110833.29,14,8,1,0,0,27
C00139,2025-05-01,Kisumu,Agribusiness,Micro_Enterprise,M,36,Tier3,200,0,Personal_Loan,347159.1,,,0.2182,18,409956.29,0.8468,646.4,1,1,3,1,6531.54,93733.55,43957.89,16,6,2,1,0,15
C00145,2025-05-01,Kisumu,SME_Trade,Self_Employed,F,65,Tier2,150,1,SME_Loan,353613.43,,,0.1616,24,0.0,5.0,697.6,3,0,0,0,825.71,11895.56,9156.52,15,2,0,0,0,25
C00160,2025-05-01,Machakos,Salaried,Permanent,M,56,Tier2,240,1,SME_Loan,902812.41,,,0.2686,12,674363.14,1.3388,673.8,4,1,0,1,13033.9,82753.92,69998.35,26,8,1,0,0,11
C00189,2025-05-01,Nyeri,SME_Trade,Self_Employed,F,31,Tier2,167,0,Personal_Loan,261341.13,,,0.1885,36,617037.06,0.4235,578.4,1,0,0,3,5767.62,25777.22,27386.14,25,6,1,0,0,30
C00207,2025-05-01,Nairobi,SME_Services,Self_Employed,M,55,Tier2,62,1,Personal_Loan,340342.05,,,0.2289,24,425487.64,0.7999,656.7,2,0,2,2,3330.57,41883.29,23692.74,14,7,1,0,0,8
C00209,2025-05-01,Nairobi,Salaried,Permanent,M,32,Tier2,33,1,Overdraft,49829.24,174079.41,0.1575,0.1433,0,235096.73,0.212,703.3,3,1,0,1,21044.03,109416.24,112642.48,21,3,0,0,0,19
C00244,2025-05-01,Mombasa,Salaried,Contract,F,50,Tier2,235,1,Personal_Loan,378638.44,,,0.1947,36,476092.47,0.7953,603.5,1,1,0,1,5039.14,53476.59,39178.22,32,4,0,0,0,15
C00276,2025-05-01,Kakamega,SME_Trade,Self_Employed,F,42,Tier3,177,0,SME_Loan,722022.66,,,0.1818,36,,,657.8,1,1,0,0,3671.68,26586.3,8670.74,29,5,3,0,0,21
C00278,2025-05-01,Nairobi,Transport,Self_Employed,F,56,Tier3,99,1,Personal_Loan,458148.27,,,0.2845,18,782599.51,0.5854,609.9,1,1,0,0,0.0,0.0,0.0,19,2,1,1,0,31
C00305,2025-05-01,Kiambu,Transport,Micro_Enterprise,F,45,Tier2,125,0,SME_Loan,515271.15,,,0.0996,36,271489.15,1.8979,687.2,2,1,1,3,1257.74,7231.88,7592.07,25,3,1,1,0,34
C00308,2025-05-01,Mombasa,Other,Self_Employed,M,45,Tier2,157,1,SME_Loan,387215.49,,,0.2414,48,28242.95,5.0,697.8,3,0,13,4,6101.45,40355.0,45264.3,24,6,2,0,0,34
C00345,2025-05-01,Nakuru,Salaried,Permanent,M,61,Tier3,219,1,Personal_Loan,282784.54,,,0.246,24,,,669.0,1,1,8,3,7858.25,77608.65,97502.07,33,3,0,0,0,32
C00367,2025-05-01,Kisumu,Salaried,Permanent,F,42,Tier1,125,1,SME_Loan,267229.6,,,0.1963,24,,,717.4,1,0,0,1,38404.56,110368.88,102694.13,22,11,1,1,0,27
C00421,2025-05-01,Uasin Gishu,Salaried,Permanent,F,62,Tier2,125,1,Personal_Loan,328150.17,,,0.2177,12,236873.55,1.3853,598.0,1,1,9,3,24962.38,126970.63,141662.98,24,2,0,0,0,9
C00424,2025-05-01,Nakuru,Salaried,Permanent,F,47,Tier1,189,1,SME_Loan,531675.36,,,0.2981,36,1659.29,5.0,627.2,2,3,20,2,5601.27,124816.41,80434.05,27,6,0,1,0,228
C00436,2025-05-01,Nairobi,Other,Self_Employed,F,26,Tier1,237,0,SME_Loan,264067.33,,,0.2058,48,613679.82,0.4303,598.4,2,0,1,3,1578.11,11807.02,11801.64,23,1,0,1,0,182
C00494,2025-05-01,Kakamega,Salaried,Permanent,F,48,Tier1,131,1,Overdraft,10202.79,217151.26,0.0088,0.2266,0,182263.55,0.056,456.6,1,5,19,1,41806.38,169933.63,185023.92,17,9,0,0,0,27
C00505,2025-05-01,Nairobi,Transport,Micro_Enterprise,M,33,Tier1,201,0,Personal_Loan,380033.7,,,0.1554,36,12199.08,5.0,684.6,2,0,0,1,15534.07,57057.46,64366.42,16,0,1,0,0,15
C00526,2025-05-01,Nairobi,Salaried,Permanent,F,34,Tier1,83,1,SME_Loan,567602.47,,,0.1552,36,28547.29,5.0,567.4,4,0,4,1,0.0,0.0,0.0,25,6,1,0,0,9
C00544,2025-05-01,Nairobi,Salaried,Permanent,F,28,Tier2,206,1,Personal_Loan,608574.75,,,0.2574,18,474599.73,1.2823,647.1,2,0,0,1,2040.38,122413.71,163337.36,26,4,1,0,0,12
C00569,2025-05-01,Mombasa,Agribusiness,Self_Employed,M,49,Tier2,111,0,SME_Loan,515344.75,,,0.2171,24,325457.12,1.5834,631.0,2,0,0,0,12730.7,91111.5,114827.85,16,4,0,0,0,33
C00600,2025-05-01,Machakos,Salaried,Permanent,F,49,Tier2,103,1,Personal_Loan,450916.45,,,0.2047,18,374395.08,1.2044,536.9,1,0,1,2,6416.66,62409.38,39992.59,26,6,3,0,0,6
C00621,2025-05-01,Uasin Gishu,Construction,Micro_Enterprise,M,40,Tier2,97,1,Overdraft,183926.75,147071.67,1.255,0.1903,0,73816.08,2.4917,535.8,1,0,4,3,4643.93,17558.78,21984.18,21,3,0,1,0,126
C00640,2025-05-01,Nairobi,Salaried,Permanent,F,63,Tier2,225,1,Personal_Loan,386020.9,,,0.1958,24,284697.64,1.3559,598.6,1,0,0,0,0.0,173110.81,141601.07,24,14,0,0,0,27
C00662,2025-05-01,Nairobi,Salaried,Permanent,M,54,Tier2,149,1,Personal_Loan,378707.77,,,0.2483,12,0.0,5.0,476.1,1,3,22,2,13714.64,41681.42,44438.96,21,4,0,0,0,154
C00728,2025-05-01,Mombasa,Agribusiness,Self_Employed,F,24,Tier2,133,0,Personal_Loan,159074.91,,,0.2458,36,603627.29,0.2635,547.3,1,0,13,3,372.16,9443.69,13237.26,16,4,0,0,0,5
C00733,2025-05-01,Meru,Other,Micro_Enterprise,F,62,Tier2,167,0,Overdraft,22140.66,192660.02,0.0,0.1606,0,77640.28,0.2852,566.7,1,2,1,2,11388.76,51520.27,22120.22,22,5,0,0,0,24
C00742,2025-05-01,Kiambu,Hospitality,Self_Employed,F,55,Tier1,198,0,Personal_Loan,298595.7,,,0.198,36,1240943.18,0.2406,627.2,1,1,7,3,0.0,0.0,0.0,15,1,3,0,0,29
C00760,2025-05-01,Meru,Salaried,Permanent,M,53,Tier1,125,1,Personal_Loan,424445.65,,,0.2293,24,95139.84,4.4613,769.4,2,0,0,1,1761.64,21448.26,22590.1,23,2,0,0,0,28
C00784,2025-05-01,Nairobi,SME_Trade,Self_Employed,F,26,Tier3,116,0,Overdraft,146868.26,308564.02,0.503,0.1721,0,178760.82,0.8216,649.8,2,1,4,4,43364.35,170752.81,130522.93,17,5,0,0,0,236
C00791,2025-05-01,Kisumu,Other,Micro_Enterprise,M,25,Tier3,203,1,Credit_Card,39414.01,30000.0,0.5086,0.2554,0,,,541.8,1,0,16,6,10236.0,178036.97,183161.91,21,6,1,1,0,127
C00799,2025-05-01,Nairobi,SME_Trade,Micro_Enterprise,F,35,Tier1,176,1,Personal_Loan,199243.56,,,0.2185,24,508532.98,0.3918,726.5,1,1,2,5,17359.63,139328.79,115775.5,18,4,0,0,0,9
C00811,2025-05-01,Uasin Gishu,SME_Services,Self_Employed,M,22,Tier2,201,0,Overdraft,235661.71,271630.95,1.0061,0.3251,0,0.0,5.0,556.0,1,1,11,2,0.0,0.0,0.0,15,3,1,0,0,12
C00844,2025-05-01,Uasin Gishu,SME_Services,Micro_Enterprise,F,22,Tier1,100,0,Credit_Card,142701.99,160398.23,1.0853,0.2611,0,,,648.9,1,4,6,1,0.0,52077.96,24083.1,15,4,0,0,0,5
C00873,2025-05-01,Kiambu,Hospitality,Self_Employed,F,26,Tier2,136,0,Credit_Card,75081.42,133342.41,0.5315,0.3511,0,,,632.7,1,1,0,1,15450.8,79211.83,59820.6,16,6,1,0,0,22
C00888,2025-05-01,Nairobi,Transport,Self_Employed,F,29,Tier3,182,0,Credit_Card,150103.68,172757.47,0.7417,0.2891,0,,,512.5,1,0,12,4,3338.89,22100.27,35061.12,21,2,2,0,0,31
C00920,2025-05-01,Kiambu,Construction,Self_Employed,M,49,Tier2,131,0,SME_Loan,0.0,,,0.1017,36,0.0,0.05,698.2,1,0,6,3,24345.84,82837.88,71841.06,20,3,0,0,0,11
C00967,2025-05-01,Nakuru,Salaried,Contract,M,48,Tier2,179,1,Overdraft,186783.0,230296.77,0.5913,0.3336,0,68184.32,2.7394,630.3,1,0,0,0,6485.69,133843.79,117184.31,26,1,0,0,0,14
C00973,2025-05-01,Nakuru,SME_Trade,Micro_Enterprise,F,42,Tier2,236,0,Personal_Loan,428848.66,,,0.2965,18,595148.66,0.7206,710.8,1,4,6,3,20577.48,126679.18,93314.97,18,4,0,0,0,14
C00975,2025-05-01,Nakuru,SME_Services,Self_Employed,F,27,Tier3,185,0,SME_Loan,604528.48,,,0.1467,48,0.0,5.0,720.6,1,1,0,3,2489.14,45792.12,15740.38,20,4,0,0,0,21
C00990,2025-05-01,Nakuru,SME_Services,Self_Employed,M,56,Tier3,150,1,Overdraft,161585.05,442722.92,0.4066,0.2162,0,203724.64,0.7932,685.8,2,0,5,1,6718.45,49854.91,35390.86,17,5,1,0,0,12
C01026,2025-05-01,Kiambu,Salaried,Contract,F,23,Tier3,190,1,Personal_Loan,344543.9,,,0.1812,18,503269.07,0.6846,658.7,2,2,2,1,6941.94,159486.09,177853.9,32,9,0,0,0,26
C01033,2025-05-01,Mombasa,SME_Services,Micro_Enterprise,M,53,Tier1,173,0,Personal_Loan,517772.84,,,0.2267,24,441874.31,1.1718,709.6,4,0,0,2,11591.93,70826.9,46273.11,18,6,0,0,0,20
C01075,2025-05-01,Uasin Gishu,SME_Trade,Micro_Enterprise,M,42,Tier1,190,1,SME_Loan,518287.63,,,0.2224,36,695092.65,0.7456,627.2,1,1,16,3,31593.09,159359.46,168466.65,14,10,2,0,0,11
C01099,2025-05-01,Nakuru,Salaried,Permanent,M,22,Tier1,179,1,Personal_Loan,318055.44,,,0.1667,12,0.0,5.0,515.1,1,1,13,0,24373.82,169760.25,127045.94,19,6,0,0,0,16
C01140,2025-05-01,Nairobi,Hospitality,Micro_Enterprise,F,45,Tier2,174,0,Credit_Card,28435.73,152453.26,0.0633,0.2738,0,,,666.7,1,1,5,0,6219.98,38090.83,43381.3,26,3,2,0,0,18
C01193,2025-05-01,Meru,Transport,Self_Employed,M,28,Tier1,114,0,Personal_Loan,268502.02,,,0.2282,12,501192.17,0.5357,603.5,2,1,0,1,4458.95,28462.06,29691.66,8,6,2,0,0,13
C01209,2025-05-01,Nakuru,SME_Trade,Self_Employed,F,33,Tier2,197,1,SME_Loan,889810.33,,,0.3143,48,328161.66,2.7115,683.1,6,0,5,4,18248.5,131796.96,118235.77,17,5,2,0,0,20
C01240,2025-05-01,Nyeri,Salaried,Contract,M,22,Tier2,190,1,Personal_Loan,212348.12,,,0.2567,18,212922.92,0.9973,651.2,1,0,7,5,3229.49,53576.41,45204.19,22,6,0,0,0,13
C01246,2025-05-01,Nairobi,SME_Trade,Self_Employed,M,65,Tier1,185,0,Personal_Loan,323482.18,,,0.19,36,462960.45,0.6987,611.2,1,1,1,1,22210.02,101472.15,118068.25,16,8,1,0,0,13
C01283,2025-05-01,Kiambu,Agribusiness,Self_Employed,F,38,Tier2,197,0,SME_Loan,225488.32,,,0.0931,36,648885.52,0.3475,579.4,3,2,5,2,3930.85,25637.04,19961.93,14,2,1,0,0,29
C01326,2025-05-01,Uasin Gishu,Agribusiness,Micro_Enterprise,M,29,Tier2,122,0,Overdraft,33770.36,271174.44,0.0792,0.2767,0,122146.71,0.2765,475.7,1,0,6,2,13508.51,140302.86,71313.25,13,8,0,0,0,31
C01472,2025-05-01,Mombasa,Agribusiness,Self_Employed,M,52,Tier2,145,1,Personal_Loan,387503.83,,,0.2642,18,261470.54,1.482,605.7,2,0,6,3,25508.09,163314.93,147177.28,19,6,0,0,0,15
C01492,2025-05-01,Mombasa,Salaried,Permanent,M,43,Tier2,99,1,Personal_Loan,405925.53,,,0.1841,24,407212.04,0.9968,660.1,1,0,0,0,2778.19,117130.89,62971.94,32,8,0,1,0,229
C01506,2025-05-01,Nairobi,Salaried,Contract,M,31,Tier2,38,1,SME_Loan,564546.37,,,0.3226,24,414535.32,1.3619,726.8,1,1,5,0,15651.41,129780.83,113329.72,29,5,1,0,0,33
C01512,2025-05-01,Uasin Gishu,Other,Self_Employed,M,31,Tier2,172,1,SME_Loan,808345.46,,,0.1674,24,543586.47,1.4871,537.4,1,0,5,2,4358.34,26752.37,31211.1,19,5,0,0,0,15
C01514,2025-05-01,Kiambu,Salaried,Permanent,M,35,Tier2,138,1,SME_Loan,755570.51,,,0.1958,36,452273.0,1.6706,601.6,2,1,1,1,12846.16,116225.04,90310.87,27,4,0,0,0,30
C01536,2025-05-01,Nakuru,Salaried,Permanent,M,22,Tier1,170,1,Personal_Loan,108858.55,,,0.2068,36,1140777.87,0.0954,778.3,2,2,0,3,14501.06,125358.06,106333.02,26,3,0,0,0,10
C01538,2025-05-01,Kiambu,Construction,Self_Employed,F,25,Tier2,177,1,Personal_Loan,642845.39,,,0.2421,18,126159.96,5.0,625.1,2,1,6,3,0.0,0.0,0.0,17,2,0,1,0,11
C01581,2025-05-01,Nakuru,SME_Trade,Self_Employed,M,34,Tier2,64,1,SME_Loan,303784.96,,,0.1474,24,1064098.52,0.2855,594.3,4,0,13,3,6614.72,294987.11,163887.29,18,5,0,0,0,9
C01604,2025-05-01,Kisumu,Agribusiness,Self_Employed,F,35,Tier1,199,0,Credit_Card,0.0,228825.8,0.0919,0.3483,0,,,617.6,1,0,0,3,356.11,9791.3,10407.85,12,4,0,0,0,30
C01611,2025-05-01,Nairobi,Transport,Self_Employed,F,55,Tier3,75,1,Personal_Loan,449144.4,,,0.2329,18,236159.3,1.9019,665.7,1,0,0,0,5852.88,19424.99,19285.26,25,4,1,0,0,13
C01622,2025-05-01,Nakuru,Salaried,Permanent,F,21,Tier2,220,1,SME_Loan,360207.61,,,0.1653,24,867205.63,0.4154,756.7,1,0,10,4,18787.29,79095.64,103370.44,20,11,0,0,0,30
C01702,2025-05-01,Nyeri,Construction,Micro_Enterprise,M,29,Tier1,133,0,SME_Loan,706329.85,,,0.2119,12,399925.62,1.7662,655.3,2,0,0,0,1962.04,13184.67,9500.19,12,2,1,0,0,7
C01743,2025-05-01,Kakamega,Hospitality,Self_Employed,M,41,Tier2,120,0,Personal_Loan,554624.72,,,0.2643,24,799525.59,0.6937,503.2,1,2,11,2,1839.73,11498.64,12585.61,16,5,1,0,0,32
C01745,2025-05-01,Machakos,Construction,Self_Employed,F,30,Tier2,58,0,Personal_Loan,129917.99,,,0.2013,36,,,594.7,1,2,5,2,33446.67,164861.42,120536.49,11,1,0,0,0,18
C01790,2025-05-01,Kakamega,Hospitality,Self_Employed,F,54,Tier2,132,0,Personal_Loan,596740.28,,,0.2791,24,654949.7,0.9111,754.2,1,0,0,0,3266.77,36114.39,35350.11,25,3,1,1,1,163
C01832,2025-05-01,Meru,SME_Trade,Self_Employed,M,63,Tier3,183,0,Overdraft,55725.25,415648.39,0.1796,0.1887,0,79430.88,0.7016,687.5,2,0,0,2,6527.27,27441.9,16528.16,18,2,1,0,0,7
C01853,2025-05-01,Nakuru,Construction,Micro_Enterprise,M,41,Tier1,237,0,Credit_Card,198222.05,125056.79,1.7065,0.3533,0,,,685.4,2,0,1,2,3394.14,11189.24,10230.21,11,2,0,0,0,28
C01947,2025-05-01,Nairobi,SME_Trade,Self_Employed,F,28,Tier2,144,0,Credit_Card,114344.47,303941.37,0.1791,0.3854,0,,,624.6,1,0,0,2,49903.65,174889.9,115572.86,20,4,0,0,0,34
C01973,2025-05-01,Nakuru,Salaried,Contract,M,51,Tier2,240,1,Credit_Card,13277.84,200536.25,0.257,0.2977,0,,,654.7,1,2,0,0,18386.79,115545.54,116185.36,20,7,1,1,0,228
C02001,2025-05-01,Nakuru,Salaried,Permanent,F,60,Tier2,161,1,Personal_Loan,557024.03,,,0.2679,12,412043.81,1.3519,840.9,1,1,13,3,12964.82,44270.2,60923.76,18,6,1,0,0,20
C02006,2025-05-01,Nairobi,SME_Trade,Micro_Enterprise,F,26,Tier2,160,0,Credit_Card,72419.06,30000.0,1.3272,0.3639,0,,,516.3,1,2,14,2,5528.83,125369.43,139632.21,23,3,0,0,1,180
C02016,2025-05-01,Nairobi,Salaried,Permanent,M,35,Tier2,176,1,Personal_Loan,202687.7,,,0.2499,36,,,637.3,1,1,1,5,213.88,123915.27,86455.39,19,3,0,0,0,26
C02106,2025-05-01,Mombasa,Salaried,Permanent,F,33,Tier2,122,1,Personal_Loan,283494.35,,,0.1786,12,289408.86,0.9796,567.9,1,2,0,1,3011.06,40238.0,25962.92,23,4,0,0,0,202
C02108,2025-05-01,Nairobi,Agribusiness,Micro_Enterprise,F,27,Tier2,235,0,Personal_Loan,359553.86,,,0.2287,24,674889.4,0.5328,670.8,1,0,0,1,2676.97,12015.66,5166.46,14,8,1,0,0,6
C02136,2025-05-01,Machakos,Salaried,Permanent,F,51,Tier2,163,1,Overdraft,146045.7,193246.92,0.8516,0.235,0,157144.89,0.9294,622.4,1,1,4,2,13385.26,62100.75,50811.73,33,5,0,0,0,9
C02167,2025-05-01,Nairobi,SME_Trade,Micro_Enterprise,M,35,Tier2,156,0,SME_Loan,530214.89,,,0.1688,48,0.0,5.0,680.0,1,1,1,2,0.0,87834.55,62269.17,19,4,0,0,0,31
C02222,2025-05-01,Machakos,Construction,Self_Employed,F,27,Tier2,6,1,Credit_Card,69625.53,69554.29,1.1595,0.2412,0,,,551.1,2,2,11,2,10879.79,57541.15,47121.12,21,5,0,1,0,227
C02246,2025-05-01,Machakos,Transport,Micro_Enterprise,F,58,Tier1,89,0,Personal_Loan,412054.61,,,0.1982,18,205157.7,2.0085,480.8,2,2,13,2,11388.66,36509.73,44465.05,17,2,0,0,0,128
C02281,2025-05-01,Nairobi,Salaried,Permanent,M,55,Tier2,191,1,SME_Loan,356815.59,,,0.2438,12,375078.48,0.9513,599.1,4,1,1,4,6646.92,43858.05,53778.75,24,6,2,0,0,34
C02301,2025-05-01,Kakamega,Salaried,Permanent,M,33,Tier3,193,1,Personal_Loan,335101.3,,,0.3196,18,0.0,5.0,608.9,1,0,0,0,15414.88,61069.79,69363.37,24,8,0,0,0,25
C02317,2025-05-01,Nairobi,Construction,Micro_Enterprise,F,24,Tier1,114,0,Credit_Card,36998.47,309832.56,0.1089,0.2742,0,,,620.0,1,1,3,1,4713.84,49423.94,42115.97,9,4,0,0,0,18
C02327,2025-05-01,Kakamega,Salaried,Permanent,M,36,Tier2,79,1,Overdraft,144416.2,50000.0,1.8,0.2789,0,242340.35,0.5959,551.3,2,0,13,1,11638.09,66863.48,56278.9,26,2,0,0,0,5
C02346,2025-05-01,Kakamega,Transport,Micro_Enterprise,F,32,Tier1,185,0,Credit_Card,12125.53,191511.09,0.0038,0.2997,0,,,417.1,1,0,35,3,7341.41,59278.62,64030.43,17,6,1,0,0,33
C02350,2025-05-01,Uasin Gishu,SME_Trade,Micro_Enterprise,M,43,Tier2,189,1,Overdraft,61857.23,107845.91,0.9027,0.2019,0,,,593.7,1,1,2,1,3158.58,21134.37,20243.9,10,6,0,0,0,14
C02402,2025-05-01,Nairobi,Salaried,Permanent,M,46,Tier1,99,1,Personal_Loan,169699.48,,,0.2611,18,376159.1,0.4511,536.2,1,3,4,4,6011.66,110032.06,116337.25,25,8,2,0,0,23
C02418,2025-05-01,Mombasa,Construction,Micro_Enterprise,F,32,Tier2,155,1,Personal_Loan,331130.7,,,0.1685,36,389165.91,0.8509,797.4,1,0,0,0,14577.98,78020.7,35443.97,9,4,0,0,0,9
C02440,2025-05-01,Mombasa,Salaried,Contract,M,23,Tier3,130,1,SME_Loan,675211.86,,,0.1226,36,336517.2,2.0065,679.2,2,1,5,3,433.88,39061.2,44019.35,36,9,1,0,0,13
C02448,2025-05-01,Meru,Salaried,Contract,M,50,Tier1,230,1,Personal_Loan,374674.69,,,0.2388,18,302117.92,1.2402,616.7,4,1,14,2,37033.8,199452.07,236290.71,20,3,1,0,0,34
C02462,2025-05-01,Machakos,Agribusiness,Micro_Enterprise,F,30,Tier2,142,0,Overdraft,75969.88,281675.32,0.307,0.224,0,,,535.7,3,1,32,1,0.0,30736.07,42344.07,19,4,0,0,0,10
C02581,2025-05-01,Nyeri,SME_Services,Self_Employed,F,38,Tier1,169,1,Personal_Loan,375864.65,,,0.2831,18,170765.59,2.2011,615.8,1,1,14,5,13982.49,144072.81,137075.6,17,5,4,0,1,165
C02614,2025-05-01,Nakuru,Salaried,Permanent,M,47,Tier2,9,1,SME_Loan,0.0,,,0.3209,12,565842.91,0.05,669.0,1,0,0,2,2560.7,14421.49,18594.51,17,8,1,0,0,34
C02696,2025-05-01,Nairobi,Salaried,Permanent,F,37,Tier1,180,1,SME_Loan,268835.37,,,0.2184,48,492444.19,0.5459,609.1,2,1,0,0,36414.66,150500.3,130144.59,18,7,3,0,0,17
C02714,2025-05-01,Kiambu,Salaried,Contract,M,44,Tier2,176,1,Personal_Loan,357663.72,,,0.2069,12,,,483.4,5,1,57,6,5427.84,54662.26,54097.05,23,7,0,0,0,34
C02733,2025-05-01,Kakamega,Salaried,Contract,M,62,Tier2,165,1,Personal_Loan,511663.56,,,0.2165,12,663654.23,0.771,689.4,1,0,2,3,4160.89,16959.52,17063.16,23,5,1,0,0,9
C02788,2025-05-01,Nakuru,Salaried,Permanent,M,23,Tier3,186,1,Personal_Loan,679492.68,,,0.1722,36,264973.58,2.5644,538.2,1,0,4,0,31153.95,220089.5,183980.89,28,10,1,0,0,15
C02825,2025-05-01,Nyeri,Transport,Self_Employed,M,48,Tier2,66,0,Personal_Loan,286170.16,,,0.2627,12,416911.27,0.6864,527.8,1,1,15,5,5611.22,47907.99,39567.4,17,7,1,0,1,31
C02878,2025-05-01,Kiambu,Other,Self_Employed,F,63,Tier1,166,0,Personal_Loan,264433.74,,,0.2464,24,,,568.5,1,1,4,1,423.99,2545.88,3758.45,29,3,1,0,1,9
C02911,2025-05-01,Mombasa,Agribusiness,Self_Employed,M,26,Tier2,25,1,Personal_Loan,226441.1,,,0.2241,24,422736.94,0.5357,651.5,2,1,3,1,13077.06,142006.46,141039.93,20,4,2,0,0,6
C02935,2025-05-01,Mombasa,Transport,Micro_Enterprise,M,57,Tier3,148,1,Personal_Loan,390204.73,,,0.2464,24,495235.45,0.7879,622.9,1,0,0,0,3156.99,57600.53,51287.52,15,3,1,0,0,27
C02936,2025-05-01,Kakamega,Transport,Self_Employed,F,31,Tier1,214,0,Personal_Loan,59548.6,,,0.1886,12,103467.75,0.5755,786.1,1,1,15,5,18847.92,85956.98,130993.05,12,3,2,0,0,8
C02982,2025-05-01,Nairobi,Salaried,Contract,M,23,Tier1,150,1,Overdraft,66882.4,288285.3,0.1444,0.2401,0,100021.94,0.6687,626.1,3,0,3,1,0.0,0.0,0.0,27,6,1,0,0,21
C03052,2025-05-01,Mombasa,SME_Trade,Self_Employed,F,28,Tier1,228,0,Personal_Loan,387478.67,,,0.2133,24,358416.19,1.0811,582.2,1,0,0,4,2197.21,36617.51,41466.1,17,2,2,0,0,31
C03057,2025-05-01,Kiambu,SME_Services,Self_Employed,F,57,Tier3,103,0,Personal_Loan,338490.43,,,0.1633,18,309571.89,1.0934,778.0,2,0,0,1,1422.22,10548.9,9212.2,24,1,1,0,0,31
C03088,2025-05-01,Nairobi,Hospitality,Self_Employed,F,28,Tier2,212,0,Credit_Card,33811.87,265342.55,0.1534,0.2042,0,,,634.6,1,0,22,3,6873.26,85026.61,61067.5,19,3,1,0,0,11
C03094,2025-05-01,Mombasa,SME_Trade,Self_Employed,F,31,Tier1,177,0,Personal_Loan,361463.36,,,0.2132,12,493948.53,0.7318,638.9,1,0,7,1,0.0,37530.0,35855.92,15,7,1,0,0,6
C03125,2025-05-01,Uasin Gishu,SME_Trade,Micro_Enterprise,M,40,Tier1,53,1,Personal_Loan,517873.23,,,0.2942,12,591118.6,0.8761,566.8,1,0,4,4,276.27,89795.62,85188.56,16,4,1,0,0,5
C03185,2025-05-01,Machakos,Construction,Self_Employed,M,49,Tier2,200,0,Personal_Loan,408494.1,,,0.2154,36,656384.56,0.6223,666.4,1,1,16,3,8967.07,24377.04,13533.74,19,4,0,0,0,21
C03239,2025-05-01,Machakos,Hospitality,Self_Employed,M,60,Tier2,227,0,Overdraft,221983.15,349565.4,0.6594,0.2161,0,61645.88,3.6009,535.2,2,0,18,2,16633.66,91730.57,46267.34,17,3,4,0,0,10
C03248,2025-05-01,Kakamega,SME_Trade,Self_Employed,M,25,Tier2,150,0,Personal_Loan,193857.77,,,0.1767,18,,,484.8,1,0,8,3,13920.34,61796.05,43358.79,15,5,0,0,0,13
C03299,2025-05-01,Machakos,SME_Trade,Micro_Enterprise,F,45,Tier2,89,0,Overdraft,215728.38,380685.06,0.72,0.1977,0,200352.85,1.0767,704.4,2,0,1,1,2089.53,24546.15,23651.21,21,1,1,1,0,13
C03318,2025-05-01,Kisumu,Other,Self_Employed,F,38,Tier2,122,0,SME_Loan,722992.9,,,0.1748,36,565266.58,1.279,622.8,2,1,0,1,16623.75,55031.78,54779.81,12,3,0,0,0,11
C03344,2025-05-01,Kisumu,SME_Trade,Self_Employed,F,48,Tier2,124,1,SME_Loan,753880.93,,,0.2292,36,22967.39,5.0,555.8,2,0,30,2,11318.01,48209.08,52427.94,20,3,0,0,0,9
C03345,2025-05-01,Nairobi,SME_Trade,Micro_Enterprise,M,45,Tier1,207,1,SME_Loan,618767.62,,,0.2299,24,,,708.4,2,0,0,4,8403.58,43378.19,49441.07,17,7,1,0,0,28
C03347,2025-05-01,Kiambu,SME_Trade,Self_Employed,M,48,Tier2,123,0,Overdraft,122881.84,50000.0,1.8,0.1561,0,107724.8,1.1407,662.8,1,0,0,1,2145.0,57955.1,57011.52,14,2,0,0,0,5
C03360,2025-05-01,Nairobi,Salaried,Permanent,M,44,Tier1,47,1,Personal_Loan,189346.17,,,0.2497,24,,,598.0,1,0,4,2,9363.85,38406.43,45225.04,21,7,1,0,0,12
C03428,2025-05-01,Kiambu,Construction,Self_Employed,F,60,Tier1,107,0,Overdraft,26521.65,224289.72,0.2504,0.2852,0,220091.27,0.1205,712.1,1,1,1,1,8296.86,74021.02,68982.37,20,1,3,0,0,16
C03444,2025-05-01,Nairobi,SME_Trade,Micro_Enterprise,M,30,Tier3,52,0,SME_Loan,534883.64,,,0.2382,24,,,610.4,1,0,2,2,7086.36,70999.64,70111.59,17,4,0,0,0,12
C03454,2025-05-01,Mombasa,Construction,Micro_Enterprise,F,36,Tier2,135,1,SME_Loan,450711.5,,,0.3132,36,487874.41,0.9238,636.4,1,0,5,0,17774.73,146312.73,122733.6,22,6,2,0,0,13
C03464,2025-05-01,Kiambu,Construction,Micro_Enterprise,M,23,Tier2,151,0,Personal_Loan,404371.16,,,0.1502,24,71746.47,5.0,628.0,1,0,0,0,10732.42,72869.97,46923.27,32,6,0,0,0,8
C03488,2025-05-01,Mombasa,Salaried,Contract,F,64,Tier1,98,1,Personal_Loan,192201.05,,,0.2734,24,,,682.9,1,1,4,2,24977.44,118402.53,59190.32,33,5,0,0,0,32
C00006,2025-05-31,Meru,Salaried,Contract,M,59,Tier2,70,1,Personal_Loan,495669.22,,,0.2576,36,457250.79,1.084,692.4,1,2,8,2,23409.83,171500.76,158311.06,22,7,0,0,0,12
C00036,2025-05-31,Nairobi,Salaried,Permanent,M,23,Tier1,205,1,Personal_Loan,403184.98,,,0.2764,18,0.0,5.0,671.3,3,0,0,3,13886.0,96876.09,98098.31,23,7,1,0,0,131
C00044,2025-05-31,Kiambu,Agribusiness,Micro_Enterprise,M,36,Tier1,162,0,Personal_Loan,175397.18,,,0.1419,36,105762.83,1.6584,713.3,1,1,6,2,260.52,6141.84,5685.14,11,2,0,0,0,17
C00145,2025-05-31,Kisumu,SME_Trade,Self_Employed,F,65,Tier2,180,1,SME_Loan,353764.79,,,0.1616,24,0.0,5.0,692.4,3,0,0,0,1239.29,8041.18,8396.19,14,5,0,0,0,21
C00150,2025-05-31,Nairobi,Salaried,Permanent,F,23,Tier2,266,1,Overdraft,47174.0,390368.49,0.1623,0.1755,0,30987.22,1.5224,643.6,1,0,0,1,53488.03,191732.06,194296.11,26,5,0,0,0,13
C00209,2025-05-31,Nairobi,Salaried,Permanent,M,32,Tier2,63,1,Overdraft,72613.45,174079.41,0.2862,0.1433,0,235096.73,0.3089,697.9,3,1,0,1,3310.74,50897.91,37648.26,18,7,0,0,0,18
C00285,2025-05-31,Meru,SME_Trade,Self_Employed,F,40,Tier2,171,1,SME_Loan,708623.06,,,0.2276,36,,,639.0,2,1,29,4,8616.29,85290.09,97411.92,23,5,0,0,0,34
C00291,2025-05-31,Nyeri,Salaried,Permanent,F,57,Tier3,154,1,Overdraft,177572.13,148213.54,1.0848,0.1851,0,80269.11,2.2122,591.5,1,2,0,2,5766.71,67610.36,64704.36,30,2,1,0,0,21
C00307,2025-05-31,Mombasa,SME_Services,Self_Employed,M,34,Tier3,251,0,SME_Loan,976354.2,,,0.2527,24,578534.44,1.6876,639.8,4,0,0,2,1287.23,46370.11,49696.12,18,6,1,0,0,22
C00324,2025-05-31,Meru,SME_Services,Self_Employed,M,62,Tier2,168,1,Personal_Loan,244323.47,,,0.1998,18,416585.41,0.5865,707.1,1,1,6,3,31026.1,116400.58,134833.12,24,13,0,0,1,192
C00345,2025-05-31,Nakuru,Salaried,Permanent,M,61,Tier3,249,1,Personal_Loan,303315.82,,,0.246,24,869302.41,0.3489,659.8,1,1,6,3,16764.0,80361.74,78821.13,37,5,1,0,0,21
C00421,2025-05-31,Uasin Gishu,Salaried,Permanent,F,62,Tier2,155,1,Personal_Loan,329558.91,,,0.2177,12,236873.55,1.3913,592.3,1,1,8,4,0.0,21470.38,15317.21,20,6,0,0,0,7
C00425,2025-05-31,Nakuru,Construction,Self_Employed,F,39,Tier3,75,1,Credit_Card,19252.6,213225.72,0.0,0.2704,0,,,678.8,1,1,3,3,4400.36,31663.4,36559.56,19,3,0,0,1,11
C00569,2025-05-31,Mombasa,Agribusiness,Self_Employed,M,49,Tier2,141,0,SME_Loan,541312.5,,,0.2171,24,325457.12,1.6632,638.3,2,0,1,0,1119.19,8415.06,5220.57,14,2,1,0,0,15
C00581,2025-05-31,Kiambu,SME_Services,Self_Employed,M,25,Tier2,254,0,SME_Loan,752235.99,,,0.1876,36,132216.54,5.0,707.8,4,0,14,4,28339.65,122043.74,88355.77,17,4,2,0,0,12
C00600,2025-05-31,Machakos,Salaried,Permanent,F,49,Tier2,133,1,Personal_Loan,441841.67,,,0.2047,18,374395.08,1.1801,528.5,1,0,3,2,39.83,516.05,609.8,28,8,0,0,0,7
C00621,2025-05-31,Uasin Gishu,Construction,Micro_Enterprise,M,40,Tier2,127,1,Overdraft,166802.95,147071.67,1.2506,0.1903,0,,,534.4,1,0,2,4,10779.73,43729.09,23713.76,19,2,1,0,0,19
C00656,2025-05-31,Kakamega,SME_Services,Micro_Enterprise,F,44,Tier2,227,1,Personal_Loan,217714.62,,,0.2372,24,538245.97,0.4045,516.4,1,0,0,2,4978.98,16222.53,11487.49,20,2,0,0,0,34
C00760,2025-05-31,Meru,Salaried,Permanent,M,53,Tier1,155,1,Personal_Loan,419315.67,,,0.2293,24,95139.84,4.4074,778.7,2,0,0,0,4000.16,21352.35,22187.46,18,3,0,0,0,28
C00817,2025-05-31,Nakuru,Salaried,Permanent,F,22,Tier1,189,1,Personal_Loan,190443.8,,,0.1802,18,427318.48,0.4457,564.6,2,1,0,2,4625.27,38899.21,28850.18,23,3,1,0,0,21
C00821,2025-05-31,Kakamega,Salaried,Permanent,F,22,Tier2,15,1,Personal_Loan,180792.36,,,0.2148,18,119191.04,1.5168,736.1,3,1,2,3,15936.94,120688.02,123494.81,26,7,1,1,0,8
C00828,2025-05-31,Mombasa,Agribusiness,Micro_Enterprise,M,61,Tier1,207,0,SME_Loan,538102.29,,,0.1768,24,127354.68,4.2252,682.5,1,2,0,1,23193.46,91678.06,66240.12,21,9,1,0,0,5
C00844,2025-05-31,Uasin Gishu,SME_Services,Micro_Enterprise,F,22,Tier1,130,0,Credit_Card,162847.1,160398.23,0.8897,0.2611,0,,,633.1,1,4,14,1,0.0,0.0,0.0,25,5,0,0,0,23
C00967,2025-05-31,Nakuru,Salaried,Contract,M,48,Tier2,209,1,Overdraft,248505.0,230296.77,0.8111,0.3336,0,68184.32,3.6446,647.0,1,0,0,0,0.0,0.0,0.0,26,7,0,0,0,22
C00990,2025-05-31,Nakuru,SME_Services,Self_Employed,M,56,Tier3,180,1,Overdraft,116242.72,442722.92,0.365,0.2162,0,203724.64,0.5706,683.0,2,0,10,2,7247.3,34588.24,46192.91,30,1,1,0,0,32
C01030,2025-05-31,Nairobi,Transport,Self_Employed,F,36,Tier1,203,0,SME_Loan,1114562.28,,,0.1683,48,842927.76,1.3223,571.7,3,1,7,3,38524.09,118031.55,89799.52,16,3,1,0,0,5
C01033,2025-05-31,Mombasa,SME_Services,Micro_Enterprise,M,53,Tier1,203,0,Personal_Loan,486345.0,,,0.2267,24,441874.31,1.1006,712.1,4,0,1,2,14316.98,160488.68,160937.2,17,3,2,0,0,27
C01038,2025-05-31,Nyeri,Salaried,Contract,M,21,Tier1,215,1,Overdraft,55528.05,50000.0,0.0,0.2725,0,214232.7,0.2592,643.9,1,0,1,1,2740.83,24516.16,18055.59,32,8,0,0,0,22
C01075,2025-05-31,Uasin Gishu,SME_Trade,Micro_Enterprise,M,42,Tier1,220,1,SME_Loan,495075.62,,,0.2224,36,695092.65,0.7122,601.6,1,1,15,4,13458.62,152821.05,128975.44,15,5,1,1,0,22
C01099,2025-05-31,Nakuru,Salaried,Permanent,M,22,Tier1,209,1,Personal_Loan,316588.69,,,0.1667,12,0.0,5.0,514.8,1,1,20,0,7298.28,116785.77,136640.93,27,6,1,0,0,29
C01143,2025-05-31,Mombasa,Salaried,Permanent,M,62,Tier2,184,1,Personal_Loan,333217.99,,,0.1957,12,371465.6,0.897,535.1,2,1,14,1,3170.54,38415.93,33999.18,22,4,1,0,0,29
C01152,2025-05-31,Nairobi,Salaried,Permanent,M,43,Tier1,192,1,SME_Loan,1062761.09,,,0.2453,24,540299.65,1.967,551.4,1,2,17,0,0.0,167807.11,239201.01,18,3,2,0,0,29
C01181,2025-05-31,Kisumu,Salaried,Contract,M,48,Tier3,181,1,Overdraft,43431.42,266137.41,0.1198,0.3045,0,49306.6,0.8808,489.0,1,1,19,4,179.56,99138.24,101515.98,28,5,0,0,0,5
C01182,2025-05-31,Kisumu,Agribusiness,Self_Employed,F,62,Tier1,155,1,Personal_Loan,433520.31,,,0.1946,36,485393.33,0.8931,735.7,1,2,3,0,40829.8,165257.94,157380.17,17,4,0,0,0,8
C01296,2025-05-31,Meru,SME_Trade,Micro_Enterprise,M,44,Tier3,215,0,Credit_Card,17310.19,144401.85,0.0288,0.2615,0,,,707.7,1,2,0,0,17416.56,111180.59,76138.17,27,3,0,0,0,8
C01297,2025-05-31,Nairobi,SME_Services,Micro_Enterprise,M,32,Tier1,165,0,SME_Loan,603955.09,,,0.1434,24,240337.05,2.513,680.0,1,2,13,3,15226.69,100644.13,133827.89,14,4,1,0,0,28
C01337,2025-05-31,Nairobi,Agribusiness,Self_Employed,F,49,Tier2,169,0,Personal_Loan,430047.79,,,0.2491,24,200746.26,2.1422,569.0,1,0,11,3,1188.17,15726.3,22537.62,10,2,3,0,0,29
C01355,2025-05-31,Kiambu,SME_Services,Self_Employed,M,30,Tier1,175,0,Overdraft,1906.49,300366.27,0.1138,0.1869,0,,,632.0,1,0,7,2,600.45,19942.31,13131.61,14,2,0,1,0,18
C01456,2025-05-31,Nakuru,SME_Services,Micro_Enterprise,F,23,Tier3,161,1,Personal_Loan,240861.35,,,0.3459,24,392295.29,0.614,527.8,1,0,19,0,7438.04,61318.74,54922.42,27,0,2,0,0,32
C01472,2025-05-31,Mombasa,Agribusiness,Self_Employed,M,52,Tier2,175,1,Personal_Loan,394828.93,,,0.2642,18,261470.54,1.51,605.2,2,0,11,4,5691.75,45251.16,45920.84,14,1,2,1,1,195
C01480,2025-05-31,Nakuru,Salaried,Contract,M,39,Tier2,204,1,SME_Loan,579869.41,,,0.2396,24,210755.76,2.7514,561.4,2,1,6,3,22116.08,89349.31,57667.27,27,5,0,0,0,20
C01506,2025-05-31,Nairobi,Salaried,Contract,M,31,Tier2,68,1,SME_Loan,523895.13,,,0.3226,24,414535.32,1.2638,720.0,1,1,9,1,0.0,0.0,0.0,27,5,0,0,0,23
C01512,2025-05-31,Uasin Gishu,Other,Self_Employed,M,31,Tier2,202,1,SME_Loan,787535.51,,,0.1674,24,543586.47,1.4488,542.0,1,0,5,3,5240.11,41998.12,19486.23,25,6,2,0,0,13
C01514,2025-05-31,Kiambu,Salaried,Permanent,M,35,Tier2,168,1,SME_Loan,736618.48,,,0.1958,36,452273.0,1.6287,606.8,2,1,0,1,16138.79,113345.79,58977.74,24,3,2,0,0,27
C01517,2025-05-31,Meru,SME_Trade,Micro_Enterprise,F,42,Tier1,179,1,SME_Loan,682288.5,,,0.1581,12,,,654.6,2,1,6,2,23154.6,119532.0,141080.0,17,4,0,0,0,9
C01525,2025-05-31,Nakuru,Salaried,Contract,M,48,Tier1,235,1,Overdraft,248481.48,191319.48,1.0651,0.2228,0,137009.76,1.8136,732.1,1,1,0,0,9237.62,72347.0,35661.9,36,4,0,0,0,19
C01536,2025-05-31,Nakuru,Salaried,Permanent,M,22,Tier1,200,1,Personal_Loan,106094.09,,,0.2068,36,1140777.87,0.093,783.7,2,2,0,3,30235.25,136246.49,143166.43,26,3,1,0,0,16
C01611,2025-05-31,Nairobi,Transport,Self_Employed,F,55,Tier3,105,1,Personal_Loan,446663.23,,,0.2329,18,236159.3,1.8914,661.4,1,0,0,0,13667.1,48113.6,47939.8,22,4,3,0,0,13
C01614,2025-05-31,Mombasa,SME_Services,Self_Employed,M,52,Tier1,229,1,Personal_Loan,206227.81,,,0.2643,12,445142.76,0.4633,628.4,2,0,2,3,502.24,3701.58,3918.62,19,5,1,0,0,23
C01627,2025-05-31,Nairobi,SME_Services,Self_Employed,F,47,Tier3,226,0,Credit_Card,0.0,216174.54,0.168,0.3128,0,,,630.5,1,0,13,2,27958.02,89093.41,96703.57,25,1,1,0,0,15
C01745,2025-05-31,Machakos,Construction,Self_Employed,F,30,Tier2,88,0,Personal_Loan,136035.92,,,0.2013,36,453591.59,0.2999,589.4,1,2,6,3,19789.68,123603.12,115000.33,26,6,1,0,0,7
C01780,2025-05-31,Kakamega,SME_Trade,Micro_Enterprise,M,51,Tier2,182,0,Overdraft,210854.26,424882.45,0.4914,0.1998,0,58566.51,3.6003,783.3,1,1,1,0,6688.65,28782.42,33977.41,6,4,0,0,0,30
C01781,2025-05-31,Nairobi,Agribusiness,Self_Employed,F,23,Tier2,267,0,Credit_Card,299261.16,209555.89,1.1807,0.2528,0,,,639.4,1,1,0,0,2547.91,10434.17,10270.33,14,3,0,0,0,20
C01972,2025-05-31,Nairobi,Salaried,Permanent,M,62,Tier1,195,1,Overdraft,159525.43,391335.96,0.3983,0.2426,0,104097.94,1.5325,644.8,1,1,6,4,4030.46,33128.27,42863.96,31,10,1,0,0,30
C02001,2025-05-31,Nakuru,Salaried,Permanent,F,60,Tier2,191,1,Personal_Loan,592762.54,,,0.2679,12,412043.81,1.4386,838.0,1,1,20,4,8288.02,82340.15,99903.9,24,11,0,0,0,10
C02006,2025-05-31,Nairobi,SME_Trade,Micro_Enterprise,F,26,Tier2,190,0,Credit_Card,116604.33,30000.0,1.8,0.3639,0,,,499.5,1,2,15,2,0.0,0.0,0.0,24,2,2,0,0,160
C02023,2025-05-31,Nairobi,SME_Trade,Micro_Enterprise,M,50,Tier2,23,0,Credit_Card,18537.55,201648.09,0.1248,0.274,0,,,548.8,1,1,7,1,39603.72,167577.7,120111.38,14,5,1,0,0,25
C02121,2025-05-31,Nairobi,SME_Trade,Micro_Enterprise,F,55,Tier3,224,0,Overdraft,105766.76,265854.02,0.3427,0.1244,0,0.0,5.0,658.1,2,1,13,1,21048.91,101870.5,102577.91,17,3,0,0,0,15
C02147,2025-05-31,Mombasa,Salaried,Permanent,F,28,Tier3,244,1,Personal_Loan,440204.81,,,0.1431,18,0.0,5.0,592.2,1,0,0,2,8690.48,152624.21,73026.37,30,8,1,0,0,17
C02167,2025-05-31,Nairobi,SME_Trade,Micro_Enterprise,M,35,Tier2,186,0,SME_Loan,477385.99,,,0.1688,48,0.0,5.0,671.2,1,1,4,3,15068.18,97490.1,97340.56,20,3,2,0,0,16
C02210,2025-05-31,Kiambu,Other,Self_Employed,F,27,Tier2,71,0,Personal_Loan,214128.28,,,0.1657,24,495944.82,0.4318,619.1,1,0,6,0,3107.52,21046.99,19523.88,15,3,1,0,0,12
C02242,2025-05-31,Nyeri,Agribusiness,Micro_Enterprise,F,50,Tier1,230,1,Personal_Loan,198232.38,,,0.1683,36,728931.42,0.2719,697.2,1,1,9,5,7309.4,42038.14,47383.44,21,2,0,0,1,18
C02246,2025-05-31,Machakos,Transport,Micro_Enterprise,F,58,Tier1,119,0,Personal_Loan,419334.43,,,0.1982,18,205157.7,2.044,488.3,2,2,17,2,7641.17,57337.38,60559.67,19,0,3,0,0,21
C02301,2025-05-31,Kakamega,Salaried,Permanent,M,33,Tier3,223,1,Personal_Loan,297436.0,,,0.3196,18,0.0,5.0,603.8,1,0,0,0,7814.0,49197.88,43215.35,33,7,0,0,0,32
C02317,2025-05-31,Nairobi,Construction,Micro_Enterprise,F,24,Tier1,144,0,Credit_Card,39847.16,309832.56,0.1194,0.2742,0,,,612.9,1,1,3,1,16546.85,84150.01,100823.82,14,1,2,1,1,128
C02367,2025-05-31,Nairobi,Salaried,Permanent,M,36,Tier2,70,1,Personal_Loan,443670.77,,,0.1732,24,620100.14,0.7155,522.0,1,0,0,1,224.76,2033.97,2368.71,24,4,0,0,0,13
C02398,2025-05-31,Mombasa,Salaried,Contract,M,34,Tier3,253,1,Personal_Loan,204952.09,,,0.2881,12,1364223.32,0.1502,578.6,1,0,0,2,1800.33,33969.97,26914.63,20,7,0,0,0,26
C02413,2025-05-31,Kiambu,Salaried,Permanent,M,62,Tier3,253,1,Overdraft,131197.14,67907.89,1.4086,0.2891,0,110637.29,1.1858,586.7,1,2,5,5,119.42,21741.39,18908.34,31,6,2,0,0,15
C02418,2025-05-31,Mombasa,Construction,Micro_Enterprise,F,32,Tier2,185,1,Personal_Loan,360756.61,,,0.1685,36,389165.91,0.927,789.3,1,0,0,0,0.0,0.0,0.0,18,11,2,0,0,29
C02440,2025-05-31,Mombasa,Salaried,Contract,M,23,Tier3,160,1,SME_Loan,678594.09,,,0.1226,36,336517.2,2.0165,681.7,2,1,1,3,9264.66,49216.97,20655.51,37,4,0,0,0,30
C02462,2025-05-31,Machakos,Agribusiness,Micro_Enterprise,F,30,Tier2,172,0,Overdraft,85970.07,281675.32,0.2697,0.224,0,69815.56,1.2314,529.6,3,1,39,1,0.0,37959.08,24617.02,17,8,0,0,0,27
C02490,2025-05-31,Kisumu,Salaried,Permanent,M,37,Tier1,123,1,Personal_Loan,439734.48,,,0.2929,24,358533.98,1.2265,724.3,3,0,2,0,3002.49,53728.85,57507.83,26,6,1,0,0,14
C02501,2025-05-31,Meru,SME_Trade,Self_Employed,F,52,Tier2,242,0,SME_Loan,156334.52,,,0.1924,36,477158.67,0.3276,513.8,2,1,19,0,2981.36,17631.09,21730.14,25,2,0,0,0,17
C02512,2025-05-31,Nyeri,Construction,Self_Employed,M,59,Tier2,91,0,Personal_Loan,449157.62,,,0.2034,36,3800.79,5.0,548.1,3,2,4,2,5066.25,82031.42,43581.12,13,4,3,0,0,13
C02521,2025-05-31,Nairobi,Salaried,Permanent,M,40,Tier1,185,1,Overdraft,230049.97,232733.88,1.0607,0.22,0,70040.9,3.2845,527.9,1,0,0,3,373.14,1404.38,1222.5,28,7,0,0,0,6
C02563,2025-05-31,Kiambu,SME_Services,Micro_Enterprise,F,51,Tier2,184,0,Overdraft,76733.24,140243.46,0.679,0.3216,0,11896.86,5.0,754.6,1,1,0,0,0.0,2856.09,2749.63,15,4,2,0,0,25
C02569,2025-05-31,Nyeri,Agribusiness,Self_Employed,M,38,Tier2,178,1,Personal_Loan,360928.41,,,0.1701,18,642097.73,0.5621,582.6,1,0,5,3,5600.56,26518.39,29133.15,18,3,0,0,0,21
C02572,2025-05-31,Nakuru,Salaried,Permanent,M,62,Tier2,206,1,Personal_Loan,326833.69,,,0.2279,18,467809.63,0.6986,688.9,2,1,3,4,0.0,0.0,0.0,24,4,0,0,0,217
C02577,2025-05-31,Machakos,Agribusiness,Micro_Enterprise,F,33,Tier2,200,1,Personal_Loan,191625.24,,,0.2401,18,,,612.6,1,3,0,0,0.0,12093.82,7820.07,21,5,0,0,0,19
C02618,2025-05-31,Nairobi,Transport,Self_Employed,M,23,Tier2,171,1,Personal_Loan,382873.16,,,0.2371,24,25964.7,5.0,717.9,1,1,4,2,2206.75,29607.26,17570.76,15,4,2,0,0,24
C02624,2025-05-31,Nairobi,Other,Self_Employed,F,62,Tier2,190,1,Personal_Loan,346285.65,,,0.231,12,407179.63,0.8504,686.1,1,0,17,2,1634.86,16831.28,20206.78,18,2,0,0,0,9
C02628,2025-05-31,Machakos,Salaried,Permanent,F,21,Tier2,269,1,Personal_Loan,158528.36,,,0.2497,36,491658.21,0.3224,687.0,2,2,4,1,3651.28,76927.56,57295.12,29,7,2,0,0,26
C02714,2025-05-31,Kiambu,Salaried,Contract,M,44,Tier2,206,1,Personal_Loan,377881.1,,,0.2069,12,0.0,5.0,455.1,5,1,64,6,14560.22,61430.45,56912.45,19,7,0,0,0,8
C02733,2025-05-31,Kakamega,Salaried,Contract,M,62,Tier2,195,1,Personal_Loan,555238.4,,,0.2165,12,663654.23,0.8366,692.1,1,0,3,4,6325.49,46867.63,59506.0,29,4,0,0,0,12
C02734,2025-05-31,Nyeri,Agribusiness,Micro_Enterprise,F,30,Tier2,212,0,Overdraft,153714.45,278897.6,0.5767,0.2445,0,43690.19,3.5183,634.2,1,2,3,4,4953.57,27583.05,20522.06,20,5,4,0,0,25
C02747,2025-05-31,Nairobi,Salaried,Permanent,M,31,Tier1,206,1,SME_Loan,573229.84,,,0.1728,36,166814.54,3.4363,494.1,2,0,0,1,0.0,0.0,0.0,26,6,0,0,0,6
C02763,2025-05-31,Kiambu,SME_Services,Micro_Enterprise,M,37,Tier3,82,0,Personal_Loan,594807.7,,,0.2449,36,,,716.2,1,0,12,1,6125.16,28627.73,41002.26,14,0,0,0,0,10
C02774,2025-05-31,Kisumu,Salaried,Permanent,M,52,Tier1,174,1,Personal_Loan,165450.86,,,0.1581,36,119174.97,1.3883,659.5,1,1,12,3,22753.8,147059.93,171239.66,27,8,1,1,0,20
C02804,2025-05-31,Kiambu,Salaried,Permanent,M,23,Tier2,167,1,Personal_Loan,311859.15,,,0.3183,12,105899.59,2.9449,636.3,1,0,7,1,4173.19,105247.23,62117.17,28,6,0,0,0,23
C02825,2025-05-31,Nyeri,Transport,Self_Employed,M,48,Tier2,96,0,Personal_Loan,288611.45,,,0.2627,12,416911.27,0.6923,528.5,1,1,19,6,20618.18,56661.39,56880.19,19,8,0,0,0,6
C02875,2025-05-31,Nyeri,Transport,Self_Employed,F,38,Tier2,26,0,Personal_Loan,262938.29,,,0.2431,36,494186.82,0.5321,541.2,1,0,1,0,10951.77,52643.01,48931.84,17,3,4,0,0,21
C02935,2025-05-31,Mombasa,Transport,Micro_Enterprise,M,57,Tier3,178,1,Personal_Loan,380035.54,,,0.2464,24,495235.45,0.7674,620.9,1,0,0,0,6145.28,22548.98,22604.46,29,2,0,0,0,14
C02943,2025-05-31,Nairobi,Salaried,Permanent,M,55,Tier2,195,1,Personal_Loan,272802.63,,,0.1993,24,0.0,5.0,525.8,2,0,0,1,3972.97,59789.61,86311.99,29,7,1,0,0,19
C02944,2025-05-31,Kakamega,Salaried,Permanent,M,29,Tier2,208,1,Personal_Loan,141979.14,,,0.2491,36,740803.84,0.1917,616.4,1,0,5,1,0.0,61896.39,64542.66,33,5,0,0,0,6
C02982,2025-05-31,Nairobi,Salaried,Contract,M,23,Tier1,180,1,Overdraft,26839.46,288285.3,0.232,0.2401,0,100021.94,0.2683,624.7,3,0,1,2,1119.57,22963.34,19655.91,25,6,1,0,0,11
C02987,2025-05-31,Kakamega,Transport,Micro_Enterprise,M,54,Tier1,118,0,Credit_Card,5038.98,364251.88,0.0,0.4481,0,,,668.3,1,4,2,2,10063.62,112084.03,98025.51,23,6,3,0,0,34
C02997,2025-05-31,Nairobi,Salaried,Contract,F,34,Tier2,156,1,SME_Loan,542161.8,,,0.2846,12,0.0,5.0,634.3,4,1,3,1,59423.02,247150.35,236213.36,33,8,0,0,0,10
C03002,2025-05-31,Nairobi,Salaried,Permanent,M,51,Tier3,215,1,Overdraft,90629.68,373537.41,0.2369,0.2111,0,142750.06,0.6349,602.4,1,1,12,4,0.0,1802.33,1926.14,23,8,0,0,0,28
C03059,2025-05-31,Mombasa,Salaried,Permanent,F,38,Tier3,85,1,Personal_Loan,295301.13,,,0.2595,12,39377.9,5.0,617.8,1,0,2,0,9168.83,113827.32,82442.03,26,6,1,0,0,9
C03094,2025-05-31,Mombasa,SME_Trade,Self_Employed,F,31,Tier1,207,0,Personal_Loan,349873.77,,,0.2132,12,493948.53,0.7083,628.7,1,0,8,2,11305.02,59852.36,65681.21,26,1,1,0,0,20
C03125,2025-05-31,Uasin Gishu,SME_Trade,Micro_Enterprise,M,40,Tier1,83,1,Personal_Loan,555108.33,,,0.2942,12,591118.6,0.9391,565.2,1,0,8,4,0.0,60627.24,56682.4,20,4,0,0,0,6
C03162,2025-05-31,Nakuru,Construction,Micro_Enterprise,M,61,Tier2,167,1,Personal_Loan,303796.22,,,0.1924,36,,,572.4,1,0,11,1,3919.3,41331.58,39779.28,18,3,5,0,0,20
C03185,2025-05-31,Machakos,Construction,Self_Employed,M,49,Tier2,230,0,Personal_Loan,389834.86,,,0.2154,36,656384.56,0.5939,660.4,1,1,20,4,2179.73,12146.08,11877.75,17,3,2,1,0,5
C03248,2025-05-31,Kakamega,SME_Trade,Self_Employed,M,25,Tier2,180,0,Personal_Loan,162340.3,,,0.1767,18,290438.27,0.5589,483.1,1,0,10,4,3268.27,13897.55,8831.2,15,2,1,0,0,16
C03297,2025-05-31,Machakos,SME_Services,Self_Employed,F,30,Tier2,195,0,Personal_Loan,446012.52,,,0.2087,24,481104.77,0.9271,593.1,1,1,12,2,1222.59,14549.94,13410.37,15,5,0,0,0,6
C03299,2025-05-31,Machakos,SME_Trade,Micro_Enterprise,F,45,Tier2,119,0,Overdraft,189955.59,380685.06,0.5667,0.1977,0,200352.85,0.9481,710.7,2,0,0,1,52282.22,159457.24,104399.18,18,3,0,0,0,27
C03334,2025-05-31,Nairobi,SME_Services,Self_Employed,F,59,Tier1,192,0,Overdraft,183539.59,267229.93,0.5394,0.2178,0,101336.36,1.8112,679.1,3,3,0,2,14872.12,63606.07,33612.48,10,5,0,0,0,16
C03345,2025-05-31,Nairobi,SME_Trade,Micro_Enterprise,M,45,Tier1,237,1,SME_Loan,644198.81,,,0.2299,24,586445.62,1.0985,707.3,2,0,0,4,0.0,0.0,0.0,23,2,2,0,0,130
C03358,2025-05-31,Machakos,Salaried,Permanent,F,60,Tier2,208,1,SME_Loan,598742.29,,,0.2119,36,0.0,5.0,742.2,2,1,0,0,20898.62,98137.84,94946.84,32,6,0,0,0,11
C03376,2025-05-31,Nairobi,Transport,Self_Employed,F,43,Tier3,268,1,Personal_Loan,674279.41,,,0.2224,18,627751.65,1.0741,615.1,3,1,21,3,20557.12,96214.64,119319.52,17,5,0,0,0,32
C03398,2025-05-31,Nairobi,Agribusiness,Micro_Enterprise,M,64,Tier3,106,1,Credit_Card,105295.37,314509.89,0.2639,0.3259,0,,,557.4,2,0,11,2,13002.15,53704.8,48456.13,22,2,2,0,0,32
C03428,2025-05-31,Kiambu,Construction,Self_Employed,F,60,Tier1,137,0,Overdraft,36122.44,224289.72,0.1182,0.2852,0,220091.27,0.1641,710.1,1,1,4,1,4874.27,51198.42,59269.25,14,2,2,0,0,26
C03444,2025-05-31,Nairobi,SME_Trade,Micro_Enterprise,M,30,Tier3,82,0,SME_Loan,527072.37,,,0.2382,24,532937.53,0.989,610.8,1,0,6,3,2005.72,107019.41,105744.86,19,5,0,0,0,26
C03454,2025-05-31,Mombasa,Construction,Micro_Enterprise,F,36,Tier2,165,1,SME_Loan,424378.8,,,0.3132,36,487874.41,0.8699,623.7,1,0,9,1,15946.67,75509.83,79281.55,19,8,2,0,0,11
C03485,2025-05-31,Machakos,Hospitality,Micro_Enterprise,M,39,Tier3,103,0,SME_Loan,453605.48,,,0.1491,48,656947.01,0.6905,649.2,2,2,0,0,18801.96,89016.36,51149.78,28,4,4,0,0,30
C03488,2025-05-31,Mombasa,Salaried,Contract,F,64,Tier1,128,1,Personal_Loan,196197.53,,,0.2734,24,345814.78,0.5673,673.2,1,1,5,3,18365.98,59338.67,35829.09,27,5,1,0,0,16
C00036,2025-06-30,Nairobi,Salaried,Permanent,M,23,Tier1,235,1,Personal_Loan,436620.4,,,0.2764,18,0.0,5.0,663.4,3,0,0,3,27149.72,136251.01,155506.66,25,7,0,0,0,8
C00051,2025-06-30,Nakuru,Salaried,Permanent,M,55,Tier2,223,1,SME_Loan,524955.37,,,0.1605,24,321113.46,1.6348,631.5,2,1,44,4,7323.2,100037.54,109066.85,31,3,1,1,1,183
C00057,2025-06-30,Nyeri,Salaried,Permanent,F,45,Tier3,210,1,SME_Loan,997345.66,,,0.2445,24,0.0,5.0,636.6,3,2,0,0,14213.33,145604.93,123905.55,25,7,1,0,0,26
C00071,2025-06-30,Nairobi,SME_Trade,Self_Employed,M,56,Tier2,185,1,Personal_Loan,371313.57,,,0.2378,36,329656.91,1.1264,542.2,2,0,16,4,4578.95,36754.09,28884.35,18,2,3,0,0,6
C00107,2025-06-30,Uasin Gishu,Construction,Micro_Enterprise,F,56,Tier2,229,0,SME_Loan,1078159.34,,,0.2322,12,416026.03,2.5916,576.6,1,0,18,2,9892.05,70792.46,55724.25,14,4,4,0,0,24
C00132,2025-06-30,Kiambu,Hospitality,Self_Employed,M,45,Tier2,171,0,SME_Loan,158186.55,,,0.0639,36,497510.54,0.318,583.6,1,2,3,4,9928.29,274402.08,230130.44,19,7,1,0,0,19
C00133,2025-06-30,Machakos,SME_Services,Micro_Enterprise,F,25,Tier2,153,0,Personal_Loan,452029.4,,,0.2332,12,184077.35,2.4556,601.7,1,0,11,3,11619.14,34487.85,22654.52,20,5,0,0,0,15
C00138,2025-06-30,Nairobi,SME_Services,Self_Employed,F,22,Tier1,74,0,SME_Loan,997030.44,,,0.2006,36,174749.94,5.0,569.8,6,0,7,2,3899.0,32432.9,33105.58,18,5,1,0,0,24
C00139,2025-06-30,Kisumu,Agribusiness,Micro_Enterprise,M,36,Tier3,260,0,Personal_Loan,349420.14,,,0.2182,18,409956.29,0.8523,642.4,1,1,10,2,2750.28,92991.78,140143.01,24,3,0,0,0,27
C00150,2025-06-30,Nairobi,Salaried,Permanent,F,23,Tier2,296,1,Overdraft,16643.12,390368.49,0.1208,0.1755,0,30987.22,0.5371,631.7,1,0,4,2,11985.65,184282.25,222218.37,33,10,0,0,0,27
C00209,2025-06-30,Nairobi,Salaried,Permanent,M,32,Tier2,93,1,Overdraft,89152.5,174079.41,0.4171,0.1433,0,235096.73,0.3792,703.0,3,1,0,1,14624.35,138312.28,90531.64,29,5,0,0,0,20
C00244,2025-06-30,Mombasa,Salaried,Contract,F,50,Tier2,295,1,Personal_Loan,345041.09,,,0.1947,36,476092.47,0.7247,602.1,1,1,0,1,16288.95,109683.18,95240.36,24,6,0,0,0,22
C00276,2025-06-30,Kakamega,SME_Trade,Self_Employed,F,42,Tier3,237,0,SME_Loan,647904.56,,,0.1818,36,85864.97,5.0,635.6,1,1,0,0,1336.48,22100.95,30459.21,30,4,2,0,0,28
C00291,2025-06-30,Nyeri,Salaried,Permanent,F,57,Tier3,184,1,Overdraft,185962.82,148213.54,1.1981,0.1851,0,80269.11,2.3167,592.0,1,2,0,1,5774.75,40345.53,24127.29,28,4,1,0,0,26
C00305,2025-06-30,Kiambu,Transport,Micro_Enterprise,F,45,Tier2,185,0,SME_Loan,536376.88,,,0.0996,36,271489.15,1.9757,687.4,2,1,0,3,5575.07,15025.71,13509.49,24,3,0,1,0,154
C00307,2025-06-30,Mombasa,SME_Services,Self_Employed,M,34,Tier3,281,0,SME_Loan,880769.28,,,0.2527,24,,,650.1,4,0,0,1,4286.34,25102.74,24627.01,25,5,2,0,0,9
C00324,2025-06-30,Meru,SME_Services,Self_Employed,M,62,Tier2,198,1,Personal_Loan,235224.14,,,0.1998,18,416585.41,0.5646,705.1,1,1,12,3,37007.35,177684.71,244429.57,16,6,0,0,0,7
C00345,2025-06-30,Nakuru,Salaried,Permanent,M,61,Tier3,279,1,Personal_Loan,276564.29,,,0.246,24,869302.41,0.3181,652.6,1,1,3,4,42528.73,158147.9,98815.8,31,6,0,0,0,32
C00376,2025-06-30,Uasin Gishu,Hospitality,Self_Employed,F,25,Tier2,255,0,SME_Loan,1175503.06,,,0.1645,24,1080058.57,1.0884,548.0,4,0,1,3,6646.29,39985.43,47548.76,16,5,1,0,0,18
C00397,2025-06-30,Uasin Gishu,Salaried,Permanent,F,23,Tier1,182,1,Personal_Loan,478111.47,,,0.3157,18,47978.14,5.0,623.6,1,1,1,2,1682.67,43603.83,46810.76,20,4,1,1,0,182
C00421,2025-06-30,Uasin Gishu,Salaried,Permanent,F,62,Tier2,185,1,Personal_Loan,306738.1,,,0.2177,12,236873.55,1.2949,585.7,1,1,8,5,13635.25,51532.28,27814.95,22,11,0,0,0,27
C00425,2025-06-30,Nakuru,Construction,Self_Employed,F,39,Tier3,105,1,Credit_Card,37891.53,213225.72,0.0903,0.2704,0,,,672.7,1,1,5,4,25316.09,78069.1,73853.18,20,5,1,0,0,10
C00494,2025-06-30,Kakamega,Salaried,Permanent,F,48,Tier1,191,1,Overdraft,0.0,217151.26,0.047,0.2266,0,182263.55,0.05,437.0,1,5,24,1,21431.15,144095.68,132932.61,16,6,1,0,0,20
C00505,2025-06-30,Nairobi,Transport,Micro_Enterprise,M,33,Tier1,261,0,Personal_Loan,389961.75,,,0.1554,36,12199.08,5.0,698.1,2,0,0,1,3420.57,40899.92,45702.2,22,5,1,0,0,32
C00526,2025-06-30,Nairobi,Salaried,Permanent,F,34,Tier1,143,1,SME_Loan,599916.43,,,0.1552,36,28547.29,5.0,569.6,4,0,9,1,0.0,0.0,0.0,28,3,0,0,0,33
C00529,2025-06-30,Kiambu,Salaried,Permanent,M,62,Tier2,275,1,Personal_Loan,96403.33,,,0.2666,18,0.0,5.0,672.5,1,2,19,2,13787.35,86495.47,101500.89,23,2,1,1,0,31
C00544,2025-06-30,Nairobi,Salaried,Permanent,F,28,Tier2,266,1,Personal_Loan,555154.02,,,0.2574,18,474599.73,1.1697,663.8,2,0,0,1,11550.45,67249.3,46370.49,19,6,2,0,0,23
C00569,2025-06-30,Mombasa,Agribusiness,Self_Employed,M,49,Tier2,171,0,SME_Loan,555719.04,,,0.2171,24,,,635.5,2,0,0,0,7216.09,32901.6,35862.98,10,3,1,0,0,15
C00600,2025-06-30,Machakos,Salaried,Permanent,F,49,Tier2,163,1,Personal_Loan,444811.96,,,0.2047,18,374395.08,1.1881,529.6,1,0,0,2,15684.4,69034.52,60959.81,22,7,0,0,0,25
C00621,2025-06-30,Uasin Gishu,Construction,Micro_Enterprise,M,40,Tier2,157,1,Overdraft,177468.32,147071.67,1.1342,0.1903,0,73816.08,2.4042,534.5,1,0,2,5,1351.2,17707.6,14926.8,22,5,1,0,0,26
C00640,2025-06-30,Nairobi,Salaried,Permanent,F,63,Tier2,285,1,Personal_Loan,356951.91,,,0.1958,24,284697.64,1.2538,600.1,1,0,0,0,15340.6,76305.31,57326.08,37,6,2,0,0,7
C00656,2025-06-30,Kakamega,SME_Services,Micro_Enterprise,F,44,Tier2,257,1,Personal_Loan,222731.97,,,0.2372,24,,,521.5,1,0,0,1,2216.8,27775.04,32934.31,20,9,3,0,0,17
C00691,2025-06-30,Kiambu,SME_Services,Micro_Enterprise,M,65,Tier2,201,0,SME_Loan,157426.16,,,0.2175,12,469554.11,0.3353,621.2,2,0,10,2,753.39,77239.21,54149.72,13,3,1,0,0,23
C00733,2025-06-30,Meru,Other,Micro_Enterprise,F,62,Tier2,227,0,Overdraft,29850.22,192660.02,0.1149,0.1606,0,77640.28,0.3845,570.1,1,2,2,2,0.0,0.0,0.0,24,4,2,0,0,13
C00737,2025-06-30,Nairobi,SME_Services,Micro_Enterprise,M,53,Tier2,150,0,Personal_Loan,89941.45,,,0.2614,12,282700.28,0.3182,557.6,1,1,6,0,5975.59,33383.07,26978.97,20,5,2,0,0,22
C00742,2025-06-30,Kiambu,Hospitality,Self_Employed,F,55,Tier1,258,0,Personal_Loan,311618.84,,,0.198,36,1240943.18,0.2511,612.8,1,1,10,3,1118.38,4465.62,4751.27,14,2,1,0,0,9
C00791,2025-06-30,Kisumu,Other,Micro_Enterprise,M,25,Tier3,263,1,Credit_Card,47397.98,30000.0,1.3138,0.2554,0,,,529.7,1,0,26,6,16517.34,72654.35,77921.46,32,2,1,1,1,122
C00799,2025-06-30,Nairobi,SME_Trade,Micro_Enterprise,F,35,Tier1,236,1,Personal_Loan,191781.37,,,0.2185,24,508532.98,0.3771,716.9,1,1,3,6,1404.3,42563.35,33668.31,13,5,0,0,0,27
C00811,2025-06-30,Uasin Gishu,SME_Services,Self_Employed,M,22,Tier2,261,0,Overdraft,228380.47,271630.95,0.8676,0.3251,0,0.0,5.0,548.5,1,1,16,3,7400.31,32910.74,33219.94,13,5,2,0,0,16
C00817,2025-06-30,Nakuru,Salaried,Permanent,F,22,Tier1,219,1,Personal_Loan,188855.21,,,0.1802,18,427318.48,0.442,566.9,2,1,2,3,12418.69,94410.1,99443.67,31,7,0,0,0,25
C00938,2025-06-30,Nairobi,Construction,Self_Employed,M,27,Tier2,296,1,SME_Loan,199854.11,,,0.0779,24,385264.48,0.5187,610.5,1,0,2,1,27859.19,139303.67,123194.95,13,4,0,0,0,16
C00952,2025-06-30,Nakuru,Salaried,Permanent,M,34,Tier1,250,1,Overdraft,296535.97,50000.0,1.8,0.1363,0,0.0,5.0,698.0,1,1,25,1,0.0,112695.22,157868.3,29,4,0,0,1,20
C00975,2025-06-30,Nakuru,SME_Services,Self_Employed,F,27,Tier3,245,0,SME_Loan,578524.39,,,0.1467,48,0.0,5.0,730.9,1,1,0,3,4191.91,112754.18,111980.73,25,4,1,0,0,25
C01045,2025-06-30,Nairobi,Salaried,Permanent,M,52,Tier2,252,1,SME_Loan,1039592.82,,,0.1997,12,433260.89,2.3995,470.7,2,0,1,1,12312.65,78737.0,97484.8,31,5,0,0,0,33
C01053,2025-06-30,Nakuru,Agribusiness,Micro_Enterprise,F,43,Tier1,194,1,Credit_Card,50207.53,53366.53,0.4749,0.2135,0,,,618.3,3,0,2,2,5838.83,22265.97,24777.33,21,5,2,0,0,30
C01094,2025-06-30,Kisumu,SME_Services,Self_Employed,F,38,Tier2,176,0,SME_Loan,753829.57,,,0.2295,24,0.0,5.0,614.1,3,2,2,2,34411.21,124275.12,103074.17,21,3,0,0,0,19
C01137,2025-06-30,Nairobi,Agribusiness,Self_Employed,F,53,Tier2,176,0,Overdraft,221729.2,168532.11,1.3466,0.2656,0,10517.78,5.0,542.1,1,2,18,3,1972.83,42715.86,24887.84,9,1,0,0,0,24
C01140,2025-06-30,Nairobi,Hospitality,Micro_Enterprise,F,45,Tier2,234,0,Credit_Card,0.0,152453.26,0.1865,0.2738,0,,,664.5,1,1,1,0,9823.61,88440.14,46371.72,22,4,0,0,0,30
C01176,2025-06-30,Nairobi,Other,Self_Employed,M,36,Tier3,149,0,Personal_Loan,497091.97,,,0.271,12,267722.29,1.8567,779.4,1,0,1,2,7145.84,26585.65,29831.67,20,4,0,0,0,27
C01193,2025-06-30,Meru,Transport,Self_Employed,M,28,Tier1,174,0,Personal_Loan,275348.41,,,0.2282,12,501192.17,0.5494,598.7,2,1,0,0,29514.63,151917.36,138633.48,22,8,1,0,0,29
C01209,2025-06-30,Nakuru,SME_Trade,Self_Employed,F,33,Tier2,257,1,SME_Loan,937548.25,,,0.3143,48,328161.66,2.857,682.1,6,0,6,4,12729.43,97012.55,101706.71,15,5,1,0,0,12
C01256,2025-06-30,Nairobi,Salaried,Permanent,M,24,Tier1,258,1,SME_Loan,460944.87,,,0.1968,24,478541.83,0.9632,608.0,3,1,0,1,16455.94,71111.35,44327.6,27,5,0,0,0,14
C01283,2025-06-30,Kiambu,Agribusiness,Self_Employed,F,38,Tier2,257,0,SME_Loan,201932.72,,,0.0931,36,648885.52,0.3112,573.7,3,2,3,2,22267.18,114106.48,50438.04,26,2,2,0,0,32
C01297,2025-06-30,Nairobi,SME_Services,Micro_Enterprise,M,32,Tier1,195,0,SME_Loan,642379.57,,,0.1434,24,240337.05,2.6728,669.4,1,2,12,3,6823.4,35195.86,26826.18,20,2,1,0,0,16
C01355,2025-06-30,Kiambu,SME_Services,Self_Employed,M,30,Tier1,205,0,Overdraft,0.0,300366.27,0.0063,0.1869,0,145788.49,0.05,634.1,1,0,9,2,10415.87,89603.19,96277.47,24,7,2,0,0,29
C01423,2025-06-30,Nakuru,Construction,Self_Employed,M,47,Tier2,188,1,SME_Loan,682550.76,,,0.171,12,,,652.7,1,1,0,1,2730.35,51316.74,34775.99,18,4,2,0,0,23
C01480,2025-06-30,Nakuru,Salaried,Contract,M,39,Tier2,234,1,SME_Loan,564735.89,,,0.2396,24,210755.76,2.6796,560.8,2,1,4,4,15148.32,141495.25,120582.94,26,5,2,0,0,26
C01506,2025-06-30,Nairobi,Salaried,Contract,M,31,Tier2,98,1,SME_Loan,552161.97,,,0.3226,24,414535.32,1.332,715.9,1,1,9,1,0.0,81889.69,71151.39,36,8,0,0,0,32
C01538,2025-06-30,Kiambu,Construction,Self_Employed,F,25,Tier2,237,1,Personal_Loan,660613.16,,,0.2421,18,126159.96,5.0,627.4,2,1,9,3,29909.44,83618.47,61820.87,21,4,1,0,0,218
C01581,2025-06-30,Nakuru,SME_Trade,Self_Employed,M,34,Tier2,124,1,SME_Loan,271110.99,,,0.1474,24,1064098.52,0.2548,597.2,4,0,11,4,34431.47,120884.85,88749.1,20,4,3,0,0,6
C01604,2025-06-30,Kisumu,Agribusiness,Self_Employed,F,35,Tier1,259,0,Credit_Card,0.0,228825.8,0.0,0.3483,0,,,616.4,1,0,0,3,3709.49,19707.93,6319.54,18,4,1,0,0,26
C01622,2025-06-30,Nakuru,Salaried,Permanent,F,21,Tier2,280,1,SME_Loan,334540.55,,,0.1653,24,867205.63,0.3858,761.6,1,0,10,5,3072.24,103483.86,80935.02,29,6,1,0,0,31
C01627,2025-06-30,Nairobi,SME_Services,Self_Employed,F,47,Tier3,256,0,Credit_Card,0.0,216174.54,0.0,0.3128,0,,,606.8,1,0,17,2,0.0,76719.72,71650.23,24,2,0,0,0,30
C01633,2025-06-30,Mombasa,Salaried,Permanent,M,25,Tier3,235,1,Overdraft,34058.61,447050.83,0.0736,0.1747,0,234397.29,0.1453,590.3,3,1,1,3,21363.34,65177.86,64783.71,31,5,1,0,0,17
C01743,2025-06-30,Kakamega,Hospitality,Self_Employed,M,41,Tier2,180,0,Personal_Loan,510597.78,,,0.2643,24,799525.59,0.6386,508.1,1,2,6,3,3085.08,16563.82,11410.71,15,2,0,1,1,123
C01789,2025-06-30,Kakamega,SME_Trade,Micro_Enterprise,F,42,Tier2,299,0,SME_Loan,536793.35,,,0.1346,36,718506.82,0.7471,636.8,3,2,14,2,5574.44,75262.27,48994.8,19,2,1,0,0,34
C01792,2025-06-30,Nairobi,SME_Trade,Micro_Enterprise,M,60,Tier1,270,0,Overdraft,149966.46,282507.51,0.4901,0.2673,0,176663.58,0.8489,521.0,1,1,25,2,24390.94,87935.53,54981.13,11,6,2,1,0,184
C01832,2025-06-30,Meru,SME_Trade,Self_Employed,M,63,Tier3,243,0,Overdraft,85254.79,415648.39,0.1341,0.1887,0,79430.88,1.0733,693.6,2,0,0,2,734.94,36236.36,30694.97,29,5,0,0,0,16
C01898,2025-06-30,Machakos,Transport,Micro_Enterprise,F,60,Tier2,186,0,Personal_Loan,132013.69,,,0.1766,24,83972.24,1.5721,688.1,2,1,2,1,3702.07,23396.62,26299.64,17,3,0,0,0,31
C02106,2025-06-30,Mombasa,Salaried,Permanent,F,33,Tier2,182,1,Personal_Loan,265996.83,,,0.1786,12,289408.86,0.9191,569.1,1,2,0,1,0.0,0.0,0.0,30,5,2,0,0,17
C02108,2025-06-30,Nairobi,Agribusiness,Micro_Enterprise,F,27,Tier2,295,0,Personal_Loan,396693.48,,,0.2287,24,,,672.4,1,0,0,1,0.0,0.0,0.0,14,5,2,0,0,31
C02121,2025-06-30,Nairobi,SME_Trade,Micro_Enterprise,F,55,Tier3,254,0,Overdraft,89423.5,265854.02,0.3978,0.1244,0,0.0,5.0,639.6,2,1,19,1,12057.35,57814.84,54646.92,35,2,0,0,0,21
C02135,2025-06-30,Nairobi,Construction,Self_Employed,M,40,Tier2,227,1,SME_Loan,758334.16,,,0.2302,36,,,525.8,2,0,0,0,11879.07,91334.8,86721.16,20,5,0,0,0,8
C02181,2025-06-30,Meru,Salaried,Permanent,M,52,Tier2,194,1,Personal_Loan,348967.92,,,0.2731,36,99052.13,3.5231,612.7,1,2,0,3,0.0,108145.05,117976.59,35,8,0,0,0,18
C02203,2025-06-30,Kisumu,Salaried,Permanent,M,22,Tier1,195,1,Personal_Loan,376964.87,,,0.2503,24,,,622.6,1,3,13,3,9529.05,116724.21,126747.58,26,4,0,0,0,27
C02217,2025-06-30,Nairobi,SME_Trade,Self_Employed,M,41,Tier3,197,1,SME_Loan,828670.47,,,0.2162,24,291088.92,2.8468,719.5,2,1,5,1,23782.44,135695.34,144580.77,14,4,0,0,0,21
C02246,2025-06-30,Machakos,Transport,Micro_Enterprise,F,58,Tier1,149,0,Personal_Loan,391384.57,,,0.1982,18,205157.7,1.9077,473.3,2,2,22,3,12840.26,56018.56,38531.54,28,4,1,0,0,138
C02281,2025-06-30,Nairobi,Salaried,Permanent,M,55,Tier2,251,1,SME_Loan,322576.11,,,0.2438,12,375078.48,0.86,619.2,4,1,3,5,25646.99,101025.13,93646.77,18,6,0,0,0,22
C02316,2025-06-30,Kakamega,Salaried,Permanent,M,21,Tier2,266,1,SME_Loan,480603.05,,,0.1951,24,326229.98,1.4732,597.8,3,0,0,1,11792.3,79506.85,35922.14,25,6,2,0,0,11
C02325,2025-06-30,Nairobi,Hospitality,Self_Employed,F,54,Tier2,79,1,Overdraft,113266.09,147129.75,0.6718,0.2697,0,0.0,5.0,657.3,1,1,11,1,16631.96,77030.1,84156.58,22,8,0,0,0,30
C02327,2025-06-30,Kakamega,Salaried,Permanent,M,36,Tier2,139,1,Overdraft,117356.07,50000.0,1.8,0.2789,0,242340.35,0.4843,534.0,2,0,15,1,1335.15,5620.22,4271.64,24,2,1,0,0,226
C02346,2025-06-30,Kakamega,Transport,Micro_Enterprise,F,32,Tier1,245,0,Credit_Card,0.0,191511.09,0.0633,0.2997,0,,,391.8,1,0,41,3,0.0,79900.66,60547.22,19,2,6,0,0,23
C02350,2025-06-30,Uasin Gishu,SME_Trade,Micro_Enterprise,M,43,Tier2,249,1,Overdraft,14241.26,107845.91,0.5736,0.2019,0,10407.48,1.3684,591.6,1,1,3,2,7244.33,49933.04,48118.26,12,8,0,0,0,18
C02377,2025-06-30,Nyeri,Salaried,Permanent,M,59,Tier2,163,1,SME_Loan,812266.79,,,0.1001,36,671990.32,1.2087,581.1,4,1,7,2,6832.78,30863.41,22206.07,23,8,1,0,0,18
C02413,2025-06-30,Kiambu,Salaried,Permanent,M,62,Tier3,283,1,Overdraft,82831.34,67907.89,1.8,0.2891,0,,,578.1,1,2,6,6,4335.55,22175.48,30015.67,30,9,1,0,0,29
C02418,2025-06-30,Mombasa,Construction,Micro_Enterprise,F,32,Tier2,215,1,Personal_Loan,355298.76,,,0.1685,36,389165.91,0.913,788.1,1,0,0,0,11359.18,73834.96,41717.26,13,3,3,0,0,5
C02462,2025-06-30,Machakos,Agribusiness,Micro_Enterprise,F,30,Tier2,202,0,Overdraft,101733.86,281675.32,0.3052,0.224,0,69815.56,1.4572,514.2,3,1,42,1,24438.15,108988.21,34863.65,15,3,1,0,0,6
C02501,2025-06-30,Meru,SME_Trade,Self_Employed,F,52,Tier2,272,0,SME_Loan,157090.1,,,0.1924,36,477158.67,0.3292,504.6,2,1,22,0,1078.56,20850.56,22816.12,14,0,0,0,0,23
C02548,2025-06-30,Meru,Construction,Self_Employed,M,47,Tier2,207,1,SME_Loan,1124569.18,,,0.2502,24,13189.54,5.0,714.7,2,2,1,4,8505.46,40553.6,25102.27,23,7,0,0,0,15
C02569,2025-06-30,Nyeri,Agribusiness,Self_Employed,M,38,Tier2,208,1,Personal_Loan,351195.3,,,0.1701,18,642097.73,0.5469,572.3,1,0,4,3,8535.94,63331.94,48318.92,18,5,1,0,0,10
C02581,2025-06-30,Nyeri,SME_Services,Self_Employed,F,38,Tier1,229,1,Personal_Loan,352691.16,,,0.2831,18,170765.59,2.0654,598.9,1,1,18,5,5489.16,61853.27,64650.35,21,2,1,0,0,26
C02595,2025-06-30,Nairobi,Agribusiness,Self_Employed,M,34,Tier2,143,0,Personal_Loan,99852.77,,,0.2756,12,767022.64,0.1302,609.4,4,0,0,0,30386.38,111906.31,109433.74,26,4,0,0,0,29
C02618,2025-06-30,Nairobi,Transport,Self_Employed,M,23,Tier2,201,1,Personal_Loan,351493.76,,,0.2371,24,25964.7,5.0,719.1,1,1,6,2,0.0,0.0,0.0,23,5,1,0,0,25
C02628,2025-06-30,Machakos,Salaried,Permanent,F,21,Tier2,299,1,Personal_Loan,157493.04,,,0.2497,36,,,695.0,2,2,3,2,18049.67,113043.27,79781.34,26,8,1,0,0,18
C02635,2025-06-30,Nairobi,Salaried,Permanent,M,24,Tier2,175,1,Overdraft,218066.28,219438.51,0.8173,0.2078,0,47844.62,4.5578,666.9,3,1,3,3,9807.03,49580.43,53112.09,18,11,0,0,0,31
C02696,2025-06-30,Nairobi,Salaried,Permanent,F,37,Tier1,240,1,SME_Loan,240489.57,,,0.2184,48,492444.19,0.4884,612.6,2,1,0,0,33743.95,143700.91,86858.07,23,4,1,0,0,17
C02733,2025-06-30,Kakamega,Salaried,Contract,M,62,Tier2,225,1,Personal_Loan,543075.7,,,0.2165,12,663654.23,0.8183,688.4,1,0,4,5,3082.25,16525.03,14267.94,18,4,0,0,0,19
C02763,2025-06-30,Kiambu,SME_Services,Micro_Enterprise,M,37,Tier3,112,0,Personal_Loan,538939.52,,,0.2449,36,581033.29,0.9276,700.1,1,0,13,2,9777.41,31723.97,32455.59,16,6,1,0,0,34
C02767,2025-06-30,Machakos,Other,Self_Employed,F,37,Tier2,107,0,Credit_Card,20041.34,119409.52,0.2485,0.3217,0,,,592.1,1,0,6,3,479.83,4384.56,2449.76,17,3,2,0,0,31
C02878,2025-06-30,Kiambu,Other,Self_Employed,F,63,Tier1,226,0,Personal_Loan,249415.06,,,0.2464,24,161340.14,1.5459,558.3,1,1,2,1,9958.64,61763.0,50361.17,23,7,3,1,0,25
C02911,2025-06-30,Mombasa,Agribusiness,Self_Employed,M,26,Tier2,85,1,Personal_Loan,224891.83,,,0.2241,24,422736.94,0.532,652.1,2,1,1,2,8490.51,64677.45,53163.64,20,3,0,0,0,26
C02935,2025-06-30,Mombasa,Transport,Micro_Enterprise,M,57,Tier3,208,1,Personal_Loan,425820.48,,,0.2464,24,495235.45,0.8598,618.6,1,0,0,0,10756.74,62496.52,48526.48,21,4,0,0,0,22
C02936,2025-06-30,Kakamega,Transport,Self_Employed,F,31,Tier1,274,0,Personal_Loan,56552.04,,,0.1886,12,103467.75,0.5466,770.3,1,1,13,5,2400.93,56061.6,34189.25,23,4,1,0,0,24
C02944,2025-06-30,Kakamega,Salaried,Permanent,M,29,Tier2,238,1,Personal_Loan,116883.81,,,0.2491,36,740803.84,0.1578,596.8,1,0,10,1,31518.18,123259.47,159097.79,25,4,0,0,0,28
C02997,2025-06-30,Nairobi,Salaried,Contract,F,34,Tier2,186,1,SME_Loan,609049.26,,,0.2846,12,0.0,5.0,638.4,4,1,0,1,19061.09,96929.13,52646.03,30,7,0,0,0,17
C03052,2025-06-30,Mombasa,SME_Trade,Self_Employed,F,28,Tier1,288,0,Personal_Loan,358803.76,,,0.2133,24,,,577.0,1,0,3,4,1127.19,53232.42,63661.1,19,7,2,1,0,6
C03083,2025-06-30,Nairobi,SME_Services,Self_Employed,M,33,Tier3,166,0,Credit_Card,112280.92,139223.83,0.7316,0.2256,0,,,572.1,2,0,0,3,51447.77,185581.31,205073.99,27,3,2,0,0,11
C03094,2025-06-30,Mombasa,SME_Trade,Self_Employed,F,31,Tier1,237,0,Personal_Loan,328267.72,,,0.2132,12,493948.53,0.6646,624.8,1,0,12,3,22462.05,97663.69,116080.63,18,5,1,0,0,12
C03125,2025-06-30,Uasin Gishu,SME_Trade,Micro_Enterprise,M,40,Tier1,113,1,Personal_Loan,623087.91,,,0.2942,12,591118.6,1.0541,547.8,1,0,10,4,9365.13,29403.62,33393.08,16,7,1,0,0,236
C03162,2025-06-30,Nakuru,Construction,Micro_Enterprise,M,61,Tier2,197,1,Personal_Loan,305448.01,,,0.1924,36,0.0,5.0,580.9,1,0,12,1,1361.37,53576.84,29482.4,13,6,0,0,0,20
C03185,2025-06-30,Machakos,Construction,Self_Employed,M,49,Tier2,260,0,Personal_Loan,399262.85,,,0.2154,36,656384.56,0.6083,664.0,1,1,24,4,2532.39,29967.92,27378.22,17,6,1,0,0,8
C03239,2025-06-30,Machakos,Hospitality,Self_Employed,M,60,Tier2,287,0,Overdraft,208297.6,349565.4,0.635,0.2161,0,61645.88,3.3789,513.3,2,0,25,2,0.0,160717.35,190468.74,17,8,0,0,0,26
C03248,2025-06-30,Kakamega,SME_Trade,Self_Employed,M,25,Tier2,210,0,Personal_Loan,144560.96,,,0.1767,18,290438.27,0.4977,471.8,1,0,14,5,14024.21,60042.01,58344.63,20,5,3,0,0,25
C03255,2025-06-30,Kiambu,Salaried,Permanent,F,31,Tier2,246,1,Personal_Loan,521955.73,,,0.1712,36,365969.8,1.4262,605.5,2,1,0,0,6109.36,34355.23,33719.06,33,4,1,0,0,20
C03294,2025-06-30,Nyeri,Salaried,Permanent,F,34,Tier2,211,1,Personal_Loan,308953.86,,,0.2609,36,0.0,5.0,670.6,1,1,4,4,0.0,174179.63,167000.3,24,6,0,0,0,7
C03318,2025-06-30,Kisumu,Other,Self_Employed,F,38,Tier2,182,0,SME_Loan,690515.74,,,0.1748,36,,,618.3,2,1,0,1,0.0,0.0,0.0,13,5,1,0,0,10
C03334,2025-06-30,Nairobi,SME_Services,Self_Employed,F,59,Tier1,222,0,Overdraft,153527.38,267229.93,0.6868,0.2178,0,101336.36,1.515,680.1,3,3,0,2,8801.07,35765.03,51463.71,18,5,1,0,0,32
C03342,2025-06-30,Nairobi,Salaried,Permanent,M,34,Tier2,163,1,Credit_Card,0.0,253756.44,0.1162,0.2312,0,,,670.9,1,0,0,0,18654.23,88197.29,102701.27,25,7,0,0,0,32
C03355,2025-06-30,Kiambu,SME_Services,Self_Employed,M,64,Tier1,187,0,Personal_Loan,488895.71,,,0.2732,12,336803.16,1.4516,465.9,2,1,31,3,2753.36,80085.81,56579.4,15,4,1,0,0,7
C03356,2025-06-30,Kisumu,SME_Services,Self_Employed,F,40,Tier1,158,0,Overdraft,140875.0,154940.76,0.8704,0.2934,0,71958.84,1.9577,688.1,2,1,0,2,10492.58,36582.82,38878.63,26,6,1,0,0,32
C03358,2025-06-30,Machakos,Salaried,Permanent,F,60,Tier2,238,1,SME_Loan,549292.83,,,0.2119,36,0.0,5.0,743.1,2,1,0,0,25898.06,156077.88,167890.04,13,3,2,0,0,29
C03449,2025-06-30,Nairobi,SME_Trade,Micro_Enterprise,M,48,Tier2,224,0,Personal_Loan,491534.67,,,0.2148,36,172222.3,2.8541,607.8,1,1,2,4,17713.96,189105.19,119374.0,13,5,2,0,0,22
C03483,2025-06-30,Mombasa,Salaried,Permanent,F,56,Tier2,193,1,SME_Loan,492969.0,,,0.1611,48,0.0,5.0,681.3,1,0,6,3,6828.46,25364.9,15262.63,25,8,0,0,0,22
C03485,2025-06-30,Machakos,Hospitality,Micro_Enterprise,M,39,Tier3,133,0,SME_Loan,427364.83,,,0.1491,48,656947.01,0.6505,652.5,2,2,0,0,13700.31,72144.27,49458.22,28,5,1,1,0,13
C00006,2025-07-30,Meru,Salaried,Contract,M,59,Tier2,130,1,Personal_Loan,498025.94,,,0.2576,36,457250.79,1.0892,696.1,1,2,14,2,21888.87,111984.0,140224.02,29,4,0,0,0,26
C00036,2025-07-30,Nairobi,Salaried,Permanent,M,23,Tier1,265,1,Personal_Loan,361104.62,,,0.2764,18,0.0,5.0,659.1,3,0,0,3,40740.37,154610.14,155173.83,22,5,0,0,0,20
C00044,2025-07-30,Kiambu,Agribusiness,Micro_Enterprise,M,36,Tier1,222,0,Personal_Loan,167585.84,,,0.1419,36,105762.83,1.5845,707.5,1,1,7,2,870.82,9949.21,11342.39,20,3,2,0,0,10
C00116,2025-07-30,Nyeri,SME_Trade,Micro_Enterprise,M,46,Tier1,203,0,SME_Loan,206641.94,,,0.2376,24,356897.34,0.579,785.3,1,1,12,2,4360.24,105345.33,124097.08,23,2,0,0,0,16
C00132,2025-07-30,Kiambu,Hospitality,Self_Employed,M,45,Tier2,201,0,SME_Loan,155776.29,,,0.0639,36,,,578.1,1,2,3,4,34016.87,141137.21,100682.39,21,4,1,0,0,29
C00133,2025-07-30,Machakos,SME_Services,Micro_Enterprise,F,25,Tier2,183,0,Personal_Loan,495422.95,,,0.2332,12,184077.35,2.6914,585.2,1,0,17,3,1858.3,15452.96,18537.61,12,3,2,0,0,8
C00145,2025-07-30,Kisumu,SME_Trade,Self_Employed,F,65,Tier2,240,1,SME_Loan,391233.88,,,0.1616,24,,,698.2,3,0,0,0,213.96,1494.97,1327.34,20,1,0,0,0,18
C00150,2025-07-30,Nairobi,Salaried,Permanent,F,23,Tier2,326,1,Overdraft,2796.37,390368.49,0.0426,0.1755,0,30987.22,0.0902,624.1,1,0,1,3,11142.21,110530.2,151389.27,13,9,1,0,0,20
C00160,2025-07-30,Machakos,Salaried,Permanent,M,56,Tier2,330,1,SME_Loan,975755.82,,,0.2686,12,674363.14,1.4469,675.0,4,1,0,1,0.0,0.0,0.0,31,7,0,0,0,10
C00175,2025-07-30,Kakamega,SME_Trade,Self_Employed,F,52,Tier2,263,0,Personal_Loan,272643.29,,,0.3023,12,,,685.7,1,0,0,0,0.0,15034.49,15911.36,12,3,4,0,0,8
C00189,2025-07-30,Nyeri,SME_Trade,Self_Employed,F,31,Tier2,257,0,Personal_Loan,266096.92,,,0.1885,36,617037.06,0.4312,583.9,1,0,0,3,7725.0,24339.65,20329.29,13,6,0,0,0,18
C00200,2025-07-30,Kisumu,Salaried,Permanent,M,64,Tier2,248,1,Credit_Card,1020.59,212143.75,0.0,0.2697,0,,,728.9,1,0,0,3,19380.41,62529.89,29185.73,30,6,2,0,0,30
C00207,2025-07-30,Nairobi,SME_Services,Self_Employed,M,55,Tier2,152,1,Personal_Loan,347752.53,,,0.2289,24,425487.64,0.8173,657.7,2,0,0,2,0.0,0.0,0.0,16,5,2,0,0,24
C00244,2025-07-30,Mombasa,Salaried,Contract,F,50,Tier2,325,1,Personal_Loan,356983.44,,,0.1947,36,476092.47,0.7498,616.6,1,1,0,1,14414.9,76678.77,66278.05,26,6,1,0,1,181
C00285,2025-07-30,Meru,SME_Trade,Self_Employed,F,40,Tier2,231,1,SME_Loan,751845.28,,,0.2276,36,,,609.0,2,1,32,4,49428.16,204451.56,100016.46,12,6,2,0,0,12
C00307,2025-07-30,Mombasa,SME_Services,Self_Employed,M,34,Tier3,311,0,SME_Loan,762198.01,,,0.2527,24,578534.44,1.3175,655.9,4,0,0,1,2617.48,14908.02,11472.22,24,5,1,0,0,16
C00331,2025-07-30,Kiambu,SME_Trade,Self_Employed,F,45,Tier1,283,1,SME_Loan,565406.15,,,0.2886,24,0.0,5.0,562.8,3,1,4,1,8651.57,58652.41,35026.99,16,2,1,0,0,28
C00376,2025-07-30,Uasin Gishu,Hospitality,Self_Employed,F,25,Tier2,285,0,SME_Loan,1103979.13,,,0.1645,24,,,539.0,4,0,3,4,3925.52,24512.72,27844.08,15,1,0,1,0,125
C00397,2025-07-30,Uasin Gishu,Salaried,Permanent,F,23,Tier1,212,1,Personal_Loan,441293.61,,,0.3157,18,47978.14,5.0,635.9,1,1,2,2,6435.19,29493.59,34289.73,33,7,1,0,0,6
C00424,2025-07-30,Nakuru,Salaried,Permanent,F,47,Tier1,279,1,SME_Loan,533476.19,,,0.2981,36,1659.29,5.0,606.9,2,3,24,2,33363.1,140476.66,128985.67,39,4,0,0,0,5
C00425,2025-07-30,Nakuru,Construction,Self_Employed,F,39,Tier3,135,1,Credit_Card,22245.81,213225.72,0.1777,0.2704,0,,,670.7,1,1,7,4,70.88,851.47,946.21,28,4,2,0,0,25
C00436,2025-07-30,Nairobi,Other,Self_Employed,F,26,Tier1,327,0,SME_Loan,256774.6,,,0.2058,48,613679.82,0.4184,596.5,2,0,6,4,3499.63,15740.81,20623.94,13,6,1,0,0,16
C00505,2025-07-30,Nairobi,Transport,Micro_Enterprise,M,33,Tier1,291,0,Personal_Loan,407399.54,,,0.1554,36,12199.08,5.0,703.9,2,0,0,1,2612.06,22757.02,26323.4,13,2,0,0,0,19
C00529,2025-07-30,Kiambu,Salaried,Permanent,M,62,Tier2,305,1,Personal_Loan,84670.55,,,0.2666,18,0.0,5.0,659.1,1,2,23,3,5758.73,38330.87,33150.47,18,6,1,0,0,21
C00569,2025-07-30,Mombasa,Agribusiness,Self_Employed,M,49,Tier2,201,0,SME_Loan,565570.48,,,0.2171,24,,,643.3,2,0,0,0,7209.02,77964.67,65197.16,18,2,0,0,0,6
C00621,2025-07-30,Uasin Gishu,Construction,Micro_Enterprise,M,40,Tier2,187,1,Overdraft,161594.57,147071.67,1.2067,0.1903,0,73816.08,2.1892,532.9,1,0,3,5,5222.66,35642.57,30538.5,19,8,3,0,0,13
C00626,2025-07-30,Kisumu,Salaried,Permanent,F,31,Tier3,124,1,Overdraft,114819.12,132466.4,0.9752,0.262,0,,,575.6,1,1,4,2,3148.53,48131.51,37648.98,32,10,1,0,0,25
C00662,2025-07-30,Nairobi,Salaried,Permanent,M,54,Tier2,239,1,Personal_Loan,401635.06,,,0.2483,12,0.0,5.0,454.9,1,3,26,2,19331.53,144630.61,129554.74,19,8,2,0,0,29
C00728,2025-07-30,Mombasa,Agribusiness,Self_Employed,F,24,Tier2,223,0,Personal_Loan,143234.61,,,0.2458,36,,,536.5,1,0,19,3,822.34,4046.87,3531.77,15,2,1,0,0,25
C00791,2025-07-30,Kisumu,Other,Micro_Enterprise,M,25,Tier3,293,1,Credit_Card,37996.58,30000.0,1.5799,0.2554,0,,,516.8,1,0,32,6,6967.2,71083.8,57678.04,25,4,3,0,0,18
C00811,2025-07-30,Uasin Gishu,SME_Services,Self_Employed,M,22,Tier2,291,0,Overdraft,209088.15,271630.95,0.8408,0.3251,0,0.0,5.0,554.0,1,1,18,4,4531.9,24609.1,25920.3,22,5,2,1,0,161
C00828,2025-07-30,Mombasa,Agribusiness,Micro_Enterprise,M,61,Tier1,267,0,SME_Loan,533824.77,,,0.1768,24,127354.68,4.1916,682.6,1,2,0,1,11702.81,94203.27,89670.58,18,3,0,0,0,21
C00831,2025-07-30,Nairobi,Agribusiness,Self_Employed,F,32,Tier2,287,0,SME_Loan,563861.74,,,0.226,36,456394.37,1.2355,645.8,1,1,0,1,13158.21,168219.49,136166.88,9,6,0,0,0,7
C00844,2025-07-30,Uasin Gishu,SME_Services,Micro_Enterprise,F,22,Tier1,190,0,Credit_Card,140235.6,160398.23,1.0153,0.2611,0,,,623.7,1,4,21,1,0.0,59859.06,85457.81,29,3,4,0,0,26
C00873,2025-07-30,Kiambu,Hospitality,Self_Employed,F,26,Tier2,226,0,Credit_Card,57172.04,133342.41,0.5631,0.3511,0,,,635.3,1,1,3,1,4959.07,48158.64,41080.36,14,7,1,0,0,17
C00888,2025-07-30,Nairobi,Transport,Self_Employed,F,29,Tier3,272,0,Credit_Card,141929.75,172757.47,0.8689,0.2891,0,,,484.0,1,0,16,4,0.0,0.0,0.0,27,1,1,0,0,13
C00920,2025-07-30,Kiambu,Construction,Self_Employed,M,49,Tier2,221,0,SME_Loan,0.0,,,0.1017,36,0.0,0.05,702.8,1,0,7,3,13571.99,49825.68,62737.15,16,6,3,0,0,9
C00973,2025-07-30,Nakuru,SME_Trade,Micro_Enterprise,F,42,Tier2,326,0,Personal_Loan,419502.39,,,0.2965,18,595148.66,0.7049,707.1,1,4,6,3,7541.53,48152.04,51468.6,18,4,0,0,0,10
C01026,2025-07-30,Kiambu,Salaried,Contract,F,23,Tier3,280,1,Personal_Loan,343675.91,,,0.1812,18,503269.07,0.6829,649.2,2,2,2,2,19174.21,102532.07,83269.17,29,8,4,0,0,27
C01030,2025-07-30,Nairobi,Transport,Self_Employed,F,36,Tier1,263,0,SME_Loan,1074841.23,,,0.1683,48,842927.76,1.2751,578.4,3,1,6,4,10960.21,39987.41,30767.99,18,4,1,0,0,28
C01075,2025-07-30,Uasin Gishu,SME_Trade,Micro_Enterprise,M,42,Tier1,280,1,SME_Loan,476839.19,,,0.2224,36,695092.65,0.686,585.5,1,1,19,5,52056.62,139008.97,190152.72,19,10,0,1,1,218
C01094,2025-07-30,Kisumu,SME_Services,Self_Employed,F,38,Tier2,206,0,SME_Loan,766663.92,,,0.2295,24,0.0,5.0,616.2,3,2,4,3,1505.99,23114.1,23828.12,11,4,1,0,0,7
C01099,2025-07-30,Nakuru,Salaried,Permanent,M,22,Tier1,269,1,Personal_Loan,279369.29,,,0.1667,12,,,506.2,1,1,28,0,34413.9,150561.79,162517.38,26,7,0,0,0,30
C01140,2025-07-30,Nairobi,Hospitality,Micro_Enterprise,F,45,Tier2,264,0,Credit_Card,10608.38,152453.26,0.0,0.2738,0,,,666.8,1,1,0,0,10978.18,74219.38,49543.4,16,6,1,0,0,15
C01143,2025-07-30,Mombasa,Salaried,Permanent,M,62,Tier2,244,1,Personal_Loan,325408.18,,,0.1957,12,,,533.0,2,1,15,1,4034.65,73216.16,39137.52,25,5,3,0,0,21
C01176,2025-07-30,Nairobi,Other,Self_Employed,M,36,Tier3,179,0,Personal_Loan,451450.46,,,0.271,12,,,779.3,1,0,0,1,14816.24,69469.36,64203.75,26,3,0,0,0,6
C01182,2025-07-30,Kisumu,Agribusiness,Self_Employed,F,62,Tier1,215,1,Personal_Loan,412734.52,,,0.1946,36,485393.33,0.8503,734.7,1,2,6,0,3023.39,27418.41,17023.55,18,4,2,0,0,26
C01193,2025-07-30,Meru,Transport,Self_Employed,M,28,Tier1,204,0,Personal_Loan,266999.36,,,0.2282,12,501192.17,0.5327,601.6,2,1,0,0,24357.48,133394.56,99125.4,12,3,1,1,0,22
C01209,2025-07-30,Nakuru,SME_Trade,Self_Employed,F,33,Tier2,287,1,SME_Loan,910338.76,,,0.3143,48,,,670.9,6,0,5,4,9129.2,81949.85,69007.81,24,6,1,0,0,15
C01240,2025-07-30,Nyeri,Salaried,Contract,M,22,Tier2,280,1,Personal_Loan,225703.48,,,0.2567,18,212922.92,1.06,648.3,1,0,10,6,5883.4,24142.57,31020.13,22,7,0,0,0,11
C01297,2025-07-30,Nairobi,SME_Services,Micro_Enterprise,M,32,Tier1,225,0,SME_Loan,644395.11,,,0.1434,24,240337.05,2.6812,671.5,1,2,11,4,29251.16,99885.47,54706.17,22,5,0,0,0,32
C01326,2025-07-30,Uasin Gishu,Agribusiness,Micro_Enterprise,M,29,Tier2,212,0,Overdraft,16744.03,271174.44,0.1245,0.2767,0,122146.71,0.1371,471.8,1,0,8,2,10652.27,122580.21,129254.32,27,3,1,0,0,19
C01330,2025-07-30,Nyeri,Agribusiness,Self_Employed,F,36,Tier1,239,0,Personal_Loan,327149.89,,,0.2145,36,846752.99,0.3864,580.3,1,0,21,1,221.57,22269.14,24460.74,21,3,2,0,0,7
C01337,2025-07-30,Nairobi,Agribusiness,Self_Employed,F,49,Tier2,229,0,Personal_Loan,452181.02,,,0.2491,24,200746.26,2.2525,566.0,1,0,12,3,7057.82,38579.58,28435.33,17,4,1,0,0,18
C01433,2025-07-30,Uasin Gishu,Salaried,Permanent,M,28,Tier3,270,1,Overdraft,250527.67,284987.33,0.9207,0.1762,0,160713.27,1.5588,517.1,2,1,16,2,9703.39,29752.09,22153.08,35,4,1,0,0,33
C01472,2025-07-30,Mombasa,Agribusiness,Self_Employed,M,52,Tier2,235,1,Personal_Loan,399544.21,,,0.2642,18,,,596.4,2,0,9,4,13600.85,106917.81,65399.64,19,9,1,0,0,12
C01480,2025-07-30,Nakuru,Salaried,Contract,M,39,Tier2,264,1,SME_Loan,532529.47,,,0.2396,24,210755.76,2.5268,565.7,2,1,0,4,0.0,62263.17,66000.11,26,10,0,0,0,5
C01506,2025-07-30,Nairobi,Salaried,Contract,M,31,Tier2,128,1,SME_Loan,487435.18,,,0.3226,24,414535.32,1.1759,720.1,1,1,11,2,28661.99,122004.75,95326.21,21,10,1,0,0,17
C01512,2025-07-30,Uasin Gishu,Other,Self_Employed,M,31,Tier2,262,1,SME_Loan,809630.43,,,0.1674,24,543586.47,1.4894,531.4,1,0,6,4,8482.11,29732.5,29265.91,18,3,3,1,0,34
C01514,2025-07-30,Kiambu,Salaried,Permanent,M,35,Tier2,228,1,SME_Loan,788144.59,,,0.1958,36,452273.0,1.7426,613.8,2,1,0,1,19339.86,134218.67,63575.99,17,4,0,0,0,18
C01517,2025-07-30,Meru,SME_Trade,Micro_Enterprise,F,42,Tier1,239,1,SME_Loan,684230.68,,,0.1581,12,,,652.2,2,1,10,2,3553.04,87053.09,93423.13,17,1,0,0,0,27
C01581,2025-07-30,Nakuru,SME_Trade,Self_Employed,M,34,Tier2,154,1,SME_Loan,241474.77,,,0.1474,24,1064098.52,0.2269,590.2,4,0,15,4,17156.02,101372.95,80395.48,21,6,0,0,0,34
C01611,2025-07-30,Nairobi,Transport,Self_Employed,F,55,Tier3,165,1,Personal_Loan,427667.82,,,0.2329,18,236159.3,1.8109,661.1,1,0,0,0,17296.66,55005.95,55107.0,22,4,0,0,0,19
C01614,2025-07-30,Mombasa,SME_Services,Self_Employed,M,52,Tier1,289,1,Personal_Loan,206553.04,,,0.2643,12,445142.76,0.464,635.2,2,0,5,4,0.0,0.0,0.0,19,8,1,0,0,30
C01622,2025-07-30,Nakuru,Salaried,Permanent,F,21,Tier2,310,1,SME_Loan,313411.76,,,0.1653,24,867205.63,0.3614,760.9,1,0,11,5,805.0,15684.54,16496.51,26,4,0,0,0,21
C01633,2025-07-30,Mombasa,Salaried,Permanent,M,25,Tier3,265,1,Overdraft,26671.55,447050.83,0.0762,0.1747,0,234397.29,0.1138,586.9,3,1,0,3,2552.28,97474.44,112932.24,37,5,0,0,0,30
C01702,2025-07-30,Nyeri,Construction,Micro_Enterprise,M,29,Tier1,223,0,SME_Loan,738161.86,,,0.2119,12,399925.62,1.8457,647.4,2,0,0,0,1810.69,61649.31,28573.42,19,0,0,0,0,8
C01732,2025-07-30,Nyeri,Salaried,Permanent,M,61,Tier1,257,1,Personal_Loan,296052.12,,,0.2251,18,223150.16,1.3267,715.6,2,1,8,4,0.0,0.0,0.0,22,7,2,0,0,27
C01745,2025-07-30,Machakos,Construction,Self_Employed,F,30,Tier2,148,0,Personal_Loan,132983.75,,,0.2013,36,453591.59,0.2932,567.3,1,2,9,3,16613.73,78255.96,63986.58,14,4,1,0,0,28
C01780,2025-07-30,Kakamega,SME_Trade,Micro_Enterprise,M,51,Tier2,242,0,Overdraft,224237.45,424882.45,0.4963,0.1998,0,58566.51,3.8288,792.2,1,1,0,0,0.0,6779.59,5873.28,23,5,0,0,0,21
C01792,2025-07-30,Nairobi,SME_Trade,Micro_Enterprise,M,60,Tier1,300,0,Overdraft,142633.6,282507.51,0.5308,0.2673,0,176663.58,0.8074,510.5,1,1,27,3,844.84,73581.42,73544.27,22,4,1,0,0,14
C01898,2025-07-30,Machakos,Transport,Micro_Enterprise,F,60,Tier2,216,0,Personal_Loan,128511.86,,,0.1766,24,83972.24,1.5304,688.0,2,1,3,2,5587.1,26583.91,14451.38,21,5,1,0,0,13
C01947,2025-07-30,Nairobi,SME_Trade,Self_Employed,F,28,Tier2,234,0,Credit_Card,76949.66,303941.37,0.3762,0.3854,0,,,631.9,1,0,0,2,4676.18,17341.41,14923.71,12,3,1,0,0,12
C02006,2025-07-30,Nairobi,SME_Trade,Micro_Enterprise,F,26,Tier2,250,0,Credit_Card,144934.96,30000.0,1.8,0.3639,0,,,490.7,1,2,19,3,0.0,0.0,0.0,12,4,0,0,0,18
C02023,2025-07-30,Nairobi,SME_Trade,Micro_Enterprise,M,50,Tier2,83,0,Credit_Card,0.0,201648.09,0.0919,0.274,0,,,541.5,1,1,13,1,17680.6,169053.94,108125.84,13,5,0,0,1,28
C02121,2025-07-30,Nairobi,SME_Trade,Micro_Enterprise,F,55,Tier3,284,0,Overdraft,90939.83,265854.02,0.3364,0.1244,0,0.0,5.0,629.4,2,1,18,1,9856.97,42710.68,30608.37,23,5,1,0,0,13
C02147,2025-07-30,Mombasa,Salaried,Permanent,F,28,Tier3,304,1,Personal_Loan,415730.29,,,0.1431,18,0.0,5.0,585.4,1,0,1,2,14662.05,79224.53,71884.57,28,1,1,0,0,28
C02181,2025-07-30,Meru,Salaried,Permanent,M,52,Tier2,224,1,Personal_Loan,388476.58,,,0.2731,36,99052.13,3.9219,611.3,1,2,0,3,9884.86,36263.18,30079.37,23,8,1,0,0,6
C02203,2025-07-30,Kisumu,Salaried,Permanent,M,22,Tier1,225,1,Personal_Loan,347506.91,,,0.2503,24,266808.3,1.3025,622.8,1,3,18,3,12740.86,66368.87,57748.68,27,7,0,0,0,28
C02210,2025-07-30,Kiambu,Other,Self_Employed,F,27,Tier2,131,0,Personal_Loan,223642.11,,,0.1657,24,495944.82,0.4509,619.1,1,0,7,0,5670.11,27261.62,24354.32,12,2,0,0,0,18
C02242,2025-07-30,Nyeri,Agribusiness,Micro_Enterprise,F,50,Tier1,290,1,Personal_Loan,209705.86,,,0.1683,36,728931.42,0.2877,686.3,1,1,11,6,2008.18,19146.06,18086.16,26,4,1,0,0,21
C02281,2025-07-30,Nairobi,Salaried,Permanent,M,55,Tier2,281,1,SME_Loan,369504.53,,,0.2438,12,375078.48,0.9851,623.6,4,1,0,5,13303.88,89943.98,46890.52,20,4,1,0,0,20
C02301,2025-07-30,Kakamega,Salaried,Permanent,M,33,Tier3,283,1,Personal_Loan,302242.71,,,0.3196,18,0.0,5.0,601.7,1,0,0,0,34776.56,148946.13,110165.46,33,5,0,0,0,31
C02327,2025-07-30,Kakamega,Salaried,Permanent,M,36,Tier2,169,1,Overdraft,122137.31,50000.0,1.8,0.2789,0,242340.35,0.504,527.5,2,0,18,2,5954.65,22251.63,18192.74,27,6,0,0,0,34
C02346,2025-07-30,Kakamega,Transport,Micro_Enterprise,F,32,Tier1,275,0,Credit_Card,0.0,191511.09,0.0,0.2997,0,,,377.1,1,0,49,3,23776.3,87625.68,69752.19,23,5,0,0,0,27
C02398,2025-07-30,Mombasa,Salaried,Contract,M,34,Tier3,313,1,Personal_Loan,188947.72,,,0.2881,12,1364223.32,0.1385,563.1,1,0,0,2,13453.48,155910.19,198904.71,27,3,0,0,0,7
C02402,2025-07-30,Nairobi,Salaried,Permanent,M,46,Tier1,189,1,Personal_Loan,162039.63,,,0.2611,18,376159.1,0.4308,538.4,1,3,8,4,0.0,0.0,0.0,35,6,0,0,0,9
C02418,2025-07-30,Mombasa,Construction,Micro_Enterprise,F,32,Tier2,245,1,Personal_Loan,356663.92,,,0.1685,36,389165.91,0.9165,794.5,1,0,0,0,8905.62,59991.17,9952.47,16,5,1,0,0,14
C02440,2025-07-30,Mombasa,Salaried,Contract,M,23,Tier3,220,1,SME_Loan,727435.89,,,0.1226,36,336517.2,2.1617,676.3,2,1,1,3,4483.73,36446.42,27086.73,32,8,1,0,0,5
C02448,2025-07-30,Meru,Salaried,Contract,M,50,Tier1,320,1,Personal_Loan,415958.98,,,0.2388,18,,,615.4,4,1,18,3,0.0,115885.95,110828.49,28,9,1,0,0,5
C02463,2025-07-30,Kisumu,Salaried,Contract,F,42,Tier1,295,1,SME_Loan,661821.84,,,0.193,36,202182.31,3.2734,697.6,1,0,0,0,25564.54,145016.94,142136.0,28,8,0,0,0,12
C02501,2025-07-30,Meru,SME_Trade,Self_Employed,F,52,Tier2,302,0,SME_Loan,169529.87,,,0.1924,36,477158.67,0.3553,492.3,2,1,19,0,1737.44,10940.88,7798.67,16,3,3,0,0,6
C02548,2025-07-30,Meru,Construction,Self_Employed,M,47,Tier2,237,1,SME_Loan,1137884.17,,,0.2502,24,,,711.9,2,2,0,4,7265.13,37930.49,36284.71,16,5,2,0,0,32
C02569,2025-07-30,Nyeri,Agribusiness,Self_Employed,M,38,Tier2,238,1,Personal_Loan,374221.23,,,0.1701,18,,,566.3,1,0,6,4,35754.62,106942.91,112531.47,14,3,1,0,0,13
C02600,2025-07-30,Kiambu,Other,Self_Employed,M,38,Tier2,330,1,SME_Loan,191635.77,,,0.2753,24,376928.86,0.5084,698.9,4,1,18,3,4674.41,36976.81,19689.23,22,5,1,0,0,13
C02614,2025-07-30,Nakuru,Salaried,Permanent,M,47,Tier2,99,1,SME_Loan,0.0,,,0.3209,12,565842.91,0.05,680.5,1,0,0,2,404.68,5638.82,3982.89,29,8,0,0,0,22
C02618,2025-07-30,Nairobi,Transport,Self_Employed,M,23,Tier2,231,1,Personal_Loan,330201.22,,,0.2371,24,,,722.8,1,1,7,3,2244.45,14870.68,9385.26,20,1,0,0,0,14
C02624,2025-07-30,Nairobi,Other,Self_Employed,F,62,Tier2,250,1,Personal_Loan,342039.91,,,0.231,12,407179.63,0.84,678.8,1,0,19,2,0.0,0.0,0.0,16,5,2,0,0,33
C02635,2025-07-30,Nairobi,Salaried,Permanent,M,24,Tier2,205,1,Overdraft,212850.88,219438.51,0.9937,0.2078,0,47844.62,4.4488,690.1,3,1,2,4,40667.49,155405.47,150485.95,34,8,3,0,0,19
C02747,2025-07-30,Nairobi,Salaried,Permanent,M,31,Tier1,266,1,SME_Loan,580613.5,,,0.1728,36,166814.54,3.4806,495.6,2,0,0,1,48679.2,128868.75,100089.42,27,9,0,0,0,21
C02767,2025-07-30,Machakos,Other,Self_Employed,F,37,Tier2,137,0,Credit_Card,24133.45,119409.52,0.1678,0.3217,0,,,579.3,1,0,10,3,11541.44,69083.42,73546.97,22,6,1,0,0,21
C02788,2025-07-30,Nakuru,Salaried,Permanent,M,23,Tier3,276,1,Personal_Loan,606971.03,,,0.1722,36,264973.58,2.2907,532.8,1,0,7,1,38205.63,358981.93,329323.74,28,8,1,0,0,16
C02851,2025-07-30,Nairobi,Transport,Micro_Enterprise,M,29,Tier3,173,0,Personal_Loan,296012.11,,,0.2504,24,0.0,5.0,611.4,1,0,12,1,12121.44,150083.11,105470.01,21,6,2,0,0,26
C02875,2025-07-30,Nyeri,Transport,Self_Employed,F,38,Tier2,86,0,Personal_Loan,223483.29,,,0.2431,36,,,544.9,1,0,4,0,13763.39,67082.5,48441.69,12,5,1,0,0,13
C02878,2025-07-30,Kiambu,Other,Self_Employed,F,63,Tier1,256,0,Personal_Loan,249092.38,,,0.2464,24,161340.14,1.5439,567.3,1,1,2,1,0.0,0.0,0.0,26,4,1,0,0,8
C02911,2025-07-30,Mombasa,Agribusiness,Self_Employed,M,26,Tier2,115,1,Personal_Loan,229369.01,,,0.2241,24,422736.94,0.5426,646.0,2,1,2,2,3618.59,32840.78,28437.83,18,4,1,0,0,18
C02943,2025-07-30,Nairobi,Salaried,Permanent,M,55,Tier2,255,1,Personal_Loan,256954.42,,,0.1993,24,0.0,5.0,518.2,2,0,0,1,6735.7,43779.15,35484.54,27,9,1,0,0,14
C02982,2025-07-30,Nairobi,Salaried,Contract,M,23,Tier1,240,1,Overdraft,9646.32,288285.3,0.0931,0.2401,0,100021.94,0.0964,620.2,3,0,1,3,3877.89,19823.05,23098.15,33,5,1,0,0,8
C02997,2025-07-30,Nairobi,Salaried,Contract,F,34,Tier2,216,1,SME_Loan,625802.38,,,0.2846,12,0.0,5.0,634.8,4,1,0,1,3564.01,114538.08,73059.83,35,4,0,0,0,12
C03002,2025-07-30,Nairobi,Salaried,Permanent,M,51,Tier3,275,1,Overdraft,84205.52,373537.41,0.2426,0.2111,0,142750.06,0.5899,579.6,1,1,13,4,0.0,0.0,0.0,31,10,2,0,0,7
C03059,2025-07-30,Mombasa,Salaried,Permanent,F,38,Tier3,145,1,Personal_Loan,263197.58,,,0.2595,12,39377.9,5.0,615.3,1,0,3,0,23737.25,159589.84,176793.74,35,15,1,0,0,25
C03083,2025-07-30,Nairobi,SME_Services,Self_Employed,M,33,Tier3,196,0,Credit_Card,88276.21,139223.83,0.8065,0.2256,0,,,565.0,2,0,0,3,16398.97,110169.46,88638.45,27,3,1,0,0,23
C03088,2025-07-30,Nairobi,Hospitality,Self_Employed,F,28,Tier2,302,0,Credit_Card,77538.31,265342.55,0.1274,0.2042,0,,,618.5,1,0,31,3,15744.73,89194.06,102629.53,17,7,1,0,0,27
C03162,2025-07-30,Nakuru,Construction,Micro_Enterprise,M,61,Tier2,227,1,Personal_Loan,322185.87,,,0.1924,36,0.0,5.0,589.8,1,0,8,1,1533.02,8675.72,5666.31,17,4,0,0,0,24
C03299,2025-07-30,Machakos,SME_Trade,Micro_Enterprise,F,45,Tier2,179,0,Overdraft,207911.35,380685.06,0.499,0.1977,0,200352.85,1.0377,705.0,2,0,0,1,43199.32,169525.38,139810.83,19,5,1,0,0,25
C03358,2025-07-30,Machakos,Salaried,Permanent,F,60,Tier2,268,1,SME_Loan,524850.7,,,0.2119,36,,,731.2,2,1,0,0,6419.16,32053.37,40999.06,35,7,2,0,0,27
C03360,2025-07-30,Nairobi,Salaried,Permanent,M,44,Tier1,137,1,Personal_Loan,165458.29,,,0.2497,24,619066.48,0.2673,601.8,1,0,3,3,6654.26,130802.76,175575.08,25,7,3,0,0,27
C03376,2025-07-30,Nairobi,Transport,Self_Employed,F,43,Tier3,328,1,Personal_Loan,646483.03,,,0.2224,18,627751.65,1.0298,607.2,3,1,23,3,16272.2,118217.48,95090.16,16,2,0,0,0,6
C03398,2025-07-30,Nairobi,Agribusiness,Micro_Enterprise,M,64,Tier3,166,1,Credit_Card,91958.56,314509.89,0.3348,0.3259,0,,,548.9,2,0,15,2,8822.57,34839.83,30778.39,25,3,0,0,0,21
C03449,2025-07-30,Nairobi,SME_Trade,Micro_Enterprise,M,48,Tier2,254,0,Personal_Loan,470338.74,,,0.2148,36,172222.3,2.731,606.6,1,1,7,5,10465.3,64520.97,60445.67,13,5,2,0,0,32
C03488,2025-07-30,Mombasa,Salaried,Contract,F,64,Tier1,188,1,Personal_Loan,180139.01,,,0.2734,24,345814.78,0.5209,658.8,1,1,10,4,18567.87,55432.96,76851.68,26,7,0,0,0,30
C00006,2025-08-29,Meru,Salaried,Contract,M,59,Tier2,160,1,Personal_Loan,526698.85,,,0.2576,36,457250.79,1.1519,691.5,1,2,18,3,14082.84,88407.88,100373.65,25,10,0,1,0,12
C00036,2025-08-29,Nairobi,Salaried,Permanent,M,23,Tier1,295,1,Personal_Loan,328320.38,,,0.2764,18,,,651.0,3,0,0,2,23061.28,109100.14,95719.19,18,3,1,0,0,24
C00044,2025-08-29,Kiambu,Agribusiness,Micro_Enterprise,M,36,Tier1,252,0,Personal_Loan,186702.37,,,0.1419,36,105762.83,1.7653,705.0,1,1,8,2,1680.28,16185.63,16681.18,17,4,3,0,0,30
C00071,2025-08-29,Nairobi,SME_Trade,Self_Employed,M,56,Tier2,245,1,Personal_Loan,342710.16,,,0.2378,36,329656.91,1.0396,540.8,2,0,19,5,0.0,0.0,0.0,20,3,2,0,0,149
C00132,2025-08-29,Kiambu,Hospitality,Self_Employed,M,45,Tier2,231,0,SME_Loan,154204.74,,,0.0639,36,497510.54,0.31,568.3,1,2,1,5,4498.89,69833.88,38470.02,20,6,0,0,0,33
C00133,2025-08-29,Machakos,SME_Services,Micro_Enterprise,F,25,Tier2,213,0,Personal_Loan,468783.99,,,0.2332,12,184077.35,2.5467,564.0,1,0,21,3,12576.7,85096.8,104409.69,15,3,2,0,0,23
C00138,2025-08-29,Nairobi,SME_Services,Self_Employed,F,22,Tier1,134,0,SME_Loan,991641.94,,,0.2006,36,,,565.1,6,0,6,3,4463.09,45907.98,25641.62,14,3,1,0,0,22
C00139,2025-08-29,Kisumu,Agribusiness,Micro_Enterprise,M,36,Tier3,320,0,Personal_Loan,377365.65,,,0.2182,18,409956.29,0.9205,625.6,1,1,12,2,2339.89,39922.2,49645.9,22,1,1,0,0,30
C00150,2025-08-29,Nairobi,Salaried,Permanent,F,23,Tier2,356,1,Overdraft,0.0,390368.49,0.0072,0.1755,0,30987.22,0.05,627.3,1,0,0,3,26090.55,111899.26,120769.8,29,9,0,0,0,22
C00160,2025-08-29,Machakos,Salaried,Permanent,M,56,Tier2,360,1,SME_Loan,818194.06,,,0.2686,12,674363.14,1.2133,672.9,4,1,0,1,12447.37,38891.06,42679.96,24,5,1,0,0,18
C00175,2025-08-29,Kakamega,SME_Trade,Self_Employed,F,52,Tier2,293,0,Personal_Loan,250419.09,,,0.3023,12,357291.77,0.7009,680.0,1,0,0,0,1175.09,13496.96,16588.34,25,6,1,0,0,13
C00189,2025-08-29,Nyeri,SME_Trade,Self_Employed,F,31,Tier2,287,0,Personal_Loan,261907.48,,,0.1885,36,,,581.8,1,0,0,3,2542.47,8563.81,4104.89,23,3,0,0,0,23
C00244,2025-08-29,Mombasa,Salaried,Contract,F,50,Tier2,355,1,Personal_Loan,329509.95,,,0.1947,36,476092.47,0.6921,620.0,1,1,4,2,17742.94,78035.39,108555.31,29,7,0,0,0,15
C00297,2025-08-29,Nyeri,Salaried,Contract,F,59,Tier2,253,1,Personal_Loan,347784.74,,,0.2826,18,56465.5,5.0,630.4,1,1,11,4,9897.06,84494.16,88894.57,34,6,1,0,0,6
C00305,2025-08-29,Kiambu,Transport,Micro_Enterprise,F,45,Tier2,245,0,SME_Loan,493669.97,,,0.0996,36,271489.15,1.8184,683.2,2,1,0,3,0.0,11971.05,7670.01,17,4,1,0,0,30
C00307,2025-08-29,Mombasa,SME_Services,Self_Employed,M,34,Tier3,341,0,SME_Loan,712344.76,,,0.2527,24,578534.44,1.2313,649.7,4,0,0,0,2634.3,8359.36,7060.89,18,4,1,0,0,32
C00308,2025-08-29,Mombasa,Other,Self_Employed,M,45,Tier2,277,1,SME_Loan,358000.9,,,0.2414,48,28242.95,5.0,690.8,3,0,13,5,18865.27,109138.47,78550.6,20,3,2,0,0,11
C00321,2025-08-29,Nairobi,Salaried,Permanent,M,35,Tier1,288,1,Credit_Card,123737.21,327286.0,0.2478,0.2703,0,,,508.8,2,0,0,0,27347.82,80433.38,45327.84,25,4,0,0,0,31
C00331,2025-08-29,Kiambu,SME_Trade,Self_Employed,F,45,Tier1,313,1,SME_Loan,518004.17,,,0.2886,24,0.0,5.0,547.2,3,1,7,1,0.0,6090.41,4332.84,18,6,2,0,0,23
C00367,2025-08-29,Kisumu,Salaried,Permanent,F,42,Tier1,245,1,SME_Loan,257370.6,,,0.1963,24,0.0,5.0,703.1,1,0,0,1,22311.78,86882.59,78860.07,16,8,1,0,0,7
C00376,2025-08-29,Uasin Gishu,Hospitality,Self_Employed,F,25,Tier2,315,0,SME_Loan,1141698.94,,,0.1645,24,1080058.57,1.0571,548.2,4,0,1,4,2905.21,24849.26,13048.38,13,4,1,0,0,26
C00397,2025-08-29,Uasin Gishu,Salaried,Permanent,F,23,Tier1,242,1,Personal_Loan,458145.25,,,0.3157,18,47978.14,5.0,624.7,1,1,3,2,1550.33,9545.97,6689.67,25,5,0,0,0,11
C00425,2025-08-29,Nakuru,Construction,Self_Employed,F,39,Tier3,165,1,Credit_Card,44379.5,213225.72,0.1043,0.2704,0,,,674.9,1,1,4,4,15192.81,109609.42,59267.64,24,4,1,0,0,7
C00436,2025-08-29,Nairobi,Other,Self_Employed,F,26,Tier1,357,0,SME_Loan,263308.31,,,0.2058,48,613679.82,0.4291,589.8,2,0,9,5,2585.73,23570.23,22000.63,11,4,2,0,0,24
C00544,2025-08-29,Nairobi,Salaried,Permanent,F,28,Tier2,326,1,Personal_Loan,549657.45,,,0.2574,18,474599.73,1.1581,670.6,2,0,0,1,0.0,42840.99,47573.5,20,4,1,0,0,229
C00569,2025-08-29,Mombasa,Agribusiness,Self_Employed,M,49,Tier2,231,0,SME_Loan,536382.25,,,0.2171,24,325457.12,1.6481,633.5,2,0,0,0,27179.32,89418.12,75264.65,13,4,1,0,0,17
C00640,2025-08-29,Nairobi,Salaried,Permanent,F,63,Tier2,345,1,Personal_Loan,346513.97,,,0.1958,24,284697.64,1.2171,591.0,1,0,0,0,22244.94,96179.94,98818.97,25,6,0,0,0,15
C00656,2025-08-29,Kakamega,SME_Services,Micro_Enterprise,F,44,Tier2,317,1,Personal_Loan,197845.17,,,0.2372,24,538245.97,0.3676,528.1,1,0,0,1,0.0,57497.33,49453.75,19,4,1,0,0,5
C00691,2025-08-29,Kiambu,SME_Services,Micro_Enterprise,M,65,Tier2,261,0,SME_Loan,153473.83,,,0.2175,12,469554.11,0.3269,619.5,2,0,8,3,0.0,0.0,0.0,23,6,2,1,0,130
C00742,2025-08-29,Kiambu,Hospitality,Self_Employed,F,55,Tier1,318,0,Personal_Loan,322911.32,,,0.198,36,,,601.8,1,1,13,3,329.55,1716.0,1152.11,12,2,1,0,0,22
C00760,2025-08-29,Meru,Salaried,Permanent,M,53,Tier1,245,1,Personal_Loan,420762.18,,,0.2293,24,95139.84,4.4226,790.4,2,0,0,0,8078.11,63823.24,54112.67,21,7,0,0,0,8
C00791,2025-08-29,Kisumu,Other,Micro_Enterprise,M,25,Tier3,323,1,Credit_Card,47196.97,30000.0,1.2666,0.2554,0,,,503.8,1,0,38,6,11186.17,79266.87,76106.48,16,2,0,1,0,26
C00799,2025-08-29,Nairobi,SME_Trade,Micro_Enterprise,F,35,Tier1,296,1,Personal_Loan,179597.3,,,0.2185,24,508532.98,0.3532,719.1,1,1,4,6,6464.59,140069.11,126464.59,13,4,0,0,0,12
C00811,2025-08-29,Uasin Gishu,SME_Services,Self_Employed,M,22,Tier2,321,0,Overdraft,180508.03,271630.95,0.7698,0.3251,0,0.0,5.0,547.8,1,1,23,5,0.0,0.0,0.0,18,3,2,1,0,120
C00828,2025-08-29,Mombasa,Agribusiness,Micro_Enterprise,M,61,Tier1,297,0,SME_Loan,511480.95,,,0.1768,24,127354.68,4.0162,681.7,1,2,0,1,5340.23,39025.42,39846.09,13,4,0,0,0,9
C00839,2025-08-29,Mombasa,Agribusiness,Micro_Enterprise,F,21,Tier2,284,0,Personal_Loan,109496.78,,,0.2042,18,558224.2,0.1962,667.9,1,2,2,2,2684.56,69036.06,80071.33,15,6,1,1,1,196
C00888,2025-08-29,Nairobi,Transport,Self_Employed,F,29,Tier3,302,0,Credit_Card,161035.65,172757.47,0.8216,0.2891,0,,,479.5,1,0,20,5,16002.66,72571.37,67738.15,24,4,0,1,1,211
C00967,2025-08-29,Nakuru,Salaried,Contract,M,48,Tier2,299,1,Overdraft,231756.44,230296.77,1.0791,0.3336,0,68184.32,3.399,650.4,1,0,0,0,17716.34,116564.52,108672.47,27,4,1,0,0,30
C00973,2025-08-29,Nakuru,SME_Trade,Micro_Enterprise,F,42,Tier2,356,0,Personal_Loan,352493.47,,,0.2965,18,595148.66,0.5923,695.0,1,4,5,3,25754.93,96282.53,61685.03,26,4,1,0,0,33
C00990,2025-08-29,Nakuru,SME_Services,Self_Employed,M,56,Tier3,270,1,Overdraft,124949.26,442722.92,0.2626,0.2162,0,203724.64,0.6133,679.0,2,0,12,2,4326.83,26633.3,26023.46,18,6,0,0,0,221
C01026,2025-08-29,Kiambu,Salaried,Contract,F,23,Tier3,310,1,Personal_Loan,315665.09,,,0.1812,18,503269.07,0.6272,641.1,2,2,5,3,1928.42,38753.4,36067.23,32,8,1,0,0,199
C01045,2025-08-29,Nairobi,Salaried,Permanent,M,52,Tier2,312,1,SME_Loan,928151.0,,,0.1997,12,433260.89,2.1422,478.7,2,0,2,1,14270.6,64731.53,58580.89,20,2,2,0,0,31
C01075,2025-08-29,Uasin Gishu,SME_Trade,Micro_Enterprise,M,42,Tier1,310,1,SME_Loan,479805.95,,,0.2224,36,695092.65,0.6903,566.9,1,1,19,5,25411.43,123208.03,121230.87,18,5,3,0,0,31
C01103,2025-08-29,Machakos,Salaried,Permanent,M,62,Tier1,292,1,SME_Loan,484656.7,,,0.227,24,367312.53,1.3195,549.9,2,1,5,1,12643.0,71507.62,76889.76,24,12,0,1,0,5
C01148,2025-08-29,Nairobi,Transport,Self_Employed,F,55,Tier3,310,0,Overdraft,3287.58,466136.49,0.0523,0.242,0,0.0,5.0,583.3,2,3,7,2,111.16,8256.8,10643.71,24,1,2,0,0,31
C01176,2025-08-29,Nairobi,Other,Self_Employed,M,36,Tier3,209,0,Personal_Loan,445816.14,,,0.271,12,267722.29,1.6652,782.7,1,0,0,1,4886.98,21904.93,23741.33,25,1,2,0,0,17
C01193,2025-08-29,Meru,Transport,Self_Employed,M,28,Tier1,234,0,Personal_Loan,269390.37,,,0.2282,12,501192.17,0.5375,609.3,2,1,0,0,0.0,56358.48,32913.9,21,3,2,0,0,32
C01209,2025-08-29,Nakuru,SME_Trade,Self_Employed,F,33,Tier2,317,1,SME_Loan,869053.55,,,0.3143,48,328161.66,2.6482,669.7,6,0,4,4,14053.78,111940.58,98493.98,16,7,1,0,0,17
C01240,2025-08-29,Nyeri,Salaried,Contract,M,22,Tier2,310,1,Personal_Loan,227044.11,,,0.2567,18,212922.92,1.0663,638.6,1,0,11,6,5596.82,26697.75,31927.3,20,8,1,1,0,158
C01256,2025-08-29,Nairobi,Salaried,Permanent,M,24,Tier1,318,1,SME_Loan,449982.0,,,0.1968,24,478541.83,0.9403,611.2,3,1,0,1,10522.05,54055.28,56296.48,24,9,1,0,0,20
C01297,2025-08-29,Nairobi,SME_Services,Micro_Enterprise,M,32,Tier1,255,0,SME_Loan,628791.71,,,0.1434,24,240337.05,2.6163,665.2,1,2,11,4,19676.12,91824.43,58840.75,18,2,1,1,0,235
C01330,2025-08-29,Nyeri,Agribusiness,Self_Employed,F,36,Tier1,269,0,Personal_Loan,335645.89,,,0.2145,36,846752.99,0.3964,556.9,1,0,23,1,380.35,14245.02,18118.8,15,4,1,0,0,230
C01423,2025-08-29,Nakuru,Construction,Self_Employed,M,47,Tier2,248,1,SME_Loan,687407.2,,,0.171,12,625055.65,1.0998,659.0,1,1,0,0,2362.35,34255.38,26405.41,11,5,0,0,0,11
C01433,2025-08-29,Uasin Gishu,Salaried,Permanent,M,28,Tier3,300,1,Overdraft,246567.56,284987.33,0.8791,0.1762,0,160713.27,1.5342,520.4,2,1,17,3,6098.36,26575.13,11698.12,29,4,3,0,0,209
C01456,2025-08-29,Nakuru,SME_Services,Micro_Enterprise,F,23,Tier3,251,1,Personal_Loan,270420.86,,,0.3459,24,392295.29,0.6893,511.1,1,0,20,1,2611.84,13934.53,9192.69,28,7,0,0,0,7
C01472,2025-08-29,Mombasa,Agribusiness,Self_Employed,M,52,Tier2,265,1,Personal_Loan,423257.72,,,0.2642,18,,,583.2,2,0,12,4,0.0,0.0,0.0,19,4,3,0,0,6
C01506,2025-08-29,Nairobi,Salaried,Contract,M,31,Tier2,158,1,SME_Loan,415012.85,,,0.3226,24,414535.32,1.0012,710.9,1,1,15,2,26970.99,162507.41,114667.78,20,4,1,0,0,33
C01512,2025-08-29,Uasin Gishu,Other,Self_Employed,M,31,Tier2,292,1,SME_Loan,753170.22,,,0.1674,24,543586.47,1.3856,537.6,1,0,5,4,0.0,25904.8,13513.69,23,3,1,0,1,162
C01525,2025-08-29,Nakuru,Salaried,Contract,M,48,Tier1,325,1,Overdraft,246121.97,191319.48,1.2988,0.2228,0,137009.76,1.7964,734.8,1,1,0,0,5138.4,33040.67,37773.73,24,7,1,0,0,30
C01581,2025-08-29,Nakuru,SME_Trade,Self_Employed,M,34,Tier2,184,1,SME_Loan,246701.27,,,0.1474,24,1064098.52,0.2318,585.1,4,0,16,4,17305.66,114326.24,69400.07,16,1,5,0,0,8
C01591,2025-08-29,Kiambu,Agribusiness,Self_Employed,F,54,Tier2,341,0,Overdraft,0.0,317763.49,0.0,0.2302,0,121948.77,0.05,509.6,1,2,23,2,32663.79,142521.96,67438.8,23,6,1,0,1,190
C01593,2025-08-29,Kiambu,Salaried,Permanent,F,38,Tier1,329,1,Credit_Card,78113.73,168797.47,0.4703,0.2027,0,,,685.5,2,1,0,1,12247.28,83684.44,47362.59,22,5,0,0,0,30
C01629,2025-08-29,Kiambu,SME_Trade,Micro_Enterprise,F,38,Tier2,324,0,Personal_Loan,717413.92,,,0.2719,18,659398.71,1.088,620.4,2,1,1,2,25961.97,169254.54,145713.93,22,2,2,0,0,8
C01702,2025-08-29,Nyeri,Construction,Micro_Enterprise,M,29,Tier1,253,0,SME_Loan,673488.61,,,0.2119,12,399925.62,1.684,659.3,2,0,2,1,5667.28,41593.42,41365.89,17,5,1,0,0,16
C01732,2025-08-29,Nyeri,Salaried,Permanent,M,61,Tier1,287,1,Personal_Loan,274825.79,,,0.2251,18,223150.16,1.2316,703.4,2,1,9,4,13756.7,139004.84,82766.91,21,5,0,0,0,6
C01781,2025-08-29,Nairobi,Agribusiness,Self_Employed,F,23,Tier2,357,0,Credit_Card,297637.16,209555.89,1.4281,0.2528,0,,,632.1,1,1,0,0,804.79,6689.66,3750.04,22,4,1,0,0,19
C01790,2025-08-29,Kakamega,Hospitality,Self_Employed,F,54,Tier2,252,0,Personal_Loan,598689.81,,,0.2791,24,654949.7,0.9141,766.5,1,0,0,0,3524.22,47975.67,41380.45,17,4,0,0,0,22
C01832,2025-08-29,Meru,SME_Trade,Self_Employed,M,63,Tier3,303,0,Overdraft,46187.65,415648.39,0.2051,0.1887,0,79430.88,0.5815,700.3,2,0,0,1,7250.16,62892.77,43870.5,20,5,2,0,0,34
C01853,2025-08-29,Nakuru,Construction,Micro_Enterprise,M,41,Tier1,357,0,Credit_Card,221399.75,125056.79,1.5851,0.3533,0,,,684.0,2,0,0,2,168.2,17395.96,18022.1,14,4,1,1,1,160
C01947,2025-08-29,Nairobi,SME_Trade,Self_Employed,F,28,Tier2,264,0,Credit_Card,69122.33,303941.37,0.2532,0.3854,0,,,623.7,1,0,0,1,33917.26,89127.36,31476.1,20,4,2,0,0,26
C01980,2025-08-29,Nyeri,Construction,Self_Employed,M,56,Tier2,305,1,Credit_Card,153025.86,255272.38,0.5483,0.3146,0,,,704.1,3,0,0,2,7182.86,44651.01,41910.65,21,5,0,0,0,10
C02001,2025-08-29,Nakuru,Salaried,Permanent,F,60,Tier2,281,1,Personal_Loan,578120.19,,,0.2679,12,,,813.8,1,1,26,5,8096.69,158691.79,166684.46,22,6,1,0,0,12
C02042,2025-08-29,Nairobi,Transport,Self_Employed,F,61,Tier1,331,1,SME_Loan,572740.03,,,0.2268,24,693223.81,0.8262,681.6,1,2,11,3,0.0,36749.77,25577.14,13,5,0,0,0,18
C02108,2025-08-29,Nairobi,Agribusiness,Micro_Enterprise,F,27,Tier2,355,0,Personal_Loan,413620.65,,,0.2287,24,674889.4,0.6129,678.6,1,0,0,1,2971.5,21069.39,22633.05,18,1,0,0,0,28
C02246,2025-08-29,Machakos,Transport,Micro_Enterprise,F,58,Tier1,209,0,Personal_Loan,364325.5,,,0.1982,18,205157.7,1.7758,468.5,2,2,27,3,50137.66,117384.81,96411.85,19,3,4,1,1,159
C02254,2025-08-29,Kisumu,Other,Micro_Enterprise,F,43,Tier2,347,0,SME_Loan,624694.74,,,0.2414,24,1008557.52,0.6194,615.7,3,1,0,1,992.83,38438.85,26786.15,14,1,3,0,0,31
C02262,2025-08-29,Nakuru,Construction,Micro_Enterprise,F,65,Tier3,286,0,Personal_Loan,264026.84,,,0.2488,36,367866.8,0.7177,535.0,2,2,0,0,1999.39,8731.09,7337.21,27,1,0,0,0,29
C02281,2025-08-29,Nairobi,Salaried,Permanent,M,55,Tier2,311,1,SME_Loan,364665.06,,,0.2438,12,375078.48,0.9722,623.7,4,1,0,5,8591.27,39106.61,18788.02,27,5,0,0,0,8
C02316,2025-08-29,Kakamega,Salaried,Permanent,M,21,Tier2,326,1,SME_Loan,494884.71,,,0.1951,24,326229.98,1.517,590.6,3,0,0,1,16632.44,83345.07,67048.84,27,5,0,0,0,27
C02317,2025-08-29,Nairobi,Construction,Micro_Enterprise,F,24,Tier1,234,0,Credit_Card,86270.26,309832.56,0.1286,0.2742,0,,,611.6,1,1,0,1,6308.51,52907.16,50153.53,18,4,0,0,0,7
C02327,2025-08-29,Kakamega,Salaried,Permanent,M,36,Tier2,199,1,Overdraft,114458.49,50000.0,1.8,0.2789,0,242340.35,0.4723,518.6,2,0,16,3,4809.51,34512.17,23389.39,29,9,0,0,0,20
C02367,2025-08-29,Nairobi,Salaried,Permanent,M,36,Tier2,160,1,Personal_Loan,415104.92,,,0.1732,24,620100.14,0.6694,526.4,1,0,0,1,17114.73,102682.88,91412.81,31,2,2,1,1,197
C02413,2025-08-29,Kiambu,Salaried,Permanent,M,62,Tier3,343,1,Overdraft,69433.32,67907.89,1.2198,0.2891,0,,,587.0,1,2,5,6,48321.48,186913.72,130831.95,37,5,0,1,0,196
C02512,2025-08-29,Nyeri,Construction,Self_Employed,M,59,Tier2,181,0,Personal_Loan,440430.39,,,0.2034,36,3800.79,5.0,555.0,3,2,11,2,886.5,4603.93,5322.81,23,3,0,0,0,25
C02521,2025-08-29,Nairobi,Salaried,Permanent,M,40,Tier1,275,1,Overdraft,237057.54,232733.88,0.9885,0.22,0,70040.9,3.3846,533.5,1,0,0,3,1871.61,55517.76,61263.39,22,8,2,0,0,7
C02548,2025-08-29,Meru,Construction,Self_Employed,M,47,Tier2,267,1,SME_Loan,1192120.42,,,0.2502,24,13189.54,5.0,717.0,2,2,0,4,24118.76,77355.63,48231.89,14,5,1,0,0,17
C02563,2025-08-29,Kiambu,SME_Services,Micro_Enterprise,F,51,Tier2,274,0,Overdraft,49509.24,140243.46,0.5471,0.3216,0,11896.86,4.1615,756.2,1,1,0,0,1586.88,27076.81,27505.39,17,5,1,0,0,28
C02581,2025-08-29,Nyeri,SME_Services,Self_Employed,F,38,Tier1,289,1,Personal_Loan,329951.65,,,0.2831,18,170765.59,1.9322,587.4,1,1,17,5,44872.17,121213.59,64836.87,14,6,1,1,1,150
C02614,2025-08-29,Nakuru,Salaried,Permanent,M,47,Tier2,129,1,SME_Loan,0.0,,,0.3209,12,565842.91,0.05,673.4,1,0,0,2,1525.04,55839.6,68819.33,27,6,0,0,0,21
C02696,2025-08-29,Nairobi,Salaried,Permanent,F,37,Tier1,300,1,SME_Loan,211277.4,,,0.2184,48,492444.19,0.429,606.7,2,1,0,0,15725.63,124676.86,54306.26,24,5,2,0,0,20
C02733,2025-08-29,Kakamega,Salaried,Contract,M,62,Tier2,285,1,Personal_Loan,557067.21,,,0.2165,12,663654.23,0.8394,700.2,1,0,3,5,4543.5,24471.18,20093.97,31,2,0,0,0,28
C02763,2025-08-29,Kiambu,SME_Services,Micro_Enterprise,M,37,Tier3,172,0,Personal_Loan,519339.74,,,0.2449,36,,,684.9,1,0,15,3,1274.84,17332.7,13926.24,32,3,3,0,0,19
C02788,2025-08-29,Nakuru,Salaried,Permanent,M,23,Tier3,306,1,Personal_Loan,610931.53,,,0.1722,36,264973.58,2.3056,523.2,1,0,10,2,21710.58,124125.51,90050.97,35,6,0,1,0,128
C02804,2025-08-29,Kiambu,Salaried,Permanent,M,23,Tier2,257,1,Personal_Loan,282611.79,,,0.3183,12,105899.59,2.6687,635.5,1,0,9,2,7296.76,74882.66,84350.71,19,14,0,0,0,11
C02875,2025-08-29,Nyeri,Transport,Self_Employed,F,38,Tier2,116,0,Personal_Loan,196104.9,,,0.2431,36,494186.82,0.3968,553.9,1,0,3,0,24317.1,112011.06,84468.8,19,4,3,0,0,14
C02935,2025-08-29,Mombasa,Transport,Micro_Enterprise,M,57,Tier3,268,1,Personal_Loan,389854.92,,,0.2464,24,495235.45,0.7872,628.5,1,0,3,0,3659.53,25712.7,14156.86,19,5,1,0,0,22
C02936,2025-08-29,Kakamega,Transport,Self_Employed,F,31,Tier1,334,0,Personal_Loan,42672.77,,,0.1886,12,103467.75,0.4124,753.9,1,1,17,6,26154.51,154014.44,223980.74,22,3,3,0,0,8
C02943,2025-08-29,Nairobi,Salaried,Permanent,M,55,Tier2,285,1,Personal_Loan,274216.98,,,0.1993,24,,,510.8,2,0,0,0,17307.59,111118.2,97189.02,23,6,0,0,0,13
C02944,2025-08-29,Kakamega,Salaried,Permanent,M,29,Tier2,298,1,Personal_Loan,108064.7,,,0.2491,36,,,587.3,1,0,13,1,10206.72,107667.37,145436.89,28,6,3,0,0,24
C03057,2025-08-29,Kiambu,SME_Services,Self_Employed,F,57,Tier3,223,0,Personal_Loan,338798.48,,,0.1633,18,309571.89,1.0944,774.2,2,0,4,2,3195.02,16068.83,19950.14,26,6,1,0,0,12
C03059,2025-08-29,Mombasa,Salaried,Permanent,F,38,Tier3,175,1,Personal_Loan,223654.11,,,0.2595,12,39377.9,5.0,611.2,1,0,7,0,21368.59,298162.93,303069.6,34,6,2,0,0,30
C03083,2025-08-29,Nairobi,SME_Services,Self_Employed,M,33,Tier3,226,0,Credit_Card,60151.67,139223.83,0.6341,0.2256,0,,,552.7,2,0,0,2,2968.37,122872.77,86585.02,23,2,1,0,0,23
C03125,2025-08-29,Uasin Gishu,SME_Trade,Micro_Enterprise,M,40,Tier1,173,1,Personal_Loan,642739.09,,,0.2942,12,591118.6,1.0873,550.6,1,0,13,5,0.0,0.0,0.0,18,2,2,0,0,9
C03162,2025-08-29,Nakuru,Construction,Micro_Enterprise,M,61,Tier2,257,1,Personal_Loan,315502.75,,,0.1924,36,0.0,5.0,598.3,1,0,5,2,2265.73,46143.64,32726.15,22,11,0,0,0,17
C03284,2025-08-29,Kakamega,Salaried,Contract,M,25,Tier3,242,1,Personal_Loan,334717.97,,,0.2605,12,679472.16,0.4926,695.8,1,2,1,5,11684.1,71320.83,39249.34,36,8,2,0,0,29
C03294,2025-08-29,Nyeri,Salaried,Permanent,F,34,Tier2,271,1,Personal_Loan,314435.07,,,0.2609,36,0.0,5.0,662.2,1,1,0,4,15479.95,130623.92,100482.19,21,6,2,0,0,8
C03299,2025-08-29,Machakos,SME_Trade,Micro_Enterprise,F,45,Tier2,209,0,Overdraft,251868.19,380685.06,0.5462,0.1977,0,200352.85,1.2571,717.3,2,0,0,1,2506.58,18447.78,17210.75,33,4,0,0,0,32
C03334,2025-08-29,Nairobi,SME_Services,Self_Employed,F,59,Tier1,282,0,Overdraft,166102.57,267229.93,0.5745,0.2178,0,101336.36,1.6391,677.0,3,3,0,1,6035.5,30430.64,23155.7,17,4,2,0,0,22
C03342,2025-08-29,Nairobi,Salaried,Permanent,M,34,Tier2,223,1,Credit_Card,5357.37,253756.44,0.0,0.2312,0,,,657.9,1,0,0,0,5499.74,60771.23,58216.25,22,6,0,0,0,7
C03344,2025-08-29,Kisumu,SME_Trade,Self_Employed,F,48,Tier2,244,1,SME_Loan,764420.29,,,0.2292,36,,,552.6,2,0,37,2,11530.41,38228.79,36817.67,26,3,2,0,0,164
C03347,2025-08-29,Kiambu,SME_Trade,Self_Employed,M,48,Tier2,243,0,Overdraft,126079.2,50000.0,1.8,0.1561,0,,,674.8,1,0,1,1,36420.71,101137.41,67729.06,20,7,1,0,0,12
C03428,2025-08-29,Kiambu,Construction,Self_Employed,F,60,Tier1,227,0,Overdraft,20519.94,224289.72,0.1611,0.2852,0,220091.27,0.0932,701.0,1,1,4,2,12534.57,139570.55,104282.31,21,4,1,0,0,21
C03433,2025-08-29,Machakos,Hospitality,Self_Employed,F,30,Tier1,252,0,Personal_Loan,345979.67,,,0.2185,18,642769.77,0.5383,694.8,1,1,0,0,8803.27,54372.16,49882.24,19,2,1,0,0,15
C03449,2025-08-29,Nairobi,SME_Trade,Micro_Enterprise,M,48,Tier2,284,0,Personal_Loan,468744.8,,,0.2148,36,172222.3,2.7217,593.1,1,1,9,5,4247.97,79192.96,38983.35,17,2,1,0,0,20
C03454,2025-08-29,Mombasa,Construction,Micro_Enterprise,F,36,Tier2,255,1,SME_Loan,392673.28,,,0.3132,36,487874.41,0.8049,616.2,1,0,10,2,18791.22,144046.63,15559.92,15,5,0,0,0,11
C03464,2025-08-29,Kiambu,Construction,Micro_Enterprise,M,23,Tier2,271,0,Personal_Loan,368944.65,,,0.1502,24,71746.47,5.0,637.5,1,0,0,0,18528.95,55680.77,71156.56,18,3,2,0,0,20
C03483,2025-08-29,Mombasa,Salaried,Permanent,F,56,Tier2,253,1,SME_Loan,488428.93,,,0.1611,48,0.0,5.0,675.3,1,0,6,3,0.0,45765.46,35836.37,22,7,0,0,0,9
C03485,2025-08-29,Machakos,Hospitality,Micro_Enterprise,M,39,Tier3,193,0,SME_Loan,371778.33,,,0.1491,48,656947.01,0.5659,653.5,2,2,0,0,0.0,88846.08,91974.59,22,5,4,0,0,26
C03488,2025-08-29,Mombasa,Salaried,Contract,F,64,Tier1,218,1,Personal_Loan,188547.49,,,0.2734,24,345814.78,0.5452,662.5,1,1,8,5,0.0,61675.23,18507.59,25,6,0,0,0,26
C00071,2025-09-28,Nairobi,SME_Trade,Self_Employed,M,56,Tier2,275,1,Personal_Loan,329939.5,,,0.2378,36,,,520.0,2,0,17,6,13954.74,50243.18,28825.6,16,6,2,0,0,12
C00107,2025-09-28,Uasin Gishu,Construction,Micro_Enterprise,F,56,Tier2,319,0,SME_Loan,1020898.77,,,0.2322,12,416026.03,2.4539,548.9,1,0,26,2,0.0,0.0,0.0,21,4,1,0,0,27
C00116,2025-09-28,Nyeri,SME_Trade,Micro_Enterprise,M,46,Tier1,263,0,SME_Loan,202596.69,,,0.2376,24,356897.34,0.5677,774.3,1,1,18,3,9446.94,128390.65,155579.55,17,4,2,0,0,10
C00133,2025-09-28,Machakos,SME_Services,Micro_Enterprise,F,25,Tier2,243,0,Personal_Loan,454351.78,,,0.2332,12,,,548.5,1,0,23,4,4177.38,57047.34,53569.23,16,3,1,0,0,18
C00189,2025-09-28,Nyeri,SME_Trade,Self_Employed,F,31,Tier2,317,0,Personal_Loan,274296.56,,,0.1885,36,617037.06,0.4445,571.5,1,0,0,2,4115.86,17311.48,10107.25,19,2,0,0,0,22
C00207,2025-09-28,Nairobi,SME_Services,Self_Employed,M,55,Tier2,212,1,Personal_Loan,343219.23,,,0.2289,24,425487.64,0.8066,663.0,2,0,0,1,5284.92,48686.74,55426.65,22,3,0,1,0,9
C00285,2025-09-28,Meru,SME_Trade,Self_Employed,F,40,Tier2,291,1,SME_Loan,763332.0,,,0.2276,36,339948.56,2.2454,590.0,2,1,35,4,5706.76,121536.19,93556.85,21,1,1,0,0,25
C00300,2025-09-28,Kisumu,SME_Trade,Self_Employed,F,21,Tier2,323,0,Personal_Loan,351914.21,,,0.206,12,665530.31,0.5288,679.6,1,1,0,0,19823.2,97279.57,89257.08,19,2,0,0,0,22
C00307,2025-09-28,Mombasa,SME_Services,Self_Employed,M,34,Tier3,371,0,SME_Loan,747967.97,,,0.2527,24,578534.44,1.2929,659.0,4,0,0,0,2566.02,28277.54,15323.56,19,1,2,0,0,17
C00308,2025-09-28,Mombasa,Other,Self_Employed,M,45,Tier2,307,1,SME_Loan,361792.49,,,0.2414,48,28242.95,5.0,678.2,3,0,16,5,27423.21,77344.94,58387.95,21,7,2,0,0,25
C00331,2025-09-28,Kiambu,SME_Trade,Self_Employed,F,45,Tier1,343,1,SME_Loan,439933.91,,,0.2886,24,0.0,5.0,544.4,3,1,9,1,15171.84,55499.63,51907.94,17,5,2,0,0,15
C00367,2025-09-28,Kisumu,Salaried,Permanent,F,42,Tier1,275,1,SME_Loan,242348.97,,,0.1963,24,0.0,5.0,718.4,1,0,0,1,8948.26,98220.91,34441.0,26,4,2,0,0,30
C00376,2025-09-28,Uasin Gishu,Hospitality,Self_Employed,F,25,Tier2,345,0,SME_Loan,1137563.77,,,0.1645,24,1080058.57,1.0532,539.7,4,0,6,4,4592.35,26793.27,29498.0,16,5,1,0,0,26
C00397,2025-09-28,Uasin Gishu,Salaried,Permanent,F,23,Tier1,272,1,Personal_Loan,441481.03,,,0.3157,18,47978.14,5.0,618.2,1,1,0,1,0.0,15305.38,11976.96,38,3,0,0,0,16
C00436,2025-09-28,Nairobi,Other,Self_Employed,F,26,Tier1,387,0,SME_Loan,256709.51,,,0.2058,48,613679.82,0.4183,583.9,2,0,11,5,2503.44,19767.99,19356.32,16,3,1,0,0,23
C00505,2025-09-28,Nairobi,Transport,Micro_Enterprise,M,33,Tier1,351,0,Personal_Loan,387323.65,,,0.1554,36,12199.08,5.0,708.0,2,0,0,1,838.07,9326.6,4315.29,22,3,1,0,0,29
C00529,2025-09-28,Kiambu,Salaried,Permanent,M,62,Tier2,365,1,Personal_Loan,90758.83,,,0.2666,18,0.0,5.0,647.8,1,2,29,3,27408.42,162279.5,203194.87,31,9,1,1,1,231
C00544,2025-09-28,Nairobi,Salaried,Permanent,F,28,Tier2,356,1,Personal_Loan,531746.85,,,0.2574,18,474599.73,1.1204,670.5,2,0,0,1,27881.49,82089.1,90661.5,20,6,3,0,0,8
C00569,2025-09-28,Mombasa,Agribusiness,Self_Employed,M,49,Tier2,261,0,SME_Loan,542588.2,,,0.2171,24,325457.12,1.6672,615.6,2,0,0,0,2288.0,77107.0,67873.27,18,0,1,0,0,23
C00581,2025-09-28,Kiambu,SME_Services,Self_Employed,M,25,Tier2,374,0,SME_Loan,744875.59,,,0.1876,36,132216.54,5.0,692.2,4,0,18,4,10170.61,40274.15,25687.12,19,3,3,1,0,159
C00600,2025-09-28,Machakos,Salaried,Permanent,F,49,Tier2,253,1,Personal_Loan,456923.66,,,0.2047,18,374395.08,1.2204,534.6,1,0,0,2,25186.33,152019.41,104234.46,19,3,0,0,0,17
C00640,2025-09-28,Nairobi,Salaried,Permanent,F,63,Tier2,375,1,Personal_Loan,361595.63,,,0.1958,24,284697.64,1.2701,589.3,1,0,0,0,6266.28,46653.68,31946.69,22,5,0,0,0,26
C00662,2025-09-28,Nairobi,Salaried,Permanent,M,54,Tier2,299,1,Personal_Loan,384630.38,,,0.2483,12,0.0,5.0,447.9,1,3,25,2,6904.29,34626.87,32014.21,39,6,1,0,0,122
C00742,2025-09-28,Kiambu,Hospitality,Self_Employed,F,55,Tier1,348,0,Personal_Loan,328405.08,,,0.198,36,1240943.18,0.2646,596.1,1,1,13,3,6410.32,26812.83,8756.68,18,8,0,1,1,161
C00760,2025-09-28,Meru,Salaried,Permanent,M,53,Tier1,275,1,Personal_Loan,402103.1,,,0.2293,24,95139.84,4.2264,801.2,2,0,0,0,8489.47,31559.21,31116.38,28,7,0,0,0,26
C00784,2025-09-28,Nairobi,SME_Trade,Self_Employed,F,26,Tier3,266,0,Overdraft,118557.57,308564.02,0.476,0.1721,0,178760.82,0.6632,644.9,2,1,4,4,18306.0,107051.06,66560.24,21,3,0,0,0,11
C00828,2025-09-28,Mombasa,Agribusiness,Micro_Enterprise,M,61,Tier1,327,0,SME_Loan,542127.28,,,0.1768,24,127354.68,4.2568,687.5,1,2,0,1,21023.84,106247.15,105816.66,14,3,1,0,0,9
C00831,2025-09-28,Nairobi,Agribusiness,Self_Employed,F,32,Tier2,347,0,SME_Loan,552908.93,,,0.226,36,,,654.9,1,1,0,1,11568.87,162934.37,129638.16,22,2,2,0,0,25
C00839,2025-09-28,Mombasa,Agribusiness,Micro_Enterprise,F,21,Tier2,314,0,Personal_Loan,102798.99,,,0.2042,18,558224.2,0.1842,674.6,1,2,2,2,0.0,55887.04,40905.53,15,1,2,0,0,22
C00873,2025-09-28,Kiambu,Hospitality,Self_Employed,F,26,Tier2,286,0,Credit_Card,75597.66,133342.41,0.4288,0.3511,0,,,643.4,1,1,1,2,15994.79,41476.67,46003.1,20,4,0,0,0,29
C00888,2025-09-28,Nairobi,Transport,Self_Employed,F,29,Tier3,332,0,Credit_Card,142214.3,172757.47,0.9321,0.2891,0,,,462.5,1,0,25,5,0.0,0.0,0.0,28,4,1,0,0,28
C00920,2025-09-28,Kiambu,Construction,Self_Employed,M,49,Tier2,281,0,SME_Loan,0.0,,,0.1017,36,0.0,0.05,695.5,1,0,3,3,25804.07,148522.93,77563.15,22,4,1,0,0,8
C00938,2025-09-28,Nairobi,Construction,Self_Employed,M,27,Tier2,386,1,SME_Loan,195636.35,,,0.0779,24,385264.48,0.5078,615.6,1,0,2,2,6644.58,60435.88,49945.42,17,4,1,0,0,20
C00967,2025-09-28,Nakuru,Salaried,Contract,M,48,Tier2,329,1,Overdraft,251074.09,230296.77,1.0063,0.3336,0,,,646.0,1,0,0,0,19786.39,83616.67,76946.06,34,6,1,0,0,11
C00990,2025-09-28,Nakuru,SME_Services,Self_Employed,M,56,Tier3,300,1,Overdraft,137659.74,442722.92,0.2822,0.2162,0,203724.64,0.6757,668.9,2,0,15,2,2010.14,13252.13,9685.47,20,1,2,0,0,16
C01026,2025-09-28,Kiambu,Salaried,Contract,F,23,Tier3,340,1,Personal_Loan,308972.66,,,0.1812,18,503269.07,0.6139,643.8,2,2,4,3,18516.56,116618.36,50135.29,28,5,0,0,0,6
C01045,2025-09-28,Nairobi,Salaried,Permanent,M,52,Tier2,342,1,SME_Loan,1003665.55,,,0.1997,12,433260.89,2.3165,486.4,2,0,4,2,6471.99,29440.04,32433.19,23,3,0,0,0,8
C01053,2025-09-28,Nakuru,Agribusiness,Micro_Enterprise,F,43,Tier1,284,1,Credit_Card,46754.3,53366.53,0.9408,0.2135,0,,,633.0,3,0,0,2,8650.1,28536.64,19518.34,18,6,0,0,0,18
C01099,2025-09-28,Nakuru,Salaried,Permanent,M,22,Tier1,329,1,Personal_Loan,269623.75,,,0.1667,12,0.0,5.0,482.7,1,1,38,0,11166.43,39192.52,48634.64,27,1,1,1,0,178
C01103,2025-09-28,Machakos,Salaried,Permanent,M,62,Tier1,322,1,SME_Loan,525957.99,,,0.227,24,367312.53,1.4319,545.0,2,1,5,2,16833.44,103393.48,103178.56,21,1,1,0,0,22
C01128,2025-09-28,Meru,Construction,Micro_Enterprise,F,49,Tier1,14,0,SME_Loan,681789.51,,,0.124,24,881120.86,0.7738,678.8,2,1,0,2,31966.09,181293.19,188917.44,14,3,1,0,0,31
C01148,2025-09-28,Nairobi,Transport,Self_Employed,F,55,Tier3,340,0,Overdraft,15878.9,466136.49,0.0071,0.242,0,0.0,5.0,582.0,2,3,8,3,2135.35,22125.04,17313.21,31,4,2,0,0,27
C01152,2025-09-28,Nairobi,Salaried,Permanent,M,43,Tier1,312,1,SME_Loan,1201731.46,,,0.2453,24,540299.65,2.2242,544.5,1,2,18,1,12078.5,79097.96,60520.03,16,5,1,0,0,31
C01176,2025-09-28,Nairobi,Other,Self_Employed,M,36,Tier3,239,0,Personal_Loan,387906.68,,,0.271,12,267722.29,1.4489,787.3,1,0,0,1,17905.93,56824.74,22589.99,28,4,2,0,0,32
C01181,2025-09-28,Kisumu,Salaried,Contract,M,48,Tier3,301,1,Overdraft,72551.3,266137.41,0.1632,0.3045,0,49306.6,1.4714,474.8,1,1,19,4,8634.28,45233.63,40054.61,25,8,0,1,0,167
C01193,2025-09-28,Meru,Transport,Self_Employed,M,28,Tier1,264,0,Personal_Loan,243614.72,,,0.2282,12,,,617.0,2,1,0,0,37776.66,259695.34,165033.28,14,6,2,0,0,8
C01240,2025-09-28,Nyeri,Salaried,Contract,M,22,Tier2,340,1,Personal_Loan,220556.47,,,0.2567,18,212922.92,1.0359,635.0,1,0,9,6,13777.48,77795.59,60102.13,27,4,1,0,0,14
C01246,2025-09-28,Nairobi,SME_Trade,Self_Employed,M,65,Tier1,335,0,Personal_Loan,309423.83,,,0.19,36,462960.45,0.6684,615.6,1,1,4,1,4814.34,68850.85,86007.88,28,3,0,0,0,21
C01283,2025-09-28,Kiambu,Agribusiness,Self_Employed,F,38,Tier2,347,0,SME_Loan,166293.44,,,0.0931,36,648885.52,0.2563,558.0,3,2,4,2,27549.39,222800.77,224030.99,16,5,1,0,0,21
C01296,2025-09-28,Meru,SME_Trade,Micro_Enterprise,M,44,Tier3,335,0,Credit_Card,17310.0,144401.85,0.1199,0.2615,0,,,694.3,1,2,1,0,3542.08,223984.25,246045.95,25,7,0,0,0,18
C01326,2025-09-28,Uasin Gishu,Agribusiness,Micro_Enterprise,M,29,Tier2,272,0,Overdraft,9702.22,271174.44,0.0617,0.2767,0,122146.71,0.0794,456.2,1,0,9,3,0.0,0.0,0.0,13,1,1,0,0,14
C01337,2025-09-28,Nairobi,Agribusiness,Self_Employed,F,49,Tier2,289,0,Personal_Loan,505749.7,,,0.2491,24,200746.26,2.5193,556.9,1,0,16,4,2650.66,22843.91,26186.38,17,3,2,1,0,25
C01355,2025-09-28,Kiambu,SME_Services,Self_Employed,M,30,Tier1,295,0,Overdraft,4067.74,300366.27,0.0,0.1869,0,145788.49,0.05,627.4,1,0,16,2,7956.96,125357.23,128906.42,21,6,0,0,0,28
C01433,2025-09-28,Uasin Gishu,Salaried,Permanent,M,28,Tier3,330,1,Overdraft,250752.6,284987.33,0.8652,0.1762,0,160713.27,1.5602,512.0,2,1,17,3,7962.61,74724.42,49246.38,39,4,0,0,0,193
C01485,2025-09-28,Nairobi,Transport,Micro_Enterprise,F,39,Tier2,385,0,Personal_Loan,390760.4,,,0.1863,36,914545.17,0.4273,668.0,1,1,23,0,2189.77,12561.32,8011.93,20,2,1,0,0,24
C01514,2025-09-28,Kiambu,Salaried,Permanent,M,35,Tier2,288,1,SME_Loan,816467.47,,,0.1958,36,452273.0,1.8053,606.1,2,1,0,1,15006.63,75080.48,90126.7,23,5,0,0,0,15
C01517,2025-09-28,Meru,SME_Trade,Micro_Enterprise,F,42,Tier1,299,1,SME_Loan,731082.75,,,0.1581,12,749968.39,0.9748,645.5,2,1,13,2,31103.26,94278.08,80210.14,15,6,1,0,0,18
C01525,2025-09-28,Nakuru,Salaried,Contract,M,48,Tier1,355,1,Overdraft,254778.08,191319.48,1.2864,0.2228,0,137009.76,1.8596,736.4,1,1,0,0,10857.82,87550.84,58175.51,23,4,1,0,0,31
C01591,2025-09-28,Kiambu,Agribusiness,Self_Employed,F,54,Tier2,371,0,Overdraft,0.0,317763.49,0.0,0.2302,0,,,497.6,1,2,27,2,2641.01,24376.43,23330.39,14,4,0,0,0,5
C01593,2025-09-28,Kiambu,Salaried,Permanent,F,38,Tier1,359,1,Credit_Card,57341.06,168797.47,0.4628,0.2027,0,,,682.1,2,1,0,0,20287.11,73291.3,75678.96,27,7,1,1,0,133
C01614,2025-09-28,Mombasa,SME_Services,Self_Employed,M,52,Tier1,349,1,Personal_Loan,202944.79,,,0.2643,12,445142.76,0.4559,638.8,2,0,10,5,19872.34,201505.61,245014.43,20,0,0,0,0,21
C01622,2025-09-28,Nakuru,Salaried,Permanent,F,21,Tier2,370,1,SME_Loan,288767.28,,,0.1653,24,867205.63,0.333,759.8,1,0,8,5,12385.55,64917.42,43721.08,29,5,1,0,0,9
C01629,2025-09-28,Kiambu,SME_Trade,Micro_Enterprise,F,38,Tier2,354,0,Personal_Loan,669024.86,,,0.2719,18,659398.71,1.0146,625.6,2,1,0,2,16611.72,132069.4,101407.89,19,6,1,0,0,22
C01790,2025-09-28,Kakamega,Hospitality,Self_Employed,F,54,Tier2,282,0,Personal_Loan,623383.96,,,0.2791,24,654949.7,0.9518,762.4,1,0,0,0,4558.9,56203.92,31878.65,17,5,1,0,0,22
C01963,2025-09-28,Kiambu,SME_Trade,Self_Employed,M,27,Tier3,359,0,SME_Loan,488504.53,,,0.1694,36,195287.57,2.5015,665.4,1,0,2,1,0.0,240847.52,216202.39,29,5,2,0,0,29
C01972,2025-09-28,Nairobi,Salaried,Permanent,M,62,Tier1,315,1,Overdraft,136271.72,391335.96,0.4076,0.2426,0,,,646.9,1,1,6,4,1362.8,27310.69,40280.88,18,4,0,0,0,34
C01973,2025-09-28,Nakuru,Salaried,Contract,M,51,Tier2,390,1,Credit_Card,0.0,200536.25,0.0662,0.2977,0,,,657.1,1,2,0,0,29048.02,94579.42,56894.88,24,11,1,0,0,27
C02001,2025-09-28,Nakuru,Salaried,Permanent,F,60,Tier2,311,1,Personal_Loan,579652.32,,,0.2679,12,412043.81,1.4068,806.4,1,1,27,5,5818.78,28077.78,15545.07,27,4,0,0,1,173
C02006,2025-09-28,Nairobi,SME_Trade,Micro_Enterprise,F,26,Tier2,310,0,Credit_Card,131959.87,30000.0,1.8,0.3639,0,,,489.6,1,2,19,3,20272.35,112926.4,55188.4,21,3,0,0,0,133
C02023,2025-09-28,Nairobi,SME_Trade,Micro_Enterprise,M,50,Tier2,143,0,Credit_Card,0.0,201648.09,0.0,0.274,0,,,540.4,1,1,16,1,258.05,11895.17,7044.59,24,4,3,1,0,10
C02092,2025-09-28,Nairobi,SME_Services,Self_Employed,M,35,Tier2,243,0,SME_Loan,688471.25,,,0.1909,12,199275.81,3.4549,600.4,3,0,4,2,41604.92,109607.8,60872.84,17,3,1,0,0,26
C02108,2025-09-28,Nairobi,Agribusiness,Micro_Enterprise,F,27,Tier2,385,0,Personal_Loan,403305.3,,,0.2287,24,674889.4,0.5976,672.6,1,0,0,0,5904.22,27348.77,29705.45,15,6,1,0,0,23
C02119,2025-09-28,Kakamega,Agribusiness,Micro_Enterprise,M,45,Tier2,254,0,Personal_Loan,279629.56,,,0.1939,24,371887.12,0.7519,589.6,2,0,2,0,5583.45,18676.34,17882.16,15,5,2,0,0,33
C02135,2025-09-28,Nairobi,Construction,Self_Employed,M,40,Tier2,317,1,SME_Loan,844627.48,,,0.2302,36,286408.57,2.949,520.1,2,0,0,0,7137.16,43908.38,48396.2,16,3,1,0,0,8
C02203,2025-09-28,Kisumu,Salaried,Permanent,M,22,Tier1,285,1,Personal_Loan,361061.03,,,0.2503,24,266808.3,1.3533,604.4,1,3,30,4,13808.54,58465.84,76477.85,24,5,0,0,1,144
C02222,2025-09-28,Machakos,Construction,Self_Employed,F,27,Tier2,156,1,Credit_Card,36540.45,69554.29,1.001,0.2412,0,,,541.5,2,2,19,3,18027.26,108571.55,95084.06,21,2,3,0,0,30
C02242,2025-09-28,Nyeri,Agribusiness,Micro_Enterprise,F,50,Tier1,350,1,Personal_Loan,175023.69,,,0.1683,36,728931.42,0.2401,684.0,1,1,13,6,10900.0,91070.38,70424.55,17,7,3,0,0,31
C02246,2025-09-28,Machakos,Transport,Micro_Enterprise,F,58,Tier1,239,0,Personal_Loan,362540.57,,,0.1982,18,205157.7,1.7671,454.0,2,2,32,4,3585.58,37543.27,57616.9,15,4,3,1,0,202
C02296,2025-09-28,Mombasa,Transport,Self_Employed,F,57,Tier1,387,0,SME_Loan,276128.41,,,0.234,24,820474.76,0.3365,670.4,1,0,21,4,0.0,29933.07,31535.38,11,4,1,0,0,14
C02325,2025-09-28,Nairobi,Hospitality,Self_Employed,F,54,Tier2,169,1,Overdraft,124302.56,147129.75,0.7698,0.2697,0,0.0,5.0,663.7,1,1,17,1,199.49,49392.23,30866.24,21,2,0,0,1,155
C02346,2025-09-28,Kakamega,Transport,Micro_Enterprise,F,32,Tier1,335,0,Credit_Card,28132.24,191511.09,0.0,0.2997,0,,,347.1,1,0,57,4,5534.47,35664.05,13847.15,16,5,1,1,1,239
C02367,2025-09-28,Nairobi,Salaried,Permanent,M,36,Tier2,190,1,Personal_Loan,412555.6,,,0.1732,24,620100.14,0.6653,523.1,1,0,0,1,0.0,96189.67,86926.31,28,3,1,0,0,33
C02402,2025-09-28,Nairobi,Salaried,Permanent,M,46,Tier1,249,1,Personal_Loan,175277.8,,,0.2611,18,376159.1,0.466,520.1,1,3,15,5,5727.21,85922.52,91192.86,24,8,2,0,0,11
C02413,2025-09-28,Kiambu,Salaried,Permanent,M,62,Tier3,373,1,Overdraft,51798.81,67907.89,1.0225,0.2891,0,110637.29,0.4682,584.7,1,2,6,6,44.73,506.7,485.75,43,6,1,0,0,17
C02418,2025-09-28,Mombasa,Construction,Micro_Enterprise,F,32,Tier2,305,1,Personal_Loan,340497.13,,,0.1685,36,389165.91,0.8749,795.6,1,0,0,0,8988.23,59701.49,46004.41,18,3,0,0,0,30
C02462,2025-09-28,Machakos,Agribusiness,Micro_Enterprise,F,30,Tier2,292,0,Overdraft,106874.73,281675.32,0.3612,0.224,0,69815.56,1.5308,489.1,3,1,48,1,3119.52,10763.63,10614.59,22,4,1,0,0,20
C02490,2025-09-28,Kisumu,Salaried,Permanent,M,37,Tier1,243,1,Personal_Loan,414339.95,,,0.2929,24,358533.98,1.1557,727.7,3,0,0,0,17170.82,73287.85,50292.64,27,7,0,0,0,23
C02521,2025-09-28,Nairobi,Salaried,Permanent,M,40,Tier1,305,1,Overdraft,246649.96,232733.88,1.0186,0.22,0,70040.9,3.5215,532.4,1,0,0,2,6774.73,68501.99,47096.92,31,9,0,0,0,215
C02548,2025-09-28,Meru,Construction,Self_Employed,M,47,Tier2,297,1,SME_Loan,1192365.98,,,0.2502,24,13189.54,5.0,722.3,2,2,0,4,830.66,9719.04,4356.45,19,2,0,0,0,18
C02563,2025-09-28,Kiambu,SME_Services,Micro_Enterprise,F,51,Tier2,304,0,Overdraft,54718.75,140243.46,0.353,0.3216,0,11896.86,4.5994,751.1,1,1,1,0,0.0,0.0,0.0,19,3,2,0,0,12
C02572,2025-09-28,Nakuru,Salaried,Permanent,M,62,Tier2,326,1,Personal_Loan,309499.6,,,0.2279,18,467809.63,0.6616,688.4,2,1,6,4,2726.16,100511.52,118931.79,35,10,0,1,0,5
C02577,2025-09-28,Machakos,Agribusiness,Micro_Enterprise,F,33,Tier2,320,1,Personal_Loan,208059.4,,,0.2401,18,0.0,5.0,607.6,1,3,0,0,6133.41,34776.2,35416.64,14,5,1,0,0,11
C02581,2025-09-28,Nyeri,SME_Services,Self_Employed,F,38,Tier1,319,1,Personal_Loan,299108.4,,,0.2831,18,170765.59,1.7516,583.1,1,1,18,5,1075.02,52952.34,52631.97,12,3,0,0,0,28
C02595,2025-09-28,Nairobi,Agribusiness,Self_Employed,M,34,Tier2,233,0,Personal_Loan,92121.57,,,0.2756,12,767022.64,0.1201,611.6,4,0,0,0,6490.44,37418.78,26466.59,14,6,0,0,0,27
C02628,2025-09-28,Machakos,Salaried,Permanent,F,21,Tier2,389,1,Personal_Loan,149946.24,,,0.2497,36,491658.21,0.305,690.1,2,2,2,2,12546.83,101048.85,72511.13,32,9,0,1,0,5
C02733,2025-09-28,Kakamega,Salaried,Contract,M,62,Tier2,315,1,Personal_Loan,493415.09,,,0.2165,12,663654.23,0.7435,693.2,1,0,3,5,3574.23,11202.29,9327.92,26,10,0,0,0,24
C02747,2025-09-28,Nairobi,Salaried,Permanent,M,31,Tier1,326,1,SME_Loan,573716.25,,,0.1728,36,166814.54,3.4392,501.8,2,0,0,1,0.0,0.0,0.0,22,13,0,0,0,31
C02763,2025-09-28,Kiambu,SME_Services,Micro_Enterprise,M,37,Tier3,202,0,Personal_Loan,551791.76,,,0.2449,36,581033.29,0.9497,671.8,1,0,19,3,4017.73,19696.24,12127.64,16,6,0,0,0,30
C02767,2025-09-28,Machakos,Other,Self_Employed,F,37,Tier2,197,0,Credit_Card,24587.47,119409.52,0.2021,0.3217,0,,,563.8,1,0,11,3,1716.17,25450.4,18011.63,11,6,0,0,0,20
C02788,2025-09-28,Nakuru,Salaried,Permanent,M,23,Tier3,336,1,Personal_Loan,543500.37,,,0.1722,36,,,516.6,1,0,18,3,65726.9,294269.37,335811.38,30,4,1,0,0,22
C02804,2025-09-28,Kiambu,Salaried,Permanent,M,23,Tier2,287,1,Personal_Loan,282210.38,,,0.3183,12,105899.59,2.6649,637.0,1,0,10,2,0.0,0.0,0.0,31,7,2,0,0,28
C02851,2025-09-28,Nairobi,Transport,Micro_Enterprise,M,29,Tier3,233,0,Personal_Loan,303406.86,,,0.2504,24,0.0,5.0,600.9,1,0,15,2,14497.95,81392.86,60358.58,20,4,1,0,0,27
C02878,2025-09-28,Kiambu,Other,Self_Employed,F,63,Tier1,316,0,Personal_Loan,275653.83,,,0.2464,24,161340.14,1.7085,568.5,1,1,2,1,6537.07,67216.23,41206.9,17,6,0,0,0,8
C02911,2025-09-28,Mombasa,Agribusiness,Self_Employed,M,26,Tier2,175,1,Personal_Loan,208822.01,,,0.2241,24,422736.94,0.494,643.9,2,1,1,3,15358.06,85731.78,72354.47,11,6,2,0,0,233
C02982,2025-09-28,Nairobi,Salaried,Contract,M,23,Tier1,300,1,Overdraft,10559.23,288285.3,0.0335,0.2401,0,100021.94,0.1056,620.0,3,0,2,3,4918.38,26345.04,26318.38,26,7,0,0,0,6
C02997,2025-09-28,Nairobi,Salaried,Contract,F,34,Tier2,276,1,SME_Loan,672742.44,,,0.2846,12,0.0,5.0,637.0,4,1,0,1,44775.71,203882.3,184617.71,34,7,0,0,0,14
C03057,2025-09-28,Kiambu,SME_Services,Self_Employed,F,57,Tier3,253,0,Personal_Loan,325113.93,,,0.1633,18,309571.89,1.0502,765.3,2,0,0,2,3788.89,18133.2,13263.55,15,4,1,0,0,20
C03059,2025-09-28,Mombasa,Salaried,Permanent,F,38,Tier3,205,1,Personal_Loan,211209.55,,,0.2595,12,39377.9,5.0,609.1,1,0,13,1,51849.47,203081.06,275763.82,33,6,1,0,0,31
C03083,2025-09-28,Nairobi,SME_Services,Self_Employed,M,33,Tier3,256,0,Credit_Card,39977.33,139223.83,0.4321,0.2256,0,,,554.9,2,0,0,2,5286.46,123131.49,149047.81,15,7,2,0,1,129
C03088,2025-09-28,Nairobi,Hospitality,Self_Employed,F,28,Tier2,362,0,Credit_Card,41081.89,265342.55,0.2922,0.2042,0,,,590.3,1,0,37,3,15315.03,95089.69,106031.04,17,1,2,0,0,29
C03094,2025-09-28,Mombasa,SME_Trade,Self_Employed,F,31,Tier1,327,0,Personal_Loan,316806.78,,,0.2132,12,493948.53,0.6414,614.5,1,0,5,3,11377.97,47163.87,15560.01,23,3,0,0,0,27
C03127,2025-09-28,Kiambu,Transport,Micro_Enterprise,F,58,Tier1,338,0,Personal_Loan,396639.03,,,0.1688,12,0.0,5.0,674.0,1,1,4,0,1181.55,102934.51,107981.19,15,1,2,0,0,20
C03162,2025-09-28,Nakuru,Construction,Micro_Enterprise,M,61,Tier2,287,1,Personal_Loan,280686.55,,,0.1924,36,0.0,5.0,594.4,1,0,6,2,17701.9,65629.48,78817.3,16,5,0,0,0,22
C03163,2025-09-28,Uasin Gishu,Hospitality,Micro_Enterprise,F,28,Tier3,332,0,Overdraft,68679.34,167426.84,0.1895,0.3189,0,297174.57,0.2311,613.5,4,1,3,1,82420.83,327906.82,285632.09,28,6,0,0,0,34
C03185,2025-09-28,Machakos,Construction,Self_Employed,M,49,Tier2,350,0,Personal_Loan,411789.9,,,0.2154,36,656384.56,0.6274,656.7,1,1,24,5,0.0,23832.31,17366.63,11,4,0,0,0,14
C03218,2025-09-28,Nakuru,Salaried,Permanent,F,40,Tier2,230,1,Overdraft,131477.79,400528.88,0.2821,0.2917,0,203368.48,0.6465,671.7,1,1,12,2,15852.25,44470.62,41791.38,22,8,1,0,0,17
C03239,2025-09-28,Machakos,Hospitality,Self_Employed,M,60,Tier2,377,0,Overdraft,215755.72,349565.4,0.5959,0.2161,0,61645.88,3.4999,493.7,2,0,32,3,11222.51,92097.74,83743.86,13,4,2,0,0,34
C03297,2025-09-28,Machakos,SME_Services,Self_Employed,F,30,Tier2,315,0,Personal_Loan,481430.47,,,0.2087,24,481104.77,1.0007,580.3,1,1,19,3,0.0,0.0,0.0,21,2,1,0,0,30
C03334,2025-09-28,Nairobi,SME_Services,Self_Employed,F,59,Tier1,312,0,Overdraft,161549.47,267229.93,0.6216,0.2178,0,,,677.3,3,3,0,1,14647.48,72467.13,83412.49,19,5,2,0,0,34
C03347,2025-09-28,Kiambu,SME_Trade,Self_Employed,M,48,Tier2,273,0,Overdraft,130876.95,50000.0,1.8,0.1561,0,107724.8,1.2149,667.2,1,0,0,1,33299.53,140910.46,88382.21,17,5,1,0,0,6
C03355,2025-09-28,Kiambu,SME_Services,Self_Employed,M,64,Tier1,277,0,Personal_Loan,450197.57,,,0.2732,12,336803.16,1.3367,452.6,2,1,39,4,0.0,68400.26,48594.82,20,1,3,1,1,166
C03360,2025-09-28,Nairobi,Salaried,Permanent,M,44,Tier1,197,1,Personal_Loan,160821.72,,,0.2497,24,619066.48,0.2598,593.2,1,0,6,3,1301.97,82182.87,92629.72,33,4,1,0,0,10
C03376,2025-09-28,Nairobi,Transport,Self_Employed,F,43,Tier3,388,1,Personal_Loan,586100.15,,,0.2224,18,,,593.2,3,1,26,4,27987.27,138941.54,139813.78,26,3,2,0,0,26
C03398,2025-09-28,Nairobi,Agribusiness,Micro_Enterprise,M,64,Tier3,226,1,Credit_Card,143420.73,314509.89,0.2924,0.3259,0,,,541.6,2,0,16,2,0.0,62776.46,42147.42,30,6,0,0,0,18
C03428,2025-09-28,Kiambu,Construction,Self_Employed,F,60,Tier1,257,0,Overdraft,45967.86,224289.72,0.0915,0.2852,0,220091.27,0.2089,697.4,1,1,2,2,13550.91,139515.43,91550.75,17,4,2,0,0,16
C00036,2025-10-28,Nairobi,Salaried,Permanent,M,23,Tier1,355,1,Personal_Loan,311309.1,,,0.2764,18,0.0,5.0,645.2,3,0,0,1,6764.09,64990.68,48607.76,32,10,1,0,0,8
C00051,2025-10-28,Nakuru,Salaried,Permanent,M,55,Tier2,343,1,SME_Loan,448447.39,,,0.1605,24,321113.46,1.3965,616.4,2,1,51,4,0.0,167837.92,112346.49,29,10,0,0,0,10
C00071,2025-10-28,Nairobi,SME_Trade,Self_Employed,M,56,Tier2,305,1,Personal_Loan,354676.2,,,0.2378,36,329656.91,1.0759,517.0,2,0,17,6,373.53,2882.1,2115.53,14,3,1,0,0,9
C00107,2025-10-28,Uasin Gishu,Construction,Micro_Enterprise,F,56,Tier2,349,0,SME_Loan,942860.54,,,0.2322,12,,,522.4,1,0,33,2,15215.13,107158.61,91940.33,18,3,1,0,0,18
C00133,2025-10-28,Machakos,SME_Services,Micro_Enterprise,F,25,Tier2,273,0,Personal_Loan,480098.43,,,0.2332,12,184077.35,2.6081,541.9,1,0,26,4,369.14,19031.22,22958.83,13,4,2,0,1,194
C00138,2025-10-28,Nairobi,SME_Services,Self_Employed,F,22,Tier1,194,0,SME_Loan,920280.69,,,0.2006,36,174749.94,5.0,564.3,6,0,7,3,9210.56,57314.79,36039.1,22,4,2,0,0,28
C00139,2025-10-28,Kisumu,Agribusiness,Micro_Enterprise,M,36,Tier3,380,0,Personal_Loan,405837.98,,,0.2182,18,409956.29,0.99,621.8,1,1,15,3,0.0,99427.9,76368.32,26,6,0,0,0,7
C00189,2025-10-28,Nyeri,SME_Trade,Self_Employed,F,31,Tier2,347,0,Personal_Loan,262245.69,,,0.1885,36,617037.06,0.425,576.9,1,0,0,1,6066.79,26514.35,25035.46,24,2,1,0,0,19
C00200,2025-10-28,Kisumu,Salaried,Permanent,M,64,Tier2,338,1,Credit_Card,0.0,212143.75,0.0048,0.2697,0,,,724.5,1,0,0,2,35605.93,205371.62,172951.99,34,10,1,0,0,16
C00209,2025-10-28,Nairobi,Salaried,Permanent,M,32,Tier2,213,1,Overdraft,90511.34,174079.41,0.5121,0.1433,0,235096.73,0.385,699.0,3,1,0,1,0.0,60065.15,71012.45,23,9,1,0,0,33
C00278,2025-10-28,Nairobi,Transport,Self_Employed,F,56,Tier3,279,1,Personal_Loan,472458.2,,,0.2845,18,782599.51,0.6037,605.8,1,1,0,0,11.03,30.09,28.54,31,2,1,0,0,25
C00291,2025-10-28,Nyeri,Salaried,Permanent,F,57,Tier3,304,1,Overdraft,201364.66,148213.54,1.2547,0.1851,0,80269.11,2.5086,576.6,1,2,0,0,28017.05,101142.34,80455.18,39,3,1,0,0,34
C00297,2025-10-28,Nyeri,Salaried,Contract,F,59,Tier2,313,1,Personal_Loan,347518.01,,,0.2826,18,56465.5,5.0,632.3,1,1,16,4,6236.45,38599.49,55009.05,25,8,1,1,0,231
C00300,2025-10-28,Kisumu,SME_Trade,Self_Employed,F,21,Tier2,353,0,Personal_Loan,342405.09,,,0.206,12,665530.31,0.5145,676.0,1,1,0,0,39176.15,115411.59,102498.57,19,4,1,0,0,28
C00307,2025-10-28,Mombasa,SME_Services,Self_Employed,M,34,Tier3,401,0,SME_Loan,748792.34,,,0.2527,24,578534.44,1.2943,656.5,4,0,0,0,9343.44,34725.3,28422.9,26,3,0,0,0,7
C00311,2025-10-28,Kakamega,Construction,Self_Employed,M,50,Tier2,302,0,Overdraft,62011.25,188355.92,0.2794,0.1877,0,8210.33,5.0,480.4,2,2,24,1,28235.25,91984.46,47433.2,15,4,0,1,1,211
C00324,2025-10-28,Meru,SME_Services,Self_Employed,M,62,Tier2,318,1,Personal_Loan,221890.05,,,0.1998,18,416585.41,0.5326,694.3,1,1,10,3,243.98,8203.78,5613.22,23,1,1,0,0,26
C00331,2025-10-28,Kiambu,SME_Trade,Self_Employed,F,45,Tier1,373,1,SME_Loan,377503.11,,,0.2886,24,0.0,5.0,542.2,3,1,13,2,21722.36,75617.02,66713.44,18,2,1,0,0,21
C00376,2025-10-28,Uasin Gishu,Hospitality,Self_Employed,F,25,Tier2,375,0,SME_Loan,1167879.74,,,0.1645,24,1080058.57,1.0813,531.4,4,0,11,5,18382.17,79538.19,96790.1,13,5,2,0,0,15
C00397,2025-10-28,Uasin Gishu,Salaried,Permanent,F,23,Tier1,302,1,Personal_Loan,432699.1,,,0.3157,18,47978.14,5.0,620.4,1,1,0,1,5761.55,56498.84,39063.65,20,7,1,0,0,33
C00421,2025-10-28,Uasin Gishu,Salaried,Permanent,F,62,Tier2,305,1,Personal_Loan,284406.54,,,0.2177,12,236873.55,1.2007,588.6,1,1,7,6,6419.74,70227.15,62119.34,23,7,0,0,1,231
C00424,2025-10-28,Nakuru,Salaried,Permanent,F,47,Tier1,369,1,SME_Loan,559199.89,,,0.2981,36,1659.29,5.0,587.3,2,3,32,2,1845.32,21170.13,20650.0,16,4,2,0,1,27
C00425,2025-10-28,Nakuru,Construction,Self_Employed,F,39,Tier3,225,1,Credit_Card,48121.98,213225.72,0.2081,0.2704,0,,,662.8,1,1,1,5,40475.2,201226.33,122679.02,21,2,1,0,0,26
C00436,2025-10-28,Nairobi,Other,Self_Employed,F,26,Tier1,417,0,SME_Loan,267402.33,,,0.2058,48,613679.82,0.4357,583.5,2,0,10,6,991.48,14051.73,11093.19,19,4,0,0,0,5
C00494,2025-10-28,Kakamega,Salaried,Permanent,F,48,Tier1,311,1,Overdraft,24851.31,217151.26,0.0,0.2266,0,182263.55,0.1363,406.0,1,5,27,1,27861.14,124767.38,68266.58,21,9,1,0,0,24
C00505,2025-10-28,Nairobi,Transport,Micro_Enterprise,M,33,Tier1,381,0,Personal_Loan,362318.66,,,0.1554,36,12199.08,5.0,706.5,2,0,0,0,0.0,62236.23,53279.66,17,2,1,0,0,6
C00529,2025-10-28,Kiambu,Salaried,Permanent,M,62,Tier2,395,1,Personal_Loan,74194.31,,,0.2666,18,0.0,5.0,623.4,1,2,30,3,13684.49,94026.41,69113.74,26,7,1,0,0,16
C00544,2025-10-28,Nairobi,Salaried,Permanent,F,28,Tier2,386,1,Personal_Loan,492428.87,,,0.2574,18,474599.73,1.0376,678.1,2,0,0,1,19660.96,143288.59,153704.27,27,8,1,0,0,12
C00581,2025-10-28,Kiambu,SME_Services,Self_Employed,M,25,Tier2,404,0,SME_Loan,670646.8,,,0.1876,36,132216.54,5.0,686.5,4,0,20,4,9870.98,46660.58,29159.33,29,8,1,0,0,14
C00600,2025-10-28,Machakos,Salaried,Permanent,F,49,Tier2,283,1,Personal_Loan,452932.35,,,0.2047,18,374395.08,1.2098,535.3,1,0,0,2,933.47,57590.12,53338.98,18,7,3,0,0,23
C00621,2025-10-28,Uasin Gishu,Construction,Micro_Enterprise,M,40,Tier2,277,1,Overdraft,135499.97,147071.67,1.0987,0.1903,0,73816.08,1.8356,529.1,1,0,0,5,18834.03,87120.88,81502.55,23,5,2,1,1,127
C00626,2025-10-28,Kisumu,Salaried,Permanent,F,31,Tier3,214,1,Overdraft,109012.0,132466.4,0.8668,0.262,0,,,565.3,1,1,6,2,16435.59,63466.77,57337.62,28,5,0,0,0,14
C00640,2025-10-28,Nairobi,Salaried,Permanent,F,63,Tier2,405,1,Personal_Loan,335326.58,,,0.1958,24,284697.64,1.1778,583.9,1,0,0,0,17053.59,122254.02,135843.39,23,8,1,0,0,18
C00662,2025-10-28,Nairobi,Salaried,Permanent,M,54,Tier2,329,1,Personal_Loan,397260.9,,,0.2483,12,0.0,5.0,434.0,1,3,29,2,19019.9,81258.04,78299.53,23,5,3,0,0,23
C00691,2025-10-28,Kiambu,SME_Services,Micro_Enterprise,M,65,Tier2,321,0,SME_Loan,147129.2,,,0.2175,12,469554.11,0.3133,611.4,2,0,13,4,0.0,0.0,0.0,15,1,1,0,0,11
C00733,2025-10-28,Meru,Other,Micro_Enterprise,F,62,Tier2,347,0,Overdraft,12355.2,192660.02,0.1549,0.1606,0,77640.28,0.1591,576.6,1,2,2,2,25484.73,94544.03,70822.41,19,3,0,1,0,30
C00737,2025-10-28,Nairobi,SME_Services,Micro_Enterprise,M,53,Tier2,270,0,Personal_Loan,87768.41,,,0.2614,12,282700.28,0.3105,544.0,1,1,10,0,2617.05,18268.31,13930.25,20,6,1,0,0,9
C00760,2025-10-28,Meru,Salaried,Permanent,M,53,Tier1,305,1,Personal_Loan,389473.44,,,0.2293,24,95139.84,4.0937,803.1,2,0,0,0,0.0,0.0,0.0,25,10,2,0,0,10
C00784,2025-10-28,Nairobi,SME_Trade,Self_Employed,F,26,Tier3,296,0,Overdraft,122851.92,308564.02,0.3842,0.1721,0,178760.82,0.6872,649.8,2,1,2,4,18110.85,99359.21,75797.97,25,2,0,0,0,17
C00791,2025-10-28,Kisumu,Other,Micro_Enterprise,M,25,Tier3,383,1,Credit_Card,42612.19,30000.0,1.5732,0.2554,0,,,472.8,1,0,45,6,0.0,0.0,0.0,28,11,1,1,1,160
C00799,2025-10-28,Nairobi,SME_Trade,Micro_Enterprise,F,35,Tier1,356,1,Personal_Loan,181466.43,,,0.2185,24,,,715.9,1,1,2,6,43118.74,162565.88,132201.51,13,3,4,0,0,21
C00811,2025-10-28,Uasin Gishu,SME_Services,Self_Employed,M,22,Tier2,381,0,Overdraft,126528.88,271630.95,0.6645,0.3251,0,0.0,5.0,537.2,1,1,28,5,4012.81,53433.87,49043.42,16,5,0,1,0,174
C00817,2025-10-28,Nakuru,Salaried,Permanent,F,22,Tier1,339,1,Personal_Loan,174390.03,,,0.1802,18,427318.48,0.4081,566.5,2,1,3,3,30648.69,173799.78,141687.34,19,4,3,0,0,7
C00831,2025-10-28,Nairobi,Agribusiness,Self_Employed,F,32,Tier2,377,0,SME_Loan,524395.26,,,0.226,36,456394.37,1.149,658.0,1,1,0,0,30442.17,145797.76,139936.47,18,3,1,0,0,8
C00842,2025-10-28,Nairobi,Salaried,Permanent,M,50,Tier2,319,1,Overdraft,0.0,331955.41,0.0,0.2101,0,127861.89,0.05,685.7,1,1,0,1,5384.17,32032.32,25554.18,28,3,1,0,0,27
C00844,2025-10-28,Uasin Gishu,SME_Services,Micro_Enterprise,F,22,Tier1,280,0,Credit_Card,130562.96,160398.23,0.8743,0.2611,0,,,600.0,1,4,27,1,0.0,102436.62,72295.18,15,3,0,1,0,11
C00952,2025-10-28,Nakuru,Salaried,Permanent,M,34,Tier1,370,1,Overdraft,338388.7,50000.0,1.8,0.1363,0,,,677.6,1,1,26,1,5694.26,86981.92,70554.43,17,11,0,0,0,23
C01030,2025-10-28,Nairobi,Transport,Self_Employed,F,36,Tier1,353,0,SME_Loan,1119784.78,,,0.1683,48,842927.76,1.3284,569.7,3,1,3,4,0.0,0.0,0.0,14,3,0,0,0,14
C01038,2025-10-28,Nyeri,Salaried,Contract,M,21,Tier1,365,1,Overdraft,37132.8,50000.0,1.1106,0.2725,0,214232.7,0.1733,645.6,1,0,1,2,47153.49,178523.57,197846.53,25,8,1,1,0,24
C01045,2025-10-28,Nairobi,Salaried,Permanent,M,52,Tier2,372,1,SME_Loan,975705.52,,,0.1997,12,433260.89,2.252,473.7,2,0,0,2,7365.96,39702.13,12601.98,18,6,0,0,0,19
C01075,2025-10-28,Uasin Gishu,SME_Trade,Micro_Enterprise,M,42,Tier1,370,1,SME_Loan,498570.93,,,0.2224,36,695092.65,0.7173,555.9,1,1,24,6,2927.26,91517.9,93541.47,9,5,1,0,0,12
C01094,2025-10-28,Kisumu,SME_Services,Self_Employed,F,38,Tier2,296,0,SME_Loan,780896.39,,,0.2295,24,0.0,5.0,608.6,3,2,0,2,11770.76,57715.44,51117.5,18,3,1,1,0,222
C01099,2025-10-28,Nakuru,Salaried,Permanent,M,22,Tier1,359,1,Personal_Loan,227100.9,,,0.1667,12,0.0,5.0,455.5,1,1,44,1,15463.81,189500.94,143656.62,25,6,1,0,0,23
C01103,2025-10-28,Machakos,Salaried,Permanent,M,62,Tier1,352,1,SME_Loan,528776.18,,,0.227,24,367312.53,1.4396,542.4,2,1,7,2,12679.24,80102.93,88804.94,18,9,0,0,0,24
C01128,2025-10-28,Meru,Construction,Micro_Enterprise,F,49,Tier1,44,0,SME_Loan,667180.26,,,0.124,24,881120.86,0.7572,685.2,2,1,0,2,12988.53,79985.82,70259.54,26,9,0,0,0,11
C01137,2025-10-28,Nairobi,Agribusiness,Self_Employed,F,53,Tier2,296,0,Overdraft,172181.74,168532.11,1.3156,0.2656,0,10517.78,5.0,538.8,1,2,27,4,18125.89,65259.18,63518.76,28,4,1,0,0,10
C01182,2025-10-28,Kisumu,Agribusiness,Self_Employed,F,62,Tier1,305,1,Personal_Loan,430140.48,,,0.1946,36,485393.33,0.8862,735.6,1,2,10,0,190.25,61027.0,62707.53,14,8,0,0,0,25
C01193,2025-10-28,Meru,Transport,Self_Employed,M,28,Tier1,294,0,Personal_Loan,196343.58,,,0.2282,12,501192.17,0.3918,607.8,2,1,0,0,14574.03,88033.27,80671.48,24,4,4,0,0,30
C01246,2025-10-28,Nairobi,SME_Trade,Self_Employed,M,65,Tier1,365,0,Personal_Loan,301696.22,,,0.19,36,462960.45,0.6517,620.7,1,1,3,2,0.0,136704.41,129650.05,15,2,1,0,0,19
C01256,2025-10-28,Nairobi,Salaried,Permanent,M,24,Tier1,378,1,SME_Loan,432866.68,,,0.1968,24,478541.83,0.9046,608.0,3,1,0,1,0.0,115669.33,119924.25,30,2,0,0,0,6
C01296,2025-10-28,Meru,SME_Trade,Micro_Enterprise,M,44,Tier3,365,0,Credit_Card,0.0,144401.85,0.1199,0.2615,0,,,692.6,1,2,0,0,15154.68,139646.25,10685.6,25,3,1,0,0,10
C01326,2025-10-28,Uasin Gishu,Agribusiness,Micro_Enterprise,M,29,Tier2,302,0,Overdraft,56114.24,271174.44,0.0358,0.2767,0,,,452.2,1,0,5,4,8307.87,121107.51,90680.68,16,6,1,0,0,12
C01337,2025-10-28,Nairobi,Agribusiness,Self_Employed,F,49,Tier2,319,0,Personal_Loan,486794.02,,,0.2491,24,200746.26,2.4249,550.1,1,0,20,5,1663.01,12305.89,12570.97,16,1,2,0,0,20
C01472,2025-10-28,Mombasa,Agribusiness,Self_Employed,M,52,Tier2,325,1,Personal_Loan,458565.85,,,0.2642,18,261470.54,1.7538,579.6,2,0,16,5,20490.13,90111.83,109546.13,12,7,1,0,0,30
C01480,2025-10-28,Nakuru,Salaried,Contract,M,39,Tier2,354,1,SME_Loan,547728.07,,,0.2396,24,210755.76,2.5989,571.3,2,1,0,4,3027.55,73751.92,37738.35,24,6,2,0,0,23
C01506,2025-10-28,Nairobi,Salaried,Contract,M,31,Tier2,218,1,SME_Loan,434635.59,,,0.3226,24,414535.32,1.0485,709.6,1,1,17,2,15954.16,69910.73,43284.56,34,8,3,0,0,25
C01517,2025-10-28,Meru,SME_Trade,Micro_Enterprise,F,42,Tier1,329,1,SME_Loan,684764.33,,,0.1581,12,749968.39,0.9131,637.5,2,1,14,2,0.0,52605.04,47487.54,18,10,3,0,0,6
C01525,2025-10-28,Nakuru,Salaried,Contract,M,48,Tier1,385,1,Overdraft,238783.2,191319.48,1.3317,0.2228,0,137009.76,1.7428,736.8,1,1,0,0,2510.24,146115.75,66603.29,23,9,2,0,0,5
C01581,2025-10-28,Nakuru,SME_Trade,Self_Employed,M,34,Tier2,244,1,SME_Loan,275301.3,,,0.1474,24,1064098.52,0.2587,573.1,4,0,20,5,1000.47,97652.35,109815.67,27,4,2,0,0,33
C01593,2025-10-28,Kiambu,Salaried,Permanent,F,38,Tier1,389,1,Credit_Card,38934.19,168797.47,0.3397,0.2027,0,,,678.6,2,1,0,0,17347.15,146097.7,89790.45,23,8,0,0,0,9
C01604,2025-10-28,Kisumu,Agribusiness,Self_Employed,F,35,Tier1,379,0,Credit_Card,32788.32,228825.8,0.0,0.3483,0,,,617.6,1,0,0,3,0.0,10602.59,7414.47,31,4,0,0,0,22
C01614,2025-10-28,Mombasa,SME_Services,Self_Employed,M,52,Tier1,379,1,Personal_Loan,202770.94,,,0.2643,12,445142.76,0.4555,634.1,2,0,16,6,4030.12,18765.9,25994.62,14,4,0,0,0,33
C01732,2025-10-28,Nyeri,Salaried,Permanent,M,61,Tier1,347,1,Personal_Loan,254570.94,,,0.2251,18,223150.16,1.1408,687.5,2,1,9,4,9018.84,69694.4,68388.62,18,4,1,0,0,5
C01743,2025-10-28,Kakamega,Hospitality,Self_Employed,M,41,Tier2,300,0,Personal_Loan,515831.04,,,0.2643,24,799525.59,0.6452,512.5,1,2,7,3,1929.74,10185.49,12174.46,18,3,0,0,0,13
C01780,2025-10-28,Kakamega,SME_Trade,Micro_Enterprise,M,51,Tier2,332,0,Overdraft,264225.42,424882.45,0.5278,0.1998,0,58566.51,4.5115,790.6,1,1,0,0,3152.72,43521.36,33898.09,19,8,0,0,0,17
C01781,2025-10-28,Nairobi,Agribusiness,Self_Employed,F,23,Tier2,417,0,Credit_Card,270015.49,209555.89,1.4203,0.2528,0,,,637.2,1,1,0,0,243.07,10827.11,10407.53,17,1,0,0,0,21
C01789,2025-10-28,Kakamega,SME_Trade,Micro_Enterprise,F,42,Tier2,419,0,SME_Loan,561109.4,,,0.1346,36,718506.82,0.7809,620.8,3,2,26,2,26362.39,97481.9,106553.28,22,1,2,0,0,9
C01792,2025-10-28,Nairobi,SME_Trade,Micro_Enterprise,M,60,Tier1,390,0,Overdraft,115467.5,282507.51,0.5049,0.2673,0,176663.58,0.6536,487.6,1,1,31,3,39813.44,122229.4,108293.95,22,5,2,0,0,23
C01898,2025-10-28,Machakos,Transport,Micro_Enterprise,F,60,Tier2,306,0,Personal_Loan,140892.68,,,0.1766,24,83972.24,1.6778,685.2,2,1,3,3,106.4,630.16,563.22,20,4,2,0,0,18
C01972,2025-10-28,Nairobi,Salaried,Permanent,M,62,Tier1,345,1,Overdraft,137742.28,391335.96,0.3482,0.2426,0,104097.94,1.3232,649.0,1,1,4,4,13775.61,52830.85,34986.89,23,5,2,0,0,17
C02001,2025-10-28,Nakuru,Salaried,Permanent,F,60,Tier2,341,1,Personal_Loan,592640.71,,,0.2679,12,412043.81,1.4383,797.6,1,1,28,5,8894.53,74552.66,66438.11,29,5,1,1,0,129
C02032,2025-10-28,Nairobi,SME_Services,Self_Employed,M,28,Tier3,384,0,Overdraft,28548.89,285804.83,0.1517,0.2637,0,104784.47,0.2725,692.8,2,2,12,3,506.7,26501.86,20145.04,29,3,3,0,0,30
C02092,2025-10-28,Nairobi,SME_Services,Self_Employed,M,35,Tier2,273,0,SME_Loan,704007.43,,,0.1909,12,199275.81,3.5328,605.9,3,0,6,3,16424.54,57151.16,50778.75,19,3,1,0,0,5
C02108,2025-10-28,Nairobi,Agribusiness,Micro_Enterprise,F,27,Tier2,415,0,Personal_Loan,388046.38,,,0.2287,24,674889.4,0.575,673.0,1,0,0,0,1139.99,26345.86,30956.63,12,4,0,1,1,177
C02119,2025-10-28,Kakamega,Agribusiness,Micro_Enterprise,M,45,Tier2,284,0,Personal_Loan,307322.57,,,0.1939,24,371887.12,0.8264,577.8,2,0,0,0,1180.38,7398.16,6865.89,10,4,0,0,0,28
C02121,2025-10-28,Nairobi,SME_Trade,Micro_Enterprise,F,55,Tier3,374,0,Overdraft,126365.45,265854.02,0.3421,0.1244,0,0.0,5.0,616.2,2,1,23,2,18615.96,68761.13,72585.84,21,6,0,0,0,26
C02135,2025-10-28,Nairobi,Construction,Self_Employed,M,40,Tier2,347,1,SME_Loan,887930.45,,,0.2302,36,,,520.8,2,0,0,0,29480.03,126363.75,67320.23,19,2,1,0,0,18
C02167,2025-10-28,Nairobi,SME_Trade,Micro_Enterprise,M,35,Tier2,336,0,SME_Loan,450609.22,,,0.1688,48,0.0,5.0,671.7,1,1,5,4,7490.71,39826.53,28752.77,17,8,0,0,0,13
C02210,2025-10-28,Kiambu,Other,Self_Employed,F,27,Tier2,221,0,Personal_Loan,255409.87,,,0.1657,24,495944.82,0.515,616.3,1,0,11,1,4909.11,16364.75,20529.88,14,6,1,0,0,6
C02217,2025-10-28,Nairobi,SME_Trade,Self_Employed,M,41,Tier3,317,1,SME_Loan,865111.53,,,0.2162,24,291088.92,2.972,721.9,2,1,5,1,15818.75,93501.09,103359.59,17,4,3,0,0,10
C02222,2025-10-28,Machakos,Construction,Self_Employed,F,27,Tier2,186,1,Credit_Card,33412.72,69554.29,0.5254,0.2412,0,,,523.5,2,2,22,4,1926.66,11501.18,7351.98,20,3,1,0,0,13
C02242,2025-10-28,Nyeri,Agribusiness,Micro_Enterprise,F,50,Tier1,380,1,Personal_Loan,156271.03,,,0.1683,36,728931.42,0.2144,678.8,1,1,9,6,9200.69,89921.41,60574.3,17,5,3,0,0,11
C02254,2025-10-28,Kisumu,Other,Micro_Enterprise,F,43,Tier2,407,0,SME_Loan,627268.4,,,0.2414,24,1008557.52,0.6219,613.9,3,1,0,1,7026.49,19801.27,15574.24,12,6,0,0,0,9
C02262,2025-10-28,Nakuru,Construction,Micro_Enterprise,F,65,Tier3,346,0,Personal_Loan,265671.77,,,0.2488,36,,,549.0,2,2,0,0,5000.49,39476.31,52606.56,22,3,0,0,0,21
C02281,2025-10-28,Nairobi,Salaried,Permanent,M,55,Tier2,371,1,SME_Loan,357714.16,,,0.2438,12,,,618.3,4,1,1,5,137.51,1690.36,1707.99,25,9,0,0,0,8
C02317,2025-10-28,Nairobi,Construction,Micro_Enterprise,F,24,Tier1,294,0,Credit_Card,82758.13,309832.56,0.2784,0.2742,0,,,609.0,1,1,0,1,40531.56,128743.91,98357.09,17,2,1,1,0,29
C02325,2025-10-28,Nairobi,Hospitality,Self_Employed,F,54,Tier2,199,1,Overdraft,118374.43,147129.75,0.8448,0.2697,0,0.0,5.0,649.9,1,1,22,1,8148.05,37649.99,26251.45,23,3,2,0,0,30
C02346,2025-10-28,Kakamega,Transport,Micro_Enterprise,F,32,Tier1,365,0,Credit_Card,33570.84,191511.09,0.1469,0.2997,0,,,316.7,1,0,67,5,1129.84,30058.35,37431.08,16,8,2,1,0,220
C02350,2025-10-28,Uasin Gishu,SME_Trade,Micro_Enterprise,M,43,Tier2,369,1,Overdraft,21352.31,107845.91,0.1321,0.2019,0,10407.48,2.0516,579.0,1,1,0,2,18995.84,54186.13,41127.31,26,6,2,0,0,12
C02462,2025-10-28,Machakos,Agribusiness,Micro_Enterprise,F,30,Tier2,322,0,Overdraft,104792.64,281675.32,0.3794,0.224,0,,,462.5,3,1,53,2,474.74,45694.74,40131.62,18,2,0,1,0,218
C02463,2025-10-28,Kisumu,Salaried,Contract,F,42,Tier1,385,1,SME_Loan,632860.17,,,0.193,36,202182.31,3.1301,699.9,1,0,0,0,24167.68,127440.58,109902.48,34,5,0,0,0,18
C02490,2025-10-28,Kisumu,Salaried,Permanent,M,37,Tier1,273,1,Personal_Loan,414689.13,,,0.2929,24,358533.98,1.1566,733.2,3,0,0,0,1649.93,54676.33,48386.33,20,6,1,1,1,216
C02512,2025-10-28,Nyeri,Construction,Self_Employed,M,59,Tier2,241,0,Personal_Loan,413688.05,,,0.2034,36,3800.79,5.0,544.9,3,2,13,3,7322.75,81756.86,56969.63,11,2,1,0,0,9
C02581,2025-10-28,Nyeri,SME_Services,Self_Employed,F,38,Tier1,349,1,Personal_Loan,299505.01,,,0.2831,18,170765.59,1.7539,581.9,1,1,18,6,1526.49,8852.09,6758.88,25,1,1,0,0,9
C02614,2025-10-28,Nakuru,Salaried,Permanent,M,47,Tier2,189,1,SME_Loan,0.0,,,0.3209,12,565842.91,0.05,670.5,1,0,0,2,3629.44,81872.43,64389.83,22,5,0,1,0,8
C02618,2025-10-28,Nairobi,Transport,Self_Employed,M,23,Tier2,321,1,Personal_Loan,361489.79,,,0.2371,24,25964.7,5.0,726.9,1,1,4,3,1822.22,18436.19,13365.84,23,4,0,1,0,20
C02624,2025-10-28,Nairobi,Other,Self_Employed,F,62,Tier2,340,1,Personal_Loan,330416.0,,,0.231,12,407179.63,0.8115,665.3,1,0,27,2,565.35,27921.66,42315.42,15,6,0,0,0,30
C02734,2025-10-28,Nyeri,Agribusiness,Micro_Enterprise,F,30,Tier2,362,0,Overdraft,170557.37,278897.6,0.5512,0.2445,0,43690.19,3.9038,638.6,1,2,0,4,6314.8,59732.49,40414.8,20,3,3,1,0,28
C02788,2025-10-28,Nakuru,Salaried,Permanent,M,23,Tier3,366,1,Personal_Loan,522629.04,,,0.1722,36,,,499.8,1,0,24,4,73497.31,202727.15,289305.03,35,6,0,1,0,9
C02806,2025-10-28,Uasin Gishu,SME_Trade,Micro_Enterprise,M,64,Tier3,384,0,Overdraft,112980.23,50000.0,1.8,0.1977,0,190790.34,0.5922,521.1,3,1,0,2,1358.06,69492.69,58359.52,24,6,1,0,0,18
C02851,2025-10-28,Nairobi,Transport,Micro_Enterprise,M,29,Tier3,263,0,Personal_Loan,309268.67,,,0.2504,24,0.0,5.0,594.5,1,0,18,3,8092.83,126473.59,131182.58,31,3,2,1,0,222
C02878,2025-10-28,Kiambu,Other,Self_Employed,F,63,Tier1,346,0,Personal_Loan,254409.62,,,0.2464,24,161340.14,1.5769,558.1,1,1,0,1,16781.96,55052.48,40414.77,14,3,0,0,0,7
C02944,2025-10-28,Kakamega,Salaried,Permanent,M,29,Tier2,358,1,Personal_Loan,110387.25,,,0.2491,36,740803.84,0.149,582.8,1,0,14,1,0.0,26991.01,24074.55,32,4,0,0,0,33
C02950,2025-10-28,Nairobi,Transport,Self_Employed,M,44,Tier2,367,0,Personal_Loan,263294.35,,,0.2588,24,171755.43,1.533,722.9,1,1,0,0,10646.42,51377.8,58007.0,20,3,1,0,0,13
C02987,2025-10-28,Kakamega,Transport,Micro_Enterprise,M,54,Tier1,268,0,Credit_Card,20409.08,364251.88,0.0138,0.4481,0,,,664.9,1,4,0,2,812.15,147457.28,85980.2,16,1,1,0,0,9
C02997,2025-10-28,Nairobi,Salaried,Contract,F,34,Tier2,306,1,SME_Loan,615062.78,,,0.2846,12,0.0,5.0,636.0,4,1,0,0,3684.46,34313.36,29562.46,25,4,0,0,0,13
C03002,2025-10-28,Nairobi,Salaried,Permanent,M,51,Tier3,365,1,Overdraft,66268.83,373537.41,0.2254,0.2111,0,142750.06,0.4642,571.1,1,1,13,4,1571.6,12307.26,7684.78,33,6,2,1,0,224
C03052,2025-10-28,Mombasa,SME_Trade,Self_Employed,F,28,Tier1,408,0,Personal_Loan,350920.95,,,0.2133,24,358416.19,0.9791,559.4,1,0,1,4,19713.59,128145.72,116915.61,16,2,2,0,0,219
C03057,2025-10-28,Kiambu,SME_Services,Self_Employed,F,57,Tier3,283,0,Personal_Loan,347185.82,,,0.1633,18,309571.89,1.1215,767.3,2,0,1,2,2083.44,48444.52,49217.47,32,4,0,0,0,33
C03083,2025-10-28,Nairobi,SME_Services,Self_Employed,M,33,Tier3,286,0,Credit_Card,25596.55,139223.83,0.2871,0.2256,0,,,553.6,2,0,0,2,28296.03,68020.96,79182.66,27,6,0,0,0,10
C03088,2025-10-28,Nairobi,Hospitality,Self_Employed,F,28,Tier2,392,0,Credit_Card,45735.14,265342.55,0.1548,0.2042,0,,,569.5,1,0,43,3,0.0,57714.62,26090.11,15,4,1,0,0,10
C03125,2025-10-28,Uasin Gishu,SME_Trade,Micro_Enterprise,M,40,Tier1,233,1,Personal_Loan,617093.58,,,0.2942,12,,,544.2,1,0,17,6,7356.94,52858.77,52042.61,13,4,1,0,0,13
C03284,2025-10-28,Kakamega,Salaried,Contract,M,25,Tier3,302,1,Personal_Loan,320935.52,,,0.2605,12,679472.16,0.4723,685.1,1,2,2,5,10896.55,129389.82,237473.55,35,4,1,0,0,21
C03294,2025-10-28,Nyeri,Salaried,Permanent,F,34,Tier2,331,1,Personal_Loan,312210.69,,,0.2609,36,0.0,5.0,656.6,1,1,0,4,11914.63,110779.49,81538.11,33,6,1,0,0,27
C03344,2025-10-28,Kisumu,SME_Trade,Self_Employed,F,48,Tier2,304,1,SME_Loan,797846.59,,,0.2292,36,22967.39,5.0,524.6,2,0,44,3,18950.15,89064.83,89022.22,18,6,0,0,0,16
C03345,2025-10-28,Nairobi,SME_Trade,Micro_Enterprise,M,45,Tier1,387,1,SME_Loan,675501.28,,,0.2299,24,586445.62,1.1519,713.5,2,0,0,4,2656.75,18311.36,20029.67,25,5,2,0,0,18
C03347,2025-10-28,Kiambu,SME_Trade,Self_Employed,M,48,Tier2,303,0,Overdraft,161926.64,50000.0,1.8,0.1561,0,107724.8,1.5032,668.2,1,0,1,1,3933.53,23468.68,20792.71,20,2,0,0,0,6
C03355,2025-10-28,Kiambu,SME_Services,Self_Employed,M,64,Tier1,307,0,Personal_Loan,441669.34,,,0.2732,12,336803.16,1.3114,434.6,2,1,46,4,14644.58,59391.35,63756.21,12,6,1,0,0,17
C03433,2025-10-28,Machakos,Hospitality,Self_Employed,F,30,Tier1,312,0,Personal_Loan,330284.66,,,0.2185,18,642769.77,0.5138,693.5,1,1,0,0,9193.04,52934.67,42047.37,16,11,1,0,0,23
C03444,2025-10-28,Nairobi,SME_Trade,Micro_Enterprise,M,30,Tier3,232,0,SME_Loan,550104.54,,,0.2382,24,532937.53,1.0322,609.6,1,0,5,3,11674.42,77339.45,60269.11,19,5,1,0,0,34
C03449,2025-10-28,Nairobi,SME_Trade,Micro_Enterprise,M,48,Tier2,344,0,Personal_Loan,439768.57,,,0.2148,36,172222.3,2.5535,580.5,1,1,9,5,15219.07,50250.84,35479.3,16,3,0,1,1,181
C03464,2025-10-28,Kiambu,Construction,Micro_Enterprise,M,23,Tier2,331,0,Personal_Loan,342351.64,,,0.1502,24,71746.47,4.7717,632.4,1,0,0,0,10781.61,39499.65,40548.09,26,3,0,0,0,7
C03483,2025-10-28,Mombasa,Salaried,Permanent,F,56,Tier2,313,1,SME_Loan,475114.96,,,0.1611,48,0.0,5.0,662.1,1,0,7,4,47972.8,205320.77,218422.82,26,2,0,1,0,6
C00044,2025-11-27,Kiambu,Agribusiness,Micro_Enterprise,M,36,Tier1,342,0,Personal_Loan,208498.9,,,0.1419,36,105762.83,1.9714,710.4,1,1,7,2,852.97,5588.57,6153.16,28,9,2,0,0,30
C00051,2025-11-27,Nakuru,Salaried,Permanent,M,55,Tier2,373,1,SME_Loan,449586.62,,,0.1605,24,321113.46,1.4001,580.0,2,1,58,5,20540.78,122084.3,115214.9,19,8,3,0,0,14
C00071,2025-11-27,Nairobi,SME_Trade,Self_Employed,M,56,Tier2,335,1,Personal_Loan,347676.13,,,0.2378,36,329656.91,1.0547,499.6,2,0,18,6,9300.56,74061.65,54232.11,15,2,1,0,0,30
C00116,2025-11-27,Nyeri,SME_Trade,Micro_Enterprise,M,46,Tier1,323,0,SME_Loan,201017.61,,,0.2376,24,356897.34,0.5632,770.2,1,1,19,4,4880.45,58988.88,50020.35,17,5,1,0,0,31
C00132,2025-11-27,Kiambu,Hospitality,Self_Employed,M,45,Tier2,321,0,SME_Loan,163858.56,,,0.0639,36,497510.54,0.3294,560.8,1,2,6,5,12683.62,38516.28,49561.56,23,2,3,1,1,182
C00145,2025-11-27,Kisumu,SME_Trade,Self_Employed,F,65,Tier2,360,1,SME_Loan,417951.93,,,0.1616,24,,,703.5,3,0,0,0,0.0,18551.83,11214.59,20,5,2,0,0,33
C00150,2025-11-27,Nairobi,Salaried,Permanent,F,23,Tier2,446,1,Overdraft,0.0,390368.49,0.0,0.1755,0,30987.22,0.05,635.2,1,0,1,4,0.0,16084.47,10054.19,27,5,1,0,0,14
C00175,2025-11-27,Kakamega,SME_Trade,Self_Employed,F,52,Tier2,383,0,Personal_Loan,235188.02,,,0.3023,12,,,687.3,1,0,0,0,0.0,27382.41,40688.21,15,6,0,0,0,20
C00189,2025-11-27,Nyeri,SME_Trade,Self_Employed,F,31,Tier2,377,0,Personal_Loan,259048.77,,,0.1885,36,,,579.1,1,0,0,1,1186.74,13997.84,9831.74,18,6,0,0,0,23
C00200,2025-11-27,Kisumu,Salaried,Permanent,M,64,Tier2,368,1,Credit_Card,0.0,212143.75,0.0,0.2697,0,,,735.0,1,0,0,1,0.0,116615.19,79509.59,27,9,2,0,0,28
C00209,2025-11-27,Nairobi,Salaried,Permanent,M,32,Tier2,243,1,Overdraft,96035.8,174079.41,0.5199,0.1433,0,,,689.9,3,1,0,1,13883.25,101176.11,59300.78,31,4,0,0,0,12
C00244,2025-11-27,Mombasa,Salaried,Contract,F,50,Tier2,445,1,Personal_Loan,327786.83,,,0.1947,36,476092.47,0.6885,614.7,1,1,0,1,5932.49,96854.03,54927.5,30,7,1,0,0,28
C00308,2025-11-27,Mombasa,Other,Self_Employed,M,45,Tier2,367,1,SME_Loan,329584.36,,,0.2414,48,28242.95,5.0,667.0,3,0,24,6,12864.39,92880.07,89357.06,25,5,1,0,0,5
C00311,2025-11-27,Kakamega,Construction,Self_Employed,M,50,Tier2,332,0,Overdraft,63999.09,188355.92,0.3292,0.1877,0,,,465.3,2,2,24,1,19737.15,117203.8,7408.67,18,6,2,0,0,198
C00321,2025-11-27,Nairobi,Salaried,Permanent,M,35,Tier1,378,1,Credit_Card,140062.35,327286.0,0.3781,0.2703,0,,,516.5,2,0,0,0,0.0,0.0,0.0,32,5,0,0,0,12
C00331,2025-11-27,Kiambu,SME_Trade,Self_Employed,F,45,Tier1,403,1,SME_Loan,361081.14,,,0.2886,24,0.0,5.0,534.8,3,1,12,3,7346.63,47316.1,39988.23,17,5,1,0,0,19
C00425,2025-11-27,Nakuru,Construction,Self_Employed,F,39,Tier3,255,1,Credit_Card,36176.78,213225.72,0.2257,0.2704,0,,,648.3,1,1,6,5,36566.76,158864.29,199637.21,30,4,2,0,0,11
C00494,2025-11-27,Kakamega,Salaried,Permanent,F,48,Tier1,341,1,Overdraft,0.0,217151.26,0.1144,0.2266,0,182263.55,0.05,387.3,1,5,28,1,11562.72,113659.51,83308.87,20,7,2,1,0,12
C00662,2025-11-27,Nairobi,Salaried,Permanent,M,54,Tier2,359,1,Personal_Loan,399997.42,,,0.2483,12,0.0,5.0,418.7,1,3,29,2,14322.53,72055.47,79181.27,26,10,1,0,0,10
C00691,2025-11-27,Kiambu,SME_Services,Micro_Enterprise,M,65,Tier2,351,0,SME_Loan,137711.67,,,0.2175,12,469554.11,0.2933,595.7,2,0,13,5,2550.82,32554.99,24986.12,27,1,1,0,0,12
C00733,2025-11-27,Meru,Other,Micro_Enterprise,F,62,Tier2,377,0,Overdraft,31860.16,192660.02,0.0641,0.1606,0,77640.28,0.4104,571.3,1,2,0,2,1111.8,22422.8,18485.18,15,5,2,0,0,27
C00737,2025-11-27,Nairobi,SME_Services,Micro_Enterprise,M,53,Tier2,300,0,Personal_Loan,62048.58,,,0.2614,12,282700.28,0.2195,543.0,1,1,15,0,22669.23,214285.0,237458.64,15,4,0,0,0,21
C00742,2025-11-27,Kiambu,Hospitality,Self_Employed,F,55,Tier1,408,0,Personal_Loan,305000.98,,,0.198,36,1240943.18,0.2458,596.3,1,1,16,3,976.39,25116.98,26829.96,12,3,0,0,0,19
C00760,2025-11-27,Meru,Salaried,Permanent,M,53,Tier1,335,1,Personal_Loan,424604.65,,,0.2293,24,95139.84,4.463,800.9,2,0,0,0,5615.26,30282.43,28571.24,38,8,1,0,0,27
C00817,2025-11-27,Nakuru,Salaried,Permanent,F,22,Tier1,369,1,Personal_Loan,179840.0,,,0.1802,18,427318.48,0.4209,570.6,2,1,4,3,26300.4,103960.76,104322.69,32,10,0,0,0,27
C00821,2025-11-27,Kakamega,Salaried,Permanent,F,22,Tier2,195,1,Personal_Loan,172733.73,,,0.2148,18,119191.04,1.4492,735.8,3,1,3,4,9981.6,54807.24,49030.08,23,11,0,0,0,10
C00839,2025-11-27,Mombasa,Agribusiness,Micro_Enterprise,F,21,Tier2,374,0,Personal_Loan,96199.21,,,0.2042,18,558224.2,0.1723,674.4,1,2,2,3,2797.98,86951.9,108643.16,25,2,1,0,0,8
C00842,2025-11-27,Nairobi,Salaried,Permanent,M,50,Tier2,349,1,Overdraft,0.0,331955.41,0.0,0.2101,0,127861.89,0.05,681.3,1,1,0,1,7078.5,31715.4,20856.84,31,5,1,0,0,9
C00952,2025-11-27,Nakuru,Salaried,Permanent,M,34,Tier1,400,1,Overdraft,397966.63,50000.0,1.8,0.1363,0,0.0,5.0,671.6,1,1,25,2,24603.67,95706.0,91044.83,28,11,0,0,0,25
C01030,2025-11-27,Nairobi,Transport,Self_Employed,F,36,Tier1,383,0,SME_Loan,1158739.29,,,0.1683,48,842927.76,1.3747,563.8,3,1,4,5,24326.5,78477.63,76149.51,23,2,2,0,0,33
C01033,2025-11-27,Mombasa,SME_Services,Micro_Enterprise,M,53,Tier1,383,0,Personal_Loan,479830.08,,,0.2267,24,441874.31,1.0859,710.6,4,0,3,2,38089.36,190155.15,169840.64,20,4,4,0,0,6
C01053,2025-11-27,Nakuru,Agribusiness,Micro_Enterprise,F,43,Tier1,344,1,Credit_Card,66498.22,53366.53,0.8761,0.2135,0,,,611.1,3,0,0,1,3281.11,16104.65,11388.57,14,7,2,0,0,11
C01128,2025-11-27,Meru,Construction,Micro_Enterprise,F,49,Tier1,74,0,SME_Loan,666193.62,,,0.124,24,881120.86,0.7561,685.0,2,1,0,2,38.95,40869.92,28928.94,18,5,0,0,0,18
C01143,2025-11-27,Mombasa,Salaried,Permanent,M,62,Tier2,364,1,Personal_Loan,336765.93,,,0.1957,12,371465.6,0.9066,526.4,2,1,21,1,1734.07,99506.22,125961.21,26,6,0,0,0,14
C01152,2025-11-27,Nairobi,Salaried,Permanent,M,43,Tier1,372,1,SME_Loan,1174162.62,,,0.2453,24,,,539.2,1,2,22,1,12978.88,103600.0,69977.54,16,6,2,0,0,23
C01176,2025-11-27,Nairobi,Other,Self_Employed,M,36,Tier3,299,0,Personal_Loan,407799.5,,,0.271,12,,,795.4,1,0,0,1,4525.56,24308.62,30319.74,21,3,2,0,0,16
C01240,2025-11-27,Nyeri,Salaried,Contract,M,22,Tier2,400,1,Personal_Loan,236099.54,,,0.2567,18,212922.92,1.1088,633.4,1,0,4,6,2991.25,28609.6,20402.92,26,6,1,0,0,15
C01256,2025-11-27,Nairobi,Salaried,Permanent,M,24,Tier1,408,1,SME_Loan,412534.2,,,0.1968,24,478541.83,0.8621,618.2,3,1,0,0,20866.08,77351.06,81415.73,36,4,2,0,0,21
C01283,2025-11-27,Kiambu,Agribusiness,Self_Employed,F,38,Tier2,407,0,SME_Loan,146981.67,,,0.0931,36,648885.52,0.2265,559.8,3,2,8,2,22511.27,169384.93,193159.44,20,4,1,0,0,33
C01296,2025-11-27,Meru,SME_Trade,Micro_Enterprise,M,44,Tier3,395,0,Credit_Card,0.0,144401.85,0.0,0.2615,0,,,687.3,1,2,0,0,28077.85,301940.85,255498.26,18,5,1,1,0,167
C01297,2025-11-27,Nairobi,SME_Services,Micro_Enterprise,M,32,Tier1,345,0,SME_Loan,597830.34,,,0.1434,24,240337.05,2.4875,670.9,1,2,12,4,11724.55,165148.79,98841.89,19,4,3,0,0,14
C01326,2025-11-27,Uasin Gishu,Agribusiness,Micro_Enterprise,M,29,Tier2,332,0,Overdraft,47653.93,271174.44,0.2069,0.2767,0,122146.71,0.3901,466.0,1,0,3,4,0.0,0.0,0.0,17,3,1,0,0,33
C01330,2025-11-27,Nyeri,Agribusiness,Self_Employed,F,36,Tier1,359,0,Personal_Loan,319863.01,,,0.2145,36,846752.99,0.3778,539.0,1,0,26,1,0.0,0.0,0.0,18,1,4,0,0,140
C01355,2025-11-27,Kiambu,SME_Services,Self_Employed,M,30,Tier1,355,0,Overdraft,81.02,300366.27,0.0135,0.1869,0,145788.49,0.05,628.3,1,0,20,2,14254.37,236759.4,168349.57,12,3,0,0,0,29
C01415,2025-11-27,Nairobi,Salaried,Permanent,M,47,Tier2,347,1,Overdraft,173446.74,226874.03,0.7786,0.2332,0,198102.82,0.8755,656.2,1,0,0,0,16270.9,52999.69,46870.43,17,4,4,0,0,31
C01423,2025-11-27,Nakuru,Construction,Self_Employed,M,47,Tier2,338,1,SME_Loan,671134.94,,,0.171,12,625055.65,1.0737,658.7,1,1,1,1,7583.89,43610.83,56173.26,18,6,1,0,0,30
C01433,2025-11-27,Uasin Gishu,Salaried,Permanent,M,28,Tier3,390,1,Overdraft,253435.77,284987.33,0.8799,0.1762,0,160713.27,1.5769,512.6,2,1,20,4,11912.59,172735.63,186505.66,30,11,1,0,0,29
C01456,2025-11-27,Nakuru,SME_Services,Micro_Enterprise,F,23,Tier3,341,1,Personal_Loan,250745.83,,,0.3459,24,392295.29,0.6392,495.8,1,0,23,1,6525.92,60422.69,83801.93,20,4,1,0,0,32
C01485,2025-11-27,Nairobi,Transport,Micro_Enterprise,F,39,Tier2,445,0,Personal_Loan,412950.6,,,0.1863,36,914545.17,0.4515,650.6,1,1,31,0,4823.81,16419.06,23705.61,12,4,2,0,0,8
C01512,2025-11-27,Uasin Gishu,Other,Self_Employed,M,31,Tier2,382,1,SME_Loan,828436.92,,,0.1674,24,543586.47,1.524,542.1,1,0,3,4,11340.56,76944.98,59271.61,28,0,1,0,0,183
C01517,2025-11-27,Meru,SME_Trade,Micro_Enterprise,F,42,Tier1,359,1,SME_Loan,724599.89,,,0.1581,12,749968.39,0.9662,624.2,2,1,17,3,28449.14,168175.48,212477.74,17,4,3,0,0,23
C01591,2025-11-27,Kiambu,Agribusiness,Self_Employed,F,54,Tier2,431,0,Overdraft,2769.92,317763.49,0.0,0.2302,0,121948.77,0.05,474.5,1,2,32,3,37362.53,185841.86,194662.03,19,3,0,1,0,203
C01611,2025-11-27,Nairobi,Transport,Self_Employed,F,55,Tier3,285,1,Personal_Loan,412882.48,,,0.2329,18,236159.3,1.7483,660.9,1,0,0,0,642.73,15724.74,18899.69,23,2,0,0,0,30
C01614,2025-11-27,Mombasa,SME_Services,Self_Employed,M,52,Tier1,409,1,Personal_Loan,201308.9,,,0.2643,12,445142.76,0.4522,619.6,2,0,20,6,36322.27,136456.03,145125.26,8,4,1,0,0,9
C01627,2025-11-27,Nairobi,SME_Services,Self_Employed,F,47,Tier3,406,0,Credit_Card,0.0,216174.54,0.0,0.3128,0,,,595.0,1,0,22,3,27027.87,113249.1,86459.32,25,7,0,0,0,25
C01629,2025-11-27,Kiambu,SME_Trade,Micro_Enterprise,F,38,Tier2,414,0,Personal_Loan,623243.24,,,0.2719,18,659398.71,0.9452,635.4,2,1,0,2,12774.39,155759.46,54346.06,19,2,1,0,0,25
C01633,2025-11-27,Mombasa,Salaried,Permanent,M,25,Tier3,385,1,Overdraft,33840.73,447050.83,0.0597,0.1747,0,234397.29,0.1444,579.8,3,1,0,3,39703.16,147624.57,113669.28,36,6,0,0,0,15
C01745,2025-11-27,Machakos,Construction,Self_Employed,F,30,Tier2,268,0,Personal_Loan,131596.69,,,0.2013,36,453591.59,0.2901,560.2,1,2,14,3,18701.83,127296.31,168370.15,17,2,0,0,0,32
C01781,2025-11-27,Nairobi,Agribusiness,Self_Employed,F,23,Tier2,447,0,Credit_Card,264292.48,209555.89,1.2885,0.2528,0,,,639.6,1,1,0,0,656.73,6012.79,2811.48,18,5,1,0,0,7
C01792,2025-11-27,Nairobi,SME_Trade,Micro_Enterprise,M,60,Tier1,420,0,Overdraft,90899.81,282507.51,0.4087,0.2673,0,176663.58,0.5145,469.8,1,1,31,3,4792.65,35101.02,20949.97,18,2,1,0,0,31
C01832,2025-11-27,Meru,SME_Trade,Self_Employed,M,63,Tier3,393,0,Overdraft,69776.77,415648.39,0.1111,0.1887,0,79430.88,0.8785,701.7,2,0,0,1,1855.41,14727.13,18998.4,22,1,2,0,0,29
C01947,2025-11-27,Nairobi,SME_Trade,Self_Employed,F,28,Tier2,354,0,Credit_Card,105115.02,303941.37,0.2274,0.3854,0,,,617.6,1,0,0,1,3710.25,140835.33,99388.44,13,3,3,0,0,15
C01972,2025-11-27,Nairobi,Salaried,Permanent,M,62,Tier1,375,1,Overdraft,139388.53,391335.96,0.352,0.2426,0,,,652.3,1,1,3,5,0.0,84086.68,28728.63,19,6,0,0,0,16
C01973,2025-11-27,Nakuru,Salaried,Contract,M,51,Tier2,450,1,Credit_Card,0.0,200536.25,0.0,0.2977,0,,,655.0,1,2,1,0,31307.98,191143.05,264187.55,27,7,1,0,0,9
C01980,2025-11-27,Nyeri,Construction,Self_Employed,M,56,Tier2,395,1,Credit_Card,156187.51,255272.38,0.5995,0.3146,0,,,717.9,3,0,0,2,12935.81,126142.5,103604.16,20,6,0,0,0,26
C02001,2025-11-27,Nakuru,Salaried,Permanent,F,60,Tier2,371,1,Personal_Loan,612541.23,,,0.2679,12,412043.81,1.4866,779.1,1,1,31,6,0.0,51996.53,51287.98,27,7,3,0,0,14
C02016,2025-11-27,Nairobi,Salaried,Permanent,M,35,Tier2,386,1,Personal_Loan,204954.8,,,0.2499,36,770455.92,0.266,642.5,1,1,0,4,333.19,12148.66,8819.73,31,5,2,0,0,26
C02023,2025-11-27,Nairobi,SME_Trade,Micro_Enterprise,M,50,Tier2,203,0,Credit_Card,0.0,201648.09,0.0,0.274,0,,,528.0,1,1,24,1,1344.04,22950.32,24908.46,14,4,2,0,0,34
C02092,2025-11-27,Nairobi,SME_Services,Self_Employed,M,35,Tier2,303,0,SME_Loan,687147.45,,,0.1909,12,199275.81,3.4482,608.0,3,0,4,4,10857.06,95687.99,73238.18,24,8,1,0,0,20
C02106,2025-11-27,Mombasa,Salaried,Permanent,F,33,Tier2,332,1,Personal_Loan,259756.45,,,0.1786,12,289408.86,0.8975,566.5,1,2,0,1,5370.91,75048.57,32843.99,20,5,0,0,0,6
C02119,2025-11-27,Kakamega,Agribusiness,Micro_Enterprise,M,45,Tier2,314,0,Personal_Loan,303112.4,,,0.1939,24,371887.12,0.8151,575.0,2,0,3,0,161.8,1031.54,1133.22,11,1,1,1,0,33
C02210,2025-11-27,Kiambu,Other,Self_Employed,F,27,Tier2,251,0,Personal_Loan,264115.35,,,0.1657,24,495944.82,0.5325,605.9,1,0,16,1,1246.23,17861.31,17677.53,25,4,0,0,0,16
C02242,2025-11-27,Nyeri,Agribusiness,Micro_Enterprise,F,50,Tier1,410,1,Personal_Loan,140036.06,,,0.1683,36,728931.42,0.1921,665.2,1,1,8,6,13324.61,56123.93,27827.21,14,4,0,0,0,5
C02254,2025-11-27,Kisumu,Other,Micro_Enterprise,F,43,Tier2,437,0,SME_Loan,601207.44,,,0.2414,24,1008557.52,0.5961,607.9,3,1,0,1,7078.25,33567.52,26662.69,21,4,1,0,0,16
C02281,2025-11-27,Nairobi,Salaried,Permanent,M,55,Tier2,401,1,SME_Loan,345028.41,,,0.2438,12,375078.48,0.9199,615.0,4,1,2,5,23368.88,132166.64,131894.65,30,4,0,0,0,15
C02301,2025-11-27,Kakamega,Salaried,Permanent,M,33,Tier3,403,1,Personal_Loan,318434.72,,,0.3196,18,0.0,5.0,599.9,1,0,0,0,15045.31,34742.87,23675.38,42,4,1,0,0,6
C02316,2025-11-27,Kakamega,Salaried,Permanent,M,21,Tier2,416,1,SME_Loan,475521.35,,,0.1951,24,326229.98,1.4576,583.3,3,0,0,0,0.0,174592.88,130314.54,24,8,0,0,1,11
C02317,2025-11-27,Nairobi,Construction,Micro_Enterprise,F,24,Tier1,324,0,Credit_Card,85184.8,309832.56,0.2671,0.2742,0,,,608.4,1,1,4,1,13733.54,64198.81,78133.43,17,1,1,0,0,9
C02325,2025-11-27,Nairobi,Hospitality,Self_Employed,F,54,Tier2,229,1,Overdraft,122075.7,147129.75,0.8046,0.2697,0,0.0,5.0,642.6,1,1,31,1,6707.24,37404.01,33322.9,18,8,2,0,0,31
C02350,2025-11-27,Uasin Gishu,SME_Trade,Micro_Enterprise,M,43,Tier2,399,1,Overdraft,0.0,107845.91,0.198,0.2019,0,,,575.5,1,1,0,2,6435.17,43097.54,14930.23,14,3,2,0,0,5
C02367,2025-11-27,Nairobi,Salaried,Permanent,M,36,Tier2,250,1,Personal_Loan,390558.23,,,0.1732,24,620100.14,0.6298,521.9,1,0,0,0,996.16,139892.74,151307.86,27,4,0,0,0,9
C02377,2025-11-27,Nyeri,Salaried,Permanent,M,59,Tier2,313,1,SME_Loan,758874.02,,,0.1001,36,671990.32,1.1293,573.8,4,1,7,2,3611.76,40608.6,42101.34,25,9,0,0,0,31
C02398,2025-11-27,Mombasa,Salaried,Contract,M,34,Tier3,433,1,Personal_Loan,160505.12,,,0.2881,12,1364223.32,0.1177,569.3,1,0,3,3,36532.24,164360.18,224153.87,31,3,1,0,0,20
C02402,2025-11-27,Nairobi,Salaried,Permanent,M,46,Tier1,309,1,Personal_Loan,172541.51,,,0.2611,18,376159.1,0.4587,504.9,1,3,22,5,54822.17,176243.88,220767.88,19,9,0,0,0,32
C02462,2025-11-27,Machakos,Agribusiness,Micro_Enterprise,F,30,Tier2,352,0,Overdraft,81671.55,281675.32,0.372,0.224,0,69815.56,1.1698,433.9,3,1,54,2,14361.19,74352.1,31855.48,11,5,2,0,0,210
C02501,2025-11-27,Meru,SME_Trade,Self_Employed,F,52,Tier2,422,0,SME_Loan,178139.83,,,0.1924,36,477158.67,0.3733,472.5,2,1,23,1,584.86,9633.62,8048.7,20,9,1,0,0,17
C02548,2025-11-27,Meru,Construction,Self_Employed,M,47,Tier2,357,1,SME_Loan,1131754.17,,,0.2502,24,13189.54,5.0,736.8,2,2,0,4,3451.46,22945.07,22689.87,15,2,2,0,0,6
C02563,2025-11-27,Kiambu,SME_Services,Micro_Enterprise,F,51,Tier2,364,0,Overdraft,10718.76,140243.46,0.3902,0.3216,0,11896.86,0.901,748.0,1,1,0,0,2615.52,13363.16,15311.93,21,2,1,0,0,25
C02614,2025-11-27,Nakuru,Salaried,Permanent,M,47,Tier2,219,1,SME_Loan,0.0,,,0.3209,12,565842.91,0.05,676.9,1,0,0,1,258.05,22137.87,15555.54,24,10,1,1,0,29
C02624,2025-11-27,Nairobi,Other,Self_Employed,F,62,Tier2,370,1,Personal_Loan,339515.75,,,0.231,12,407179.63,0.8338,646.4,1,0,32,2,8260.16,60334.41,52683.8,21,4,1,0,0,13
C02628,2025-11-27,Machakos,Salaried,Permanent,F,21,Tier2,449,1,Personal_Loan,128046.4,,,0.2497,36,491658.21,0.2604,693.7,2,2,1,3,14067.47,74158.28,75243.84,21,4,2,0,0,25
C02635,2025-11-27,Nairobi,Salaried,Permanent,M,24,Tier2,325,1,Overdraft,211597.44,219438.51,0.97,0.2078,0,47844.62,4.4226,693.0,3,1,4,5,7596.49,74184.37,81795.73,28,4,0,0,0,11
C02747,2025-11-27,Nairobi,Salaried,Permanent,M,31,Tier1,386,1,SME_Loan,557054.02,,,0.1728,36,166814.54,3.3394,507.0,2,0,0,1,7556.2,109827.21,76100.85,30,8,0,0,0,7
C02763,2025-11-27,Kiambu,SME_Services,Micro_Enterprise,M,37,Tier3,262,0,Personal_Loan,528545.43,,,0.2449,36,581033.29,0.9097,664.7,1,0,21,4,1061.87,42234.98,44387.81,17,4,0,1,0,30
C02767,2025-11-27,Machakos,Other,Self_Employed,F,37,Tier2,257,0,Credit_Card,47787.01,119409.52,0.2059,0.3217,0,,,556.4,1,0,12,3,0.0,0.0,0.0,16,4,0,0,0,15
C02774,2025-11-27,Kisumu,Salaried,Permanent,M,52,Tier1,354,1,Personal_Loan,133008.13,,,0.1581,36,119174.97,1.1161,661.3,1,1,7,4,11638.23,84275.35,38648.25,26,4,0,0,0,6
C02804,2025-11-27,Kiambu,Salaried,Permanent,M,23,Tier2,347,1,Personal_Loan,238678.04,,,0.3183,12,105899.59,2.2538,634.9,1,0,14,3,316.99,127703.12,80854.8,25,1,1,0,0,32
C02825,2025-11-27,Nyeri,Transport,Self_Employed,M,48,Tier2,276,0,Personal_Loan,268541.4,,,0.2627,12,416911.27,0.6441,522.9,1,1,22,6,0.0,32508.81,23376.34,18,2,1,0,0,31
C02851,2025-11-27,Nairobi,Transport,Micro_Enterprise,M,29,Tier3,293,0,Personal_Loan,320271.68,,,0.2504,24,0.0,5.0,588.2,1,0,24,4,4708.35,82401.29,92323.59,23,1,1,0,0,5
C02878,2025-11-27,Kiambu,Other,Self_Employed,F,63,Tier1,376,0,Personal_Loan,273098.39,,,0.2464,24,161340.14,1.6927,561.7,1,1,0,0,2070.81,17466.91,12780.74,28,5,1,0,0,7
C02935,2025-11-27,Mombasa,Transport,Micro_Enterprise,M,57,Tier3,358,1,Personal_Loan,403447.37,,,0.2464,24,495235.45,0.8147,624.2,1,0,5,1,3766.6,94888.75,87705.15,23,6,1,0,0,31
C03052,2025-11-27,Mombasa,SME_Trade,Self_Employed,F,28,Tier1,438,0,Personal_Loan,353052.07,,,0.2133,24,358416.19,0.985,557.0,1,0,0,4,32491.83,125116.34,61856.41,14,4,1,0,0,19
C03059,2025-11-27,Mombasa,Salaried,Permanent,F,38,Tier3,265,1,Personal_Loan,185769.79,,,0.2595,12,,,592.5,1,0,17,2,19664.71,123136.56,101496.59,32,11,0,0,0,14
C03094,2025-11-27,Mombasa,SME_Trade,Self_Employed,F,31,Tier1,387,0,Personal_Loan,287741.44,,,0.2132,12,493948.53,0.5825,602.0,1,0,9,4,2373.07,44189.58,43673.92,20,2,0,0,0,29
C03125,2025-11-27,Uasin Gishu,SME_Trade,Micro_Enterprise,M,40,Tier1,263,1,Personal_Loan,631965.19,,,0.2942,12,591118.6,1.0691,532.7,1,0,13,6,12519.09,70043.68,66433.59,20,1,2,0,0,26
C03127,2025-11-27,Kiambu,Transport,Micro_Enterprise,F,58,Tier1,398,0,Personal_Loan,410305.08,,,0.1688,12,,,667.9,1,1,2,1,261.92,22547.84,16059.02,12,4,3,0,0,18
C03163,2025-11-27,Uasin Gishu,Hospitality,Micro_Enterprise,F,28,Tier3,392,0,Overdraft,49590.22,167426.84,0.4102,0.3189,0,297174.57,0.1669,611.1,4,1,0,1,923.01,7485.66,8396.76,19,2,1,0,0,26
C03239,2025-11-27,Machakos,Hospitality,Self_Employed,M,60,Tier2,437,0,Overdraft,199699.59,349565.4,0.6172,0.2161,0,61645.88,3.2395,459.3,2,0,35,4,5994.94,60007.46,48334.16,19,5,0,0,0,148
C03255,2025-11-27,Kiambu,Salaried,Permanent,F,31,Tier2,396,1,Personal_Loan,518451.8,,,0.1712,36,,,605.1,2,1,0,0,5439.82,60251.58,44877.11,22,7,1,0,0,6
C03284,2025-11-27,Kakamega,Salaried,Contract,M,25,Tier3,332,1,Personal_Loan,314189.35,,,0.2605,12,,,680.1,1,2,2,6,2079.17,68762.23,87800.66,27,5,1,0,0,6
C03294,2025-11-27,Nyeri,Salaried,Permanent,F,34,Tier2,361,1,Personal_Loan,288476.77,,,0.2609,36,0.0,5.0,644.6,1,1,0,4,10229.97,135405.92,122548.23,32,6,0,0,0,31
C03297,2025-11-27,Machakos,SME_Services,Self_Employed,F,30,Tier2,375,0,Personal_Loan,446734.76,,,0.2087,24,481104.77,0.9286,552.2,1,1,28,4,665.16,7048.84,9643.33,11,6,1,0,1,128
C03299,2025-11-27,Machakos,SME_Trade,Micro_Enterprise,F,45,Tier2,299,0,Overdraft,267541.3,380685.06,0.6616,0.1977,0,200352.85,1.3354,720.2,2,0,0,0,0.0,148419.08,141085.25,18,4,0,1,0,196
C03356,2025-11-27,Kisumu,SME_Services,Self_Employed,F,40,Tier1,308,0,Overdraft,120170.93,154940.76,0.9092,0.2934,0,71958.84,1.67,691.0,2,1,0,2,0.0,0.0,0.0,16,5,0,1,0,23
C03376,2025-11-27,Nairobi,Transport,Self_Employed,F,43,Tier3,448,1,Personal_Loan,554114.76,,,0.2224,18,627751.65,0.8827,574.7,3,1,31,4,47825.99,270619.93,286522.0,30,2,1,0,0,8
C03444,2025-11-27,Nairobi,SME_Trade,Micro_Enterprise,M,30,Tier3,262,0,SME_Loan,517953.87,,,0.2382,24,532937.53,0.9719,606.5,1,0,6,3,0.0,0.0,0.0,31,8,0,0,0,29
C03454,2025-11-27,Mombasa,Construction,Micro_Enterprise,F,36,Tier2,345,1,SME_Loan,369229.45,,,0.3132,36,487874.41,0.7568,600.5,1,0,12,3,23810.59,81480.74,62370.03,17,6,2,0,0,7
C00006,2025-12-27,Meru,Salaried,Contract,M,59,Tier2,280,1,Personal_Loan,521732.28,,,0.2576,36,457250.79,1.141,680.5,1,2,22,3,0.0,0.0,0.0,24,6,1,0,0,29
C00036,2025-12-27,Nairobi,Salaried,Permanent,M,23,Tier1,415,1,Personal_Loan,320037.21,,,0.2764,18,0.0,5.0,654.2,3,0,0,0,0.0,0.0,0.0,31,3,0,0,0,31
C00044,2025-12-27,Kiambu,Agribusiness,Micro_Enterprise,M,36,Tier1,372,0,Personal_Loan,221119.97,,,0.1419,36,105762.83,2.0907,702.0,1,1,10,3,4352.55,21642.25,24948.86,16,8,0,0,0,11
C00051,2025-12-27,Nakuru,Salaried,Permanent,M,55,Tier2,403,1,SME_Loan,482099.65,,,0.1605,24,,,539.1,2,1,59,6,11638.51,96681.32,55725.25,17,7,0,0,0,6
C00116,2025-12-27,Nyeri,SME_Trade,Micro_Enterprise,M,46,Tier1,353,0,SME_Loan,174137.92,,,0.2376,24,356897.34,0.4879,745.0,1,1,23,5,2363.25,31606.88,44087.81,17,4,3,0,1,8
C00139,2025-12-27,Kisumu,Agribusiness,Micro_Enterprise,M,36,Tier3,440,0,Personal_Loan,415420.57,,,0.2182,18,,,612.3,1,1,18,4,18028.54,94948.14,88673.04,16,6,1,0,0,32
C00160,2025-12-27,Machakos,Salaried,Permanent,M,56,Tier2,480,1,SME_Loan,778886.21,,,0.2686,12,674363.14,1.155,671.7,4,1,0,0,1239.0,49872.17,30300.04,34,8,2,0,0,21
C00175,2025-12-27,Kakamega,SME_Trade,Self_Employed,F,52,Tier2,413,0,Personal_Loan,236303.64,,,0.3023,12,,,690.9,1,0,0,0,0.0,108003.93,102829.4,9,5,5,0,0,7
C00207,2025-12-27,Nairobi,SME_Services,Self_Employed,M,55,Tier2,302,1,Personal_Loan,285432.74,,,0.2289,24,425487.64,0.6708,668.7,2,0,0,0,0.0,0.0,0.0,20,6,2,0,0,6
C00209,2025-12-27,Nairobi,Salaried,Permanent,M,32,Tier2,273,1,Overdraft,65610.97,174079.41,0.5517,0.1433,0,235096.73,0.2791,692.3,3,1,0,0,31621.59,160503.8,99604.28,28,3,2,0,0,10
C00244,2025-12-27,Mombasa,Salaried,Contract,F,50,Tier2,475,1,Personal_Loan,311860.38,,,0.1947,36,476092.47,0.655,602.7,1,1,0,1,1869.59,28748.05,19843.05,22,8,1,0,0,16
C00278,2025-12-27,Nairobi,Transport,Self_Employed,F,56,Tier3,339,1,Personal_Loan,464765.12,,,0.2845,18,,,601.7,1,1,1,0,11470.18,59197.88,45102.64,20,2,3,0,0,33
C00297,2025-12-27,Nyeri,Salaried,Contract,F,59,Tier2,373,1,Personal_Loan,349229.84,,,0.2826,18,56465.5,5.0,622.6,1,1,20,4,8484.11,94121.01,73723.7,21,8,0,0,0,181
C00305,2025-12-27,Kiambu,Transport,Micro_Enterprise,F,45,Tier2,365,0,SME_Loan,528503.98,,,0.0996,36,271489.15,1.9467,685.1,2,1,0,3,0.0,0.0,0.0,23,5,1,0,0,25
C00307,2025-12-27,Mombasa,SME_Services,Self_Employed,M,34,Tier3,461,0,SME_Loan,834381.65,,,0.2527,24,578534.44,1.4422,650.8,4,0,0,0,692.41,17566.52,19526.95,31,7,1,0,0,30
C00308,2025-12-27,Mombasa,Other,Self_Employed,M,45,Tier2,397,1,SME_Loan,329726.62,,,0.2414,48,28242.95,5.0,643.2,3,0,30,6,5013.09,58088.36,74496.93,18,2,1,1,0,16
C00331,2025-12-27,Kiambu,SME_Trade,Self_Employed,F,45,Tier1,433,1,SME_Loan,394263.74,,,0.2886,24,0.0,5.0,513.3,3,1,16,3,4301.08,16341.63,21340.81,12,3,0,0,0,19
C00376,2025-12-27,Uasin Gishu,Hospitality,Self_Employed,F,25,Tier2,435,0,SME_Loan,1214149.26,,,0.1645,24,1080058.57,1.1242,535.2,4,0,7,6,5762.14,20790.02,14179.17,16,4,1,0,0,11
C00397,2025-12-27,Uasin Gishu,Salaried,Permanent,F,23,Tier1,362,1,Personal_Loan,462661.43,,,0.3157,18,47978.14,5.0,616.2,1,1,2,2,0.0,11397.89,10112.12,28,6,3,0,0,27
C00421,2025-12-27,Uasin Gishu,Salaried,Permanent,F,62,Tier2,365,1,Personal_Loan,250833.21,,,0.2177,12,236873.55,1.0589,586.3,1,1,10,6,16640.25,125986.3,131480.78,24,5,1,0,0,30
C00424,2025-12-27,Nakuru,Salaried,Permanent,F,47,Tier1,429,1,SME_Loan,551808.32,,,0.2981,36,1659.29,5.0,567.5,2,3,36,2,21220.48,133539.74,125690.86,24,2,2,0,0,23
C00436,2025-12-27,Nairobi,Other,Self_Employed,F,26,Tier1,477,0,SME_Loan,256877.66,,,0.2058,48,613679.82,0.4186,586.8,2,0,11,6,3769.17,20660.43,14982.36,23,5,1,0,0,26
C00526,2025-12-27,Nairobi,Salaried,Permanent,F,34,Tier1,323,1,SME_Loan,595356.03,,,0.1552,36,28547.29,5.0,572.1,4,0,12,2,23463.17,88534.76,117926.78,28,6,1,0,0,27
C00529,2025-12-27,Kiambu,Salaried,Permanent,M,62,Tier2,455,1,Personal_Loan,78664.07,,,0.2666,18,0.0,5.0,605.9,1,2,35,3,13895.89,66382.46,53024.87,33,7,1,0,0,6
C00544,2025-12-27,Nairobi,Salaried,Permanent,F,28,Tier2,446,1,Personal_Loan,443532.4,,,0.2574,18,474599.73,0.9345,681.7,2,0,0,1,0.0,153967.14,94735.17,38,13,0,0,0,8
C00581,2025-12-27,Kiambu,SME_Services,Self_Employed,M,25,Tier2,464,0,SME_Loan,647663.66,,,0.1876,36,132216.54,4.8985,660.0,4,0,23,4,21405.84,76150.33,68239.38,18,7,2,0,0,22
C00621,2025-12-27,Uasin Gishu,Construction,Micro_Enterprise,M,40,Tier2,337,1,Overdraft,125412.1,147071.67,0.9213,0.1903,0,73816.08,1.699,523.8,1,0,0,4,6041.33,20619.9,18823.74,17,2,1,0,0,16
C00626,2025-12-27,Kisumu,Salaried,Permanent,F,31,Tier3,274,1,Overdraft,106362.2,132466.4,0.8229,0.262,0,15865.68,5.0,580.4,1,1,6,2,2175.78,20743.25,22733.94,36,9,2,0,0,17
C00640,2025-12-27,Nairobi,Salaried,Permanent,F,63,Tier2,465,1,Personal_Loan,347298.31,,,0.1958,24,284697.64,1.2199,600.0,1,0,0,0,13852.66,93043.37,94319.22,26,5,0,0,0,33
C00656,2025-12-27,Kakamega,SME_Services,Micro_Enterprise,F,44,Tier2,437,1,Personal_Loan,211427.83,,,0.2372,24,538245.97,0.3928,534.7,1,0,0,1,8054.08,41477.35,41724.92,15,3,2,0,0,25
C00691,2025-12-27,Kiambu,SME_Services,Micro_Enterprise,M,65,Tier2,381,0,SME_Loan,149464.57,,,0.2175,12,469554.11,0.3183,578.4,2,0,18,5,3457.33,9997.26,6326.54,15,4,0,0,0,27
C00733,2025-12-27,Meru,Other,Micro_Enterprise,F,62,Tier2,407,0,Overdraft,38482.38,192660.02,0.1654,0.1606,0,77640.28,0.4956,568.0,1,2,1,2,10566.91,64702.13,53029.69,8,4,0,0,0,26
C00742,2025-12-27,Kiambu,Hospitality,Self_Employed,F,55,Tier1,438,0,Personal_Loan,334962.87,,,0.198,36,1240943.18,0.2699,573.0,1,1,21,3,3361.97,16565.29,21348.95,15,7,2,0,0,26
C00760,2025-12-27,Meru,Salaried,Permanent,M,53,Tier1,365,1,Personal_Loan,450681.65,,,0.2293,24,,,807.6,2,0,0,0,5053.98,22050.2,21012.97,32,10,0,0,0,19
C00791,2025-12-27,Kisumu,Other,Micro_Enterprise,M,25,Tier3,443,1,Credit_Card,52567.28,30000.0,1.4204,0.2554,0,,,453.5,1,0,51,6,14395.82,97262.62,97820.81,19,2,1,1,0,183
C00799,2025-12-27,Nairobi,SME_Trade,Micro_Enterprise,F,35,Tier1,416,1,Personal_Loan,165770.11,,,0.2185,24,508532.98,0.326,711.5,1,1,3,6,4573.0,55631.7,54662.83,18,2,0,0,0,14
C00828,2025-12-27,Mombasa,Agribusiness,Micro_Enterprise,M,61,Tier1,417,0,SME_Loan,512258.76,,,0.1768,24,127354.68,4.0223,682.7,1,2,0,1,19981.85,143602.46,126254.87,22,3,0,0,0,21
C00831,2025-12-27,Nairobi,Agribusiness,Self_Employed,F,32,Tier2,437,0,SME_Loan,545616.54,,,0.226,36,,,658.3,1,1,0,0,9066.92,69869.25,65017.47,22,4,1,0,0,15
C00842,2025-12-27,Nairobi,Salaried,Permanent,M,50,Tier2,379,1,Overdraft,0.0,331955.41,0.0,0.2101,0,127861.89,0.05,681.5,1,1,0,1,0.0,0.0,0.0,33,4,2,0,0,21
C00873,2025-12-27,Kiambu,Hospitality,Self_Employed,F,26,Tier2,376,0,Credit_Card,75809.62,133342.41,0.5669,0.3511,0,,,644.3,1,1,0,2,3148.04,143390.69,114176.51,22,3,1,0,0,24
C00938,2025-12-27,Nairobi,Construction,Self_Employed,M,27,Tier2,476,1,SME_Loan,179614.23,,,0.0779,24,385264.48,0.4662,615.9,1,0,0,2,22880.4,125076.52,49248.02,20,1,3,0,0,13
C00952,2025-12-27,Nakuru,Salaried,Permanent,M,34,Tier1,430,1,Overdraft,316933.9,50000.0,1.8,0.1363,0,0.0,5.0,665.3,1,1,26,3,11734.87,98811.11,88326.85,23,5,0,0,0,25
C00990,2025-12-27,Nakuru,SME_Services,Self_Employed,M,56,Tier3,390,1,Overdraft,168212.22,442722.92,0.3109,0.2162,0,203724.64,0.8257,662.9,2,0,21,3,1477.43,15298.06,14353.46,23,4,2,0,0,28
C01075,2025-12-27,Uasin Gishu,SME_Trade,Micro_Enterprise,M,42,Tier1,430,1,SME_Loan,524076.32,,,0.2224,36,695092.65,0.754,539.4,1,1,28,6,24604.55,118031.46,135235.51,21,5,1,0,0,10
C01128,2025-12-27,Meru,Construction,Micro_Enterprise,F,49,Tier1,104,0,SME_Loan,683601.28,,,0.124,24,881120.86,0.7758,698.7,2,1,0,2,0.0,0.0,0.0,16,3,1,0,0,18
C01140,2025-12-27,Nairobi,Hospitality,Micro_Enterprise,F,45,Tier2,414,0,Credit_Card,36406.33,152453.26,0.0696,0.2738,0,,,665.1,1,1,0,0,8332.93,49370.36,45972.75,16,2,0,0,0,7
C01181,2025-12-27,Kisumu,Salaried,Contract,M,48,Tier3,391,1,Overdraft,72229.2,266137.41,0.2726,0.3045,0,49306.6,1.4649,455.7,1,1,25,5,0.0,31335.63,43620.44,38,12,0,1,1,178
C01182,2025-12-27,Kisumu,Agribusiness,Self_Employed,F,62,Tier1,365,1,Personal_Loan,401714.51,,,0.1946,36,485393.33,0.8276,724.0,1,2,11,1,7684.82,109843.03,74662.35,17,5,0,0,0,10
C01193,2025-12-27,Meru,Transport,Self_Employed,M,28,Tier1,354,0,Personal_Loan,171263.08,,,0.2282,12,501192.17,0.3417,603.2,2,1,0,0,4790.18,87257.36,49123.11,15,2,0,1,0,16
C01209,2025-12-27,Nakuru,SME_Trade,Self_Employed,F,33,Tier2,437,1,SME_Loan,864967.42,,,0.3143,48,328161.66,2.6358,671.6,6,0,0,4,19359.58,110611.53,77992.87,19,7,0,0,0,15
C01297,2025-12-27,Nairobi,SME_Services,Micro_Enterprise,M,32,Tier1,375,0,SME_Loan,560592.05,,,0.1434,24,240337.05,2.3325,660.4,1,2,13,5,0.0,98101.56,129872.5,24,1,0,1,1,217
C01337,2025-12-27,Nairobi,Agribusiness,Self_Employed,F,49,Tier2,379,0,Personal_Loan,486824.85,,,0.2491,24,200746.26,2.4251,547.7,1,0,24,5,7863.29,48865.2,44242.51,23,3,1,0,0,7
C01415,2025-12-27,Nairobi,Salaried,Permanent,M,47,Tier2,377,1,Overdraft,209878.8,226874.03,0.7645,0.2332,0,198102.82,1.0594,657.5,1,0,0,0,6093.59,65098.83,38725.43,21,8,2,0,0,28
C01480,2025-12-27,Nakuru,Salaried,Contract,M,39,Tier2,414,1,SME_Loan,484245.44,,,0.2396,24,210755.76,2.2977,560.8,2,1,0,4,10989.46,96769.75,111215.66,27,2,1,0,0,32
C01485,2025-12-27,Nairobi,Transport,Micro_Enterprise,F,39,Tier2,475,0,Personal_Loan,423438.61,,,0.1863,36,914545.17,0.463,630.0,1,1,32,0,4436.93,47766.53,26146.06,16,5,1,1,0,18
C01492,2025-12-27,Mombasa,Salaried,Permanent,M,43,Tier2,339,1,Personal_Loan,423614.05,,,0.1841,24,407212.04,1.0403,660.5,1,0,5,0,30214.66,111447.86,129901.08,22,9,0,0,0,25
C01514,2025-12-27,Kiambu,Salaried,Permanent,M,35,Tier2,378,1,SME_Loan,879633.91,,,0.1958,36,452273.0,1.9449,599.7,2,1,0,1,2740.41,30197.95,32063.06,18,8,0,0,0,30
C01517,2025-12-27,Meru,SME_Trade,Micro_Enterprise,F,42,Tier1,389,1,SME_Loan,719165.36,,,0.1581,12,,,626.6,2,1,18,3,17611.2,93516.31,45633.03,19,4,2,0,0,18
C01525,2025-12-27,Nakuru,Salaried,Contract,M,48,Tier1,445,1,Overdraft,214919.77,191319.48,1.2481,0.2228,0,137009.76,1.5686,723.3,1,1,0,0,17918.11,121703.85,96581.03,26,1,2,0,0,31
C01538,2025-12-27,Kiambu,Construction,Self_Employed,F,25,Tier2,417,1,Personal_Loan,718889.13,,,0.2421,18,126159.96,5.0,612.9,2,1,13,4,4193.14,87596.22,77607.57,12,4,1,1,1,199
C01581,2025-12-27,Nakuru,SME_Trade,Self_Employed,M,34,Tier2,304,1,SME_Loan,242595.02,,,0.1474,24,1064098.52,0.228,557.8,4,0,21,5,9293.71,114486.1,106997.46,15,2,0,1,1,174
C01591,2025-12-27,Kiambu,Agribusiness,Self_Employed,F,54,Tier2,461,0,Overdraft,0.0,317763.49,0.0087,0.2302,0,121948.77,0.05,469.3,1,2,33,4,8239.29,222577.46,211809.45,23,3,0,0,0,29
C01604,2025-12-27,Kisumu,Agribusiness,Self_Employed,F,35,Tier1,439,0,Credit_Card,15580.14,228825.8,0.1433,0.3483,0,,,616.1,1,0,0,3,2456.25,28722.54,35588.17,21,4,2,0,0,5
C01611,2025-12-27,Nairobi,Transport,Self_Employed,F,55,Tier3,315,1,Personal_Loan,471437.46,,,0.2329,18,236159.3,1.9963,653.5,1,0,0,0,5760.03,43925.91,44804.08,23,8,0,0,0,16
C01622,2025-12-27,Nakuru,Salaried,Permanent,F,21,Tier2,460,1,SME_Loan,284535.36,,,0.1653,24,,,767.3,1,0,9,6,9692.32,46872.69,31759.04,24,8,1,0,0,23
C01629,2025-12-27,Kiambu,SME_Trade,Micro_Enterprise,F,38,Tier2,444,0,Personal_Loan,610518.64,,,0.2719,18,659398.71,0.9259,625.4,2,1,0,2,36701.96,222640.45,122995.86,7,7,2,0,0,24
C01702,2025-12-27,Nyeri,Construction,Micro_Enterprise,M,29,Tier1,373,0,SME_Loan,629133.82,,,0.2119,12,399925.62,1.5731,654.5,2,0,0,0,0.0,0.0,0.0,24,4,0,1,0,12
C01780,2025-12-27,Kakamega,SME_Trade,Micro_Enterprise,M,51,Tier2,392,0,Overdraft,263450.96,424882.45,0.6219,0.1998,0,58566.51,4.4983,790.6,1,1,0,0,6746.59,36013.17,27006.04,13,3,1,0,0,34
C01832,2025-12-27,Meru,SME_Trade,Self_Employed,M,63,Tier3,423,0,Overdraft,85035.32,415648.39,0.1679,0.1887,0,79430.88,1.0706,691.3,2,0,0,1,68.18,35266.61,32925.33,28,4,3,0,0,11
C01898,2025-12-27,Machakos,Transport,Micro_Enterprise,F,60,Tier2,366,0,Personal_Loan,133445.06,,,0.1766,24,83972.24,1.5892,687.4,2,1,0,3,1421.44,18339.07,13500.53,11,4,0,0,0,34
C01963,2025-12-27,Kiambu,SME_Trade,Self_Employed,M,27,Tier3,449,0,SME_Loan,490188.44,,,0.1694,36,195287.57,2.5101,660.9,1,0,5,2,53792.84,239861.54,246486.33,12,3,3,0,0,28
C01972,2025-12-27,Nairobi,Salaried,Permanent,M,62,Tier1,405,1,Overdraft,132138.75,391335.96,0.3562,0.2426,0,104097.94,1.2694,655.9,1,1,3,5,0.0,0.0,0.0,30,5,0,0,0,24
C01973,2025-12-27,Nakuru,Salaried,Contract,M,51,Tier2,480,1,Credit_Card,0.0,200536.25,0.0,0.2977,0,,,652.8,1,2,0,0,1725.83,74133.2,56191.38,23,9,1,0,0,16
C01980,2025-12-27,Nyeri,Construction,Self_Employed,M,56,Tier2,425,1,Credit_Card,166789.82,255272.38,0.6118,0.3146,0,,,724.7,3,0,0,2,12517.46,50496.66,25634.78,12,2,0,0,0,32
C02016,2025-12-27,Nairobi,Salaried,Permanent,M,35,Tier2,416,1,Personal_Loan,211948.74,,,0.2499,36,770455.92,0.2751,658.9,1,1,0,4,894.27,36769.03,41920.84,25,3,2,0,0,24
C02042,2025-12-27,Nairobi,Transport,Self_Employed,F,61,Tier1,451,1,SME_Loan,528051.14,,,0.2268,24,693223.81,0.7617,666.0,1,2,10,3,0.0,71823.16,42446.67,20,5,0,0,0,33
C02092,2025-12-27,Nairobi,SME_Services,Self_Employed,M,35,Tier2,333,0,SME_Loan,658156.96,,,0.1909,12,199275.81,3.3027,607.0,3,0,2,5,23766.41,131863.65,140589.52,20,4,0,1,0,23
C02106,2025-12-27,Mombasa,Salaried,Permanent,F,33,Tier2,362,1,Personal_Loan,254310.14,,,0.1786,12,289408.86,0.8787,567.1,1,2,0,1,17325.07,93348.49,36244.96,28,6,1,0,0,34
C02119,2025-12-27,Kakamega,Agribusiness,Micro_Enterprise,M,45,Tier2,344,0,Personal_Loan,307092.06,,,0.1939,24,371887.12,0.8258,566.3,2,0,6,0,1058.86,4105.6,5213.56,14,3,0,0,0,29
C02167,2025-12-27,Nairobi,SME_Trade,Micro_Enterprise,M,35,Tier2,396,0,SME_Loan,402924.0,,,0.1688,48,0.0,5.0,676.1,1,1,8,4,14009.08,120597.93,84371.79,21,5,2,1,0,126
C02181,2025-12-27,Meru,Salaried,Permanent,M,52,Tier2,374,1,Personal_Loan,383895.48,,,0.2731,36,99052.13,3.8757,613.0,1,2,0,3,0.0,0.0,0.0,19,3,0,0,0,8
C02217,2025-12-27,Nairobi,SME_Trade,Self_Employed,M,41,Tier3,377,1,SME_Loan,847716.24,,,0.2162,24,291088.92,2.9122,712.8,2,1,4,1,8244.71,75891.55,76586.7,22,1,3,0,0,13
C02242,2025-12-27,Nyeri,Agribusiness,Micro_Enterprise,F,50,Tier1,440,1,Personal_Loan,125585.98,,,0.1683,36,728931.42,0.1723,658.7,1,1,10,6,3660.54,39862.65,17751.64,19,5,0,0,0,21
C02246,2025-12-27,Machakos,Transport,Micro_Enterprise,F,58,Tier1,329,0,Personal_Loan,382390.48,,,0.1982,18,205157.7,1.8639,423.6,2,2,33,5,0.0,75658.01,88117.44,21,3,1,0,0,33
C02254,2025-12-27,Kisumu,Other,Micro_Enterprise,F,43,Tier2,467,0,SME_Loan,563473.28,,,0.2414,24,,,602.7,3,1,0,0,0.0,0.0,0.0,17,3,0,0,0,6
C02262,2025-12-27,Nakuru,Construction,Micro_Enterprise,F,65,Tier3,406,0,Personal_Loan,262230.07,,,0.2488,36,367866.8,0.7128,543.7,2,2,0,0,9117.96,40711.33,40400.5,27,7,1,0,0,30
C02316,2025-12-27,Kakamega,Salaried,Permanent,M,21,Tier2,446,1,SME_Loan,476819.25,,,0.1951,24,326229.98,1.4616,578.0,3,0,0,0,14216.45,75362.99,54773.32,22,9,0,1,0,7
C02325,2025-12-27,Nairobi,Hospitality,Self_Employed,F,54,Tier2,259,1,Overdraft,125670.25,147129.75,0.8297,0.2697,0,0.0,5.0,623.4,1,1,36,2,8222.62,38280.97,31248.79,11,6,1,0,0,15
C02346,2025-12-27,Kakamega,Transport,Micro_Enterprise,F,32,Tier1,425,0,Credit_Card,57912.64,191511.09,0.1753,0.2997,0,,,300.0,1,0,74,5,1500.74,34233.11,20584.49,16,3,1,1,1,156
C02377,2025-12-27,Nyeri,Salaried,Permanent,M,59,Tier2,343,1,SME_Loan,773367.24,,,0.1001,36,671990.32,1.1509,553.1,4,1,12,2,1624.77,138537.39,147283.33,23,5,1,1,1,139
C02398,2025-12-27,Mombasa,Salaried,Contract,M,34,Tier3,463,1,Personal_Loan,149213.93,,,0.2881,12,1364223.32,0.1094,567.2,1,0,2,3,21379.39,209279.82,248240.39,26,8,0,0,0,8
C02402,2025-12-27,Nairobi,Salaried,Permanent,M,46,Tier1,339,1,Personal_Loan,161671.56,,,0.2611,18,376159.1,0.4298,481.6,1,3,27,6,35514.25,149584.5,182111.57,32,3,0,0,0,26
C02413,2025-12-27,Kiambu,Salaried,Permanent,M,62,Tier3,463,1,Overdraft,67988.41,67907.89,0.7628,0.2891,0,,,578.7,1,2,4,6,8137.56,41301.87,23488.41,31,7,0,0,0,34
C02418,2025-12-27,Mombasa,Construction,Micro_Enterprise,F,32,Tier2,395,1,Personal_Loan,320765.36,,,0.1685,36,389165.91,0.8242,790.2,1,0,1,0,7834.69,42292.23,62798.43,21,10,0,0,0,26
C02448,2025-12-27,Meru,Salaried,Contract,M,50,Tier1,470,1,Personal_Loan,347182.06,,,0.2388,18,302117.92,1.1492,606.3,4,1,21,4,46798.1,229139.77,217785.59,30,5,0,0,0,11
C02490,2025-12-27,Kisumu,Salaried,Permanent,M,37,Tier1,333,1,Personal_Loan,396866.53,,,0.2929,24,358533.98,1.1069,732.5,3,0,0,0,39558.98,137090.08,144928.59,26,7,1,0,0,30
C02491,2025-12-27,Nakuru,Transport,Micro_Enterprise,M,36,Tier2,350,0,Personal_Loan,84837.11,,,0.1386,12,381658.19,0.2223,574.0,1,0,5,3,786.57,18182.76,17505.72,22,4,0,0,1,158
C02521,2025-12-27,Nairobi,Salaried,Permanent,M,40,Tier1,395,1,Overdraft,267934.07,232733.88,1.0598,0.22,0,70040.9,3.8254,522.5,1,0,0,2,6676.87,24000.31,22611.76,27,4,0,0,0,8
C02548,2025-12-27,Meru,Construction,Self_Employed,M,47,Tier2,387,1,SME_Loan,1148834.66,,,0.2502,24,,,736.0,2,2,0,3,20741.96,72563.47,76352.92,16,5,1,0,1,5
C02572,2025-12-27,Nakuru,Salaried,Permanent,M,62,Tier2,416,1,Personal_Loan,326227.82,,,0.2279,18,467809.63,0.6974,691.0,2,1,0,4,11138.2,40141.59,33160.19,18,9,1,0,0,17
C02581,2025-12-27,Nyeri,SME_Services,Self_Employed,F,38,Tier1,409,1,Personal_Loan,316640.43,,,0.2831,18,170765.59,1.8542,568.2,1,1,20,6,3788.48,92486.93,94650.74,6,3,1,1,0,183
C02600,2025-12-27,Kiambu,Other,Self_Employed,M,38,Tier2,480,1,SME_Loan,182973.79,,,0.2753,24,376928.86,0.4854,692.8,4,1,16,3,6994.38,66616.83,54308.29,18,5,1,0,0,27
C02628,2025-12-27,Machakos,Salaried,Permanent,F,21,Tier2,479,1,Personal_Loan,118630.35,,,0.2497,36,491658.21,0.2413,684.8,2,2,3,3,4366.22,34479.73,31707.18,23,5,0,0,0,10
C02714,2025-12-27,Kiambu,Salaried,Contract,M,44,Tier2,416,1,Personal_Loan,372694.82,,,0.2069,12,,,404.7,5,1,73,6,8677.83,57290.03,53055.0,23,6,0,0,1,132
C02733,2025-12-27,Kakamega,Salaried,Contract,M,62,Tier2,405,1,Personal_Loan,524190.36,,,0.2165,12,663654.23,0.7899,687.8,1,0,0,5,3103.05,47600.71,37057.35,21,8,1,1,0,18
C02747,2025-12-27,Nairobi,Salaried,Permanent,M,31,Tier1,416,1,SME_Loan,523407.22,,,0.1728,36,166814.54,3.1377,492.8,2,0,0,1,11619.58,115674.96,71948.65,26,8,1,0,0,30
C02774,2025-12-27,Kisumu,Salaried,Permanent,M,52,Tier1,384,1,Personal_Loan,148822.3,,,0.1581,36,119174.97,1.2488,664.7,1,1,8,4,0.0,0.0,0.0,26,9,1,0,0,22
C02806,2025-12-27,Uasin Gishu,SME_Trade,Micro_Enterprise,M,64,Tier3,444,0,Overdraft,114194.99,50000.0,1.8,0.1977,0,190790.34,0.5985,522.3,3,1,4,3,11276.86,57511.24,60866.91,27,2,1,1,0,184
C02851,2025-12-27,Nairobi,Transport,Micro_Enterprise,M,29,Tier3,323,0,Personal_Loan,310564.97,,,0.2504,24,0.0,5.0,579.3,1,0,31,5,2815.36,9696.32,10400.29,22,5,0,0,0,32
C02875,2025-12-27,Nyeri,Transport,Self_Employed,F,38,Tier2,236,0,Personal_Loan,187177.49,,,0.2431,36,494186.82,0.3788,548.1,1,0,2,1,9712.49,30392.86,19917.9,11,3,0,0,0,25
C02936,2025-12-27,Kakamega,Transport,Self_Employed,F,31,Tier1,454,0,Personal_Loan,26461.31,,,0.1886,12,103467.75,0.2557,740.6,1,1,19,6,0.0,106815.25,90270.64,21,3,3,0,0,32
C02944,2025-12-27,Kakamega,Salaried,Permanent,M,29,Tier2,418,1,Personal_Loan,88016.96,,,0.2491,36,740803.84,0.1188,580.1,1,0,15,2,21142.6,112796.69,150000.0,19,5,1,0,0,25
C02950,2025-12-27,Nairobi,Transport,Self_Employed,M,44,Tier2,427,0,Personal_Loan,243249.0,,,0.2588,24,,,724.3,1,1,5,1,11919.96,46317.27,62763.77,23,2,2,1,1,137
C02982,2025-12-27,Nairobi,Salaried,Contract,M,23,Tier1,390,1,Overdraft,23274.74,288285.3,0.0366,0.2401,0,100021.94,0.2327,616.4,3,0,0,2,987.22,4168.24,2471.01,31,12,0,0,0,15
C02987,2025-12-27,Kakamega,Transport,Micro_Enterprise,M,54,Tier1,328,0,Credit_Card,29221.67,364251.88,0.056,0.4481,0,,,664.4,1,4,0,1,36191.91,129657.32,95189.02,20,1,0,0,0,17
C02997,2025-12-27,Nairobi,Salaried,Contract,F,34,Tier2,366,1,SME_Loan,657720.57,,,0.2846,12,0.0,5.0,638.6,4,1,0,0,14414.58,183427.78,125769.87,19,11,1,0,0,8
C03002,2025-12-27,Nairobi,Salaried,Permanent,M,51,Tier3,425,1,Overdraft,53100.34,373537.41,0.1774,0.2111,0,142750.06,0.372,564.2,1,1,19,4,12383.63,98133.78,83575.29,27,9,1,0,0,11
C03052,2025-12-27,Mombasa,SME_Trade,Self_Employed,F,28,Tier1,468,0,Personal_Loan,380258.73,,,0.2133,24,358416.19,1.0609,555.1,1,0,0,3,24977.19,116910.7,56716.84,14,4,3,0,0,32
C03057,2025-12-27,Kiambu,SME_Services,Self_Employed,F,57,Tier3,343,0,Personal_Loan,354700.92,,,0.1633,18,309571.89,1.1458,779.5,2,0,0,2,8161.11,33294.45,25390.29,42,3,0,0,0,13
C03088,2025-12-27,Nairobi,Hospitality,Self_Employed,F,28,Tier2,452,0,Credit_Card,26397.89,265342.55,0.1724,0.2042,0,,,537.3,1,0,50,4,2745.65,39700.53,49341.95,20,3,3,1,1,150
C03163,2025-12-27,Uasin Gishu,Hospitality,Micro_Enterprise,F,28,Tier3,422,0,Overdraft,59228.69,167426.84,0.2962,0.3189,0,,,619.1,4,1,0,0,19684.15,143475.58,157886.4,13,3,0,0,0,26
C03185,2025-12-27,Machakos,Construction,Self_Employed,M,49,Tier2,440,0,Personal_Loan,383980.89,,,0.2154,36,656384.56,0.585,650.5,1,1,29,6,3204.1,13679.49,13239.85,17,3,2,0,1,129
C03218,2025-12-27,Nakuru,Salaried,Permanent,F,40,Tier2,320,1,Overdraft,111472.95,400528.88,0.3283,0.2917,0,203368.48,0.5481,660.7,1,1,14,2,23839.53,132613.5,130118.9,33,8,0,0,0,13
C03294,2025-12-27,Nyeri,Salaried,Permanent,F,34,Tier2,391,1,Personal_Loan,281867.02,,,0.2609,36,0.0,5.0,655.3,1,1,0,4,59039.2,237376.24,212052.24,31,6,0,0,0,18
C03299,2025-12-27,Machakos,SME_Trade,Micro_Enterprise,F,45,Tier2,329,0,Overdraft,283322.78,380685.06,0.7028,0.1977,0,,,718.9,2,0,0,0,0.0,0.0,0.0,17,3,0,0,0,16
C03318,2025-12-27,Kisumu,Other,Self_Employed,F,38,Tier2,362,0,SME_Loan,670543.76,,,0.1748,36,,,618.8,2,1,0,1,6529.76,44552.11,34047.87,17,3,1,0,0,11
C03334,2025-12-27,Nairobi,SME_Services,Self_Employed,F,59,Tier1,402,0,Overdraft,167887.34,267229.93,0.6045,0.2178,0,101336.36,1.6567,677.5,3,3,0,1,24765.99,102938.2,99858.77,28,3,2,0,0,10
C03358,2025-12-27,Machakos,Salaried,Permanent,F,60,Tier2,418,1,SME_Loan,526801.48,,,0.2119,36,0.0,5.0,728.2,2,1,0,0,5292.44,53653.49,37047.97,30,8,0,1,0,24
C03376,2025-12-27,Nairobi,Transport,Self_Employed,F,43,Tier3,478,1,Personal_Loan,569554.48,,,0.2224,18,627751.65,0.9073,554.8,3,1,31,5,3657.8,117403.17,73460.73,30,2,1,0,0,19
C03433,2025-12-27,Machakos,Hospitality,Self_Employed,F,30,Tier1,372,0,Personal_Loan,301486.42,,,0.2185,18,642769.77,0.469,678.8,1,1,0,0,2887.58,99702.8,110788.22,16,3,2,0,0,16
C03449,2025-12-27,Nairobi,SME_Trade,Micro_Enterprise,M,48,Tier2,404,0,Personal_Loan,429903.76,,,0.2148,36,172222.3,2.4962,578.4,1,1,2,6,148.19,20550.32,18764.81,24,4,0,0,0,5
C03483,2025-12-27,Mombasa,Salaried,Permanent,F,56,Tier2,373,1,SME_Loan,440522.72,,,0.1611,48,0.0,5.0,660.7,1,0,11,5,29955.84,105626.41,123909.45,24,8,3,0,0,31
C03485,2025-12-27,Machakos,Hospitality,Micro_Enterprise,M,39,Tier3,313,0,SME_Loan,383938.12,,,0.1491,48,656947.01,0.5844,651.3,2,2,0,0,12528.54,81228.46,43092.64,22,5,3,0,0,14
C00001,2026-01-26,Kisumu,Agribusiness,Self_Employed,M,25,Tier1,324,0,Overdraft,179630.95,517780.73,0.3143,0.2542,0,0.0,5.0,544.8,2,0,0,1,0.0,97026.75,40002.98,10,2,2,0,0,22
C00003,2026-01-26,Nairobi,Transport,Micro_Enterprise,M,50,Tier2,398,0,Personal_Loan,422014.79,,,0.1931,12,630402.25,0.6694,638.5,1,1,0,3,2708.73,9741.46,9300.06,15,6,1,0,0,24
C00005,2026-01-26,Machakos,Salaried,Permanent,F,40,Tier2,348,1,SME_Loan,352882.95,,,0.3377,36,329293.71,1.0716,616.0,4,1,0,1,9763.64,38856.39,27205.0,25,8,1,0,0,33
C00007,2026-01-26,Uasin Gishu,Salaried,Permanent,F,24,Tier2,441,1,SME_Loan,720191.32,,,0.2359,24,192903.27,3.7334,681.6,1,1,3,3,16664.47,112472.84,89710.53,28,7,0,0,1,198
C00008,2026-01-26,Kisumu,Salaried,Permanent,M,52,Tier1,439,1,Personal_Loan,198187.8,,,0.1619,36,1059737.14,0.187,493.1,1,2,31,4,2520.65,138719.19,122792.76,21,5,0,0,0,11
C00010,2026-01-26,Nairobi,Salaried,Permanent,M,25,Tier2,327,1,SME_Loan,871852.67,,,0.188,12,,,649.7,3,2,8,1,0.0,80155.84,73738.07,23,6,1,0,0,16
C00012,2026-01-26,Uasin Gishu,Salaried,Permanent,F,64,Tier3,184,1,Personal_Loan,616479.06,,,0.1974,18,708077.13,0.8706,596.5,3,0,22,4,11178.52,90731.83,100584.08,22,9,0,0,0,30
C00013,2026-01-26,Nairobi,Salaried,Permanent,F,54,Tier2,423,1,SME_Loan,527766.6,,,0.1188,36,407343.39,1.2956,601.3,1,1,0,0,11402.3,77283.87,42322.09,27,7,1,0,0,34
C00014,2026-01-26,Kakamega,SME_Services,Self_Employed,F,55,Tier2,431,0,Overdraft,50663.44,441191.3,0.1677,0.2288,0,234591.08,0.216,637.4,1,1,0,0,14125.61,68612.79,85119.65,15,4,0,1,0,201
C00016,2026-01-26,Nairobi,SME_Trade,Self_Employed,F,56,Tier2,364,0,SME_Loan,236340.24,,,0.2815,24,668902.41,0.3533,532.7,1,1,0,0,3385.25,11345.64,4135.96,19,3,1,0,0,34
C00017,2026-01-26,Mombasa,Transport,Self_Employed,M,44,Tier1,469,1,Personal_Loan,73645.7,,,0.2322,24,,,541.7,1,0,10,5,23367.8,87297.38,91777.5,19,3,3,0,0,22
C00020,2026-01-26,Nakuru,Salaried,Permanent,M,41,Tier2,390,1,SME_Loan,940267.46,,,0.2394,36,,,623.8,1,1,0,0,31431.31,168364.09,159370.29,38,5,1,0,0,21
C00022,2026-01-26,Meru,Other,Self_Employed,M,37,Tier1,393,0,Personal_Loan,433055.07,,,0.2514,36,,,444.1,1,2,35,2,5797.91,47047.42,47265.75,16,4,2,0,0,5
C00023,2026-01-26,Meru,SME_Services,Self_Employed,M,29,Tier2,495,1,Overdraft,151838.92,307023.58,0.5235,0.1977,0,161673.26,0.9392,706.2,1,0,4,6,3921.0,116758.33,152161.49,22,7,0,0,0,23
C00025,2026-01-26,Mombasa,SME_Services,Micro_Enterprise,M,56,Tier2,375,1,Personal_Loan,391141.64,,,0.2527,18,381690.06,1.0248,517.5,1,2,23,1,4533.19,20768.23,19387.09,15,5,0,1,0,150
C00026,2026-01-26,Machakos,Salaried,Permanent,M,49,Tier3,439,1,Overdraft,0.0,328319.54,0.0782,0.265,0,85144.38,0.05,569.8,1,0,0,0,26168.24,84814.37,48203.01,33,2,2,0,0,29
C00028,2026-01-26,Kiambu,Transport,Micro_Enterprise,F,58,Tier3,342,0,Personal_Loan,248935.62,,,0.2702,18,558438.36,0.4458,682.8,1,0,2,6,11542.75,54364.87,30574.77,23,3,2,0,0,9
C00029,2026-01-26,Nairobi,Construction,Self_Employed,F,45,Tier2,333,1,Overdraft,4664.85,246726.38,0.1437,0.2129,0,41855.0,0.1115,652.1,1,1,8,5,0.0,65409.64,60296.62,21,3,3,1,0,11
C00030,2026-01-26,Kiambu,Salaried,Permanent,M,40,Tier2,405,1,Personal_Loan,53308.94,,,0.1534,18,,,698.0,1,3,0,3,17963.74,95582.15,61351.17,21,4,0,0,0,14
C00031,2026-01-26,Nyeri,SME_Services,Self_Employed,F,41,Tier1,458,0,Personal_Loan,164562.57,,,0.1491,12,691138.36,0.2381,555.7,1,0,16,3,7463.88,53748.32,34056.08,16,5,3,0,0,10
C00032,2026-01-26,Mombasa,Salaried,Contract,M,31,Tier2,441,1,Personal_Loan,275031.25,,,0.248,24,183082.71,1.5022,608.7,1,1,0,0,31069.19,76163.64,48451.96,29,4,0,0,0,5
C00033,2026-01-26,Nyeri,Hospitality,Micro_Enterprise,F,25,Tier2,215,0,Overdraft,89432.69,317441.61,0.2307,0.2358,0,0.0,5.0,750.7,1,1,0,0,4212.2,18412.58,13593.75,17,2,1,0,0,20
C00035,2026-01-26,Nairobi,Agribusiness,Micro_Enterprise,F,60,Tier2,494,0,Personal_Loan,385055.44,,,0.2391,18,538947.27,0.7145,609.5,1,2,21,3,3974.04,21435.03,18740.61,31,1,2,0,0,5
C00036,2026-01-26,Nairobi,Salaried,Permanent,M,23,Tier1,445,1,Personal_Loan,305085.08,,,0.2764,18,0.0,5.0,655.9,3,0,0,0,1747.92,83526.48,110695.52,27,5,0,0,0,7
C00037,2026-01-26,Machakos,SME_Services,Self_Employed,F,59,Tier3,370,1,Personal_Loan,477986.12,,,0.2432,24,341313.82,1.4004,731.0,2,0,5,5,15696.23,96691.53,90767.17,22,5,1,0,0,8
C00038,2026-01-26,Nakuru,SME_Services,Micro_Enterprise,M,58,Tier2,431,0,Personal_Loan,265494.12,,,0.2591,12,577850.24,0.4595,430.2,1,3,35,6,20020.14,114036.42,120529.1,16,5,2,0,0,8
C00039,2026-01-26,Mombasa,Salaried,Contract,M,33,Tier2,434,1,Overdraft,9736.34,177237.42,0.0988,0.2424,0,20942.28,0.4649,601.1,1,0,0,0,9204.71,45138.27,33612.05,22,8,2,0,0,22
C00041,2026-01-26,Mombasa,Construction,Micro_Enterprise,M,28,Tier2,446,0,Overdraft,171310.5,50000.0,1.8,0.2659,0,251950.73,0.6799,523.9,1,0,0,2,21708.2,63026.87,64856.41,18,5,1,0,0,30
C00042,2026-01-26,Kisumu,Construction,Micro_Enterprise,F,55,Tier3,399,1,Overdraft,296321.97,350312.58,0.8278,0.2037,0,104898.39,2.8248,579.5,2,2,18,4,1198.2,6086.96,5294.55,27,2,2,0,0,20
C00043,2026-01-26,Meru,Salaried,Permanent,F,52,Tier3,439,1,Personal_Loan,216604.01,,,0.1723,36,229558.54,0.9436,664.3,1,1,0,0,6896.65,149515.28,102276.84,41,3,0,0,0,11
C00046,2026-01-26,Uasin Gishu,SME_Services,Micro_Enterprise,F,64,Tier2,480,0,Personal_Loan,79883.56,,,0.2837,12,198224.29,0.403,681.2,2,1,0,1,24315.88,67719.47,58902.91,21,6,2,0,0,20
C00048,2026-01-26,Nairobi,SME_Services,Self_Employed,F,61,Tier2,420,0,Personal_Loan,168459.08,,,0.1884,36,245338.4,0.6866,612.4,1,3,3,5,15125.52,72026.56,61861.61,14,9,1,1,0,29
C00050,2026-01-26,Nairobi,SME_Trade,Self_Employed,M,56,Tier3,175,0,Personal_Loan,351016.59,,,0.2446,18,449646.31,0.7807,629.8,2,1,0,0,3199.03,60059.3,2231.65,22,1,0,0,0,32
C00052,2026-01-26,Uasin Gishu,Salaried,Permanent,M,29,Tier2,274,1,Credit_Card,40820.57,158202.7,0.4423,0.2725,0,,,517.6,1,0,25,4,18154.34,79001.03,97219.89,21,9,1,0,0,11
C00053,2026-01-26,Kiambu,Salaried,Contract,F,37,Tier2,459,1,Personal_Loan,330552.96,,,0.2405,18,,,664.8,1,1,0,0,18333.96,92392.62,72871.64,25,3,1,0,0,18
C00055,2026-01-26,Nairobi,Transport,Micro_Enterprise,M,43,Tier2,435,0,Personal_Loan,320180.02,,,0.2398,12,451108.82,0.7098,712.5,1,2,0,0,3905.37,13868.42,11203.89,16,4,1,0,0,31
C00057,2026-01-26,Nyeri,Salaried,Permanent,F,45,Tier3,420,1,SME_Loan,934588.06,,,0.2445,24,0.0,5.0,627.2,3,2,0,0,1108.4,4475.05,4658.2,48,11,1,0,0,34
C00058,2026-01-26,Nairobi,Transport,Micro_Enterprise,F,27,Tier1,457,0,Credit_Card,54175.07,170536.53,0.3007,0.2509,0,,,583.4,1,0,28,3,0.0,0.0,0.0,18,3,3,0,0,5
C00059,2026-01-26,Nairobi,Construction,Micro_Enterprise,F,54,Tier1,410,0,Overdraft,183775.24,116761.09,1.4858,0.1733,0,,,633.2,1,2,14,3,2867.23,52627.1,50607.09,20,3,2,0,0,18
C00062,2026-01-26,Nairobi,Other,Self_Employed,F,54,Tier2,417,0,Personal_Loan,101489.96,,,0.2144,18,300989.03,0.3372,535.0,1,0,0,3,1147.2,16232.11,14048.54,21,2,4,1,0,5
C00070,2026-01-26,Mombasa,Construction,Micro_Enterprise,M,42,Tier2,421,0,Personal_Loan,240517.23,,,0.1407,18,562815.56,0.4273,622.7,1,0,4,4,14558.0,83186.1,75115.22,10,5,1,0,0,14
C00074,2026-01-26,Nairobi,Agribusiness,Self_Employed,M,26,Tier2,444,0,Personal_Loan,239930.18,,,0.2052,12,492831.28,0.4868,519.2,1,0,0,3,4672.16,20320.11,15370.27,15,7,1,0,0,23
C00075,2026-01-26,Nairobi,Construction,Self_Employed,M,51,Tier2,437,0,Personal_Loan,603612.28,,,0.1949,12,539775.4,1.1183,634.6,1,0,4,6,8546.3,58915.27,43375.84,14,2,3,0,0,28
C00077,2026-01-26,Uasin Gishu,Agribusiness,Self_Employed,M,35,Tier2,341,1,Personal_Loan,389433.94,,,0.212,24,806405.94,0.4829,690.4,1,2,35,4,4214.46,19485.61,26238.05,14,5,0,0,0,213
C00078,2026-01-26,Kakamega,Hospitality,Self_Employed,M,31,Tier3,396,0,SME_Loan,733175.92,,,0.1602,36,213326.24,3.4369,603.5,2,3,0,0,3881.64,22541.27,22837.62,24,4,2,0,0,17
C00079,2026-01-26,Kisumu,Salaried,Permanent,M,46,Tier2,311,1,SME_Loan,797725.41,,,0.1766,12,327474.75,2.436,543.8,2,2,21,4,9277.62,76728.83,65080.09,32,5,1,0,0,17
C00081,2026-01-26,Machakos,Salaried,Permanent,M,63,Tier2,389,1,Personal_Loan,212687.86,,,0.1952,24,0.0,5.0,604.3,3,3,11,2,1580.62,70530.75,55749.6,24,3,1,0,0,28
C00083,2026-01-26,Nairobi,Salaried,Permanent,F,28,Tier3,459,1,SME_Loan,1049903.54,,,0.1537,24,732997.61,1.4323,506.2,2,1,23,2,3498.43,25464.0,9702.82,31,5,1,0,0,28
C00085,2026-01-26,Mombasa,SME_Trade,Self_Employed,F,49,Tier1,443,1,Personal_Loan,190982.31,,,0.1748,12,138208.99,1.3818,589.2,1,0,0,0,12978.53,79332.98,112814.28,14,2,1,0,0,21
C00086,2026-01-26,Machakos,Salaried,Permanent,F,52,Tier2,373,1,Personal_Loan,550208.58,,,0.2106,18,,,637.6,1,0,0,0,1642.16,5874.59,5821.51,37,9,2,0,0,34
C00090,2026-01-26,Nairobi,Agribusiness,Micro_Enterprise,M,58,Tier2,352,1,SME_Loan,517244.58,,,0.1653,48,0.0,5.0,587.8,1,3,20,3,0.0,0.0,0.0,16,6,2,0,0,28
C00091,2026-01-26,Mombasa,Salaried,Permanent,F,40,Tier2,493,1,SME_Loan,279618.61,,,0.2001,36,275895.92,1.0135,510.8,1,0,0,5,11382.79,76003.2,34535.99,32,7,0,0,0,25
C00097,2026-01-26,Kiambu,Transport,Self_Employed,F,31,Tier2,355,0,SME_Loan,727410.74,,,0.1633,24,560488.09,1.2978,427.1,2,0,49,3,13324.31,114519.22,118840.2,11,3,1,0,1,230
C00098,2026-01-26,Machakos,SME_Services,Self_Employed,M,51,Tier1,410,0,Personal_Loan,182505.27,,,0.1978,24,316931.13,0.5759,611.6,1,2,28,3,6031.72,52661.31,61829.36,15,6,1,0,0,22
C00099,2026-01-26,Kiambu,Transport,Micro_Enterprise,F,49,Tier3,338,0,Overdraft,142427.63,122169.69,1.0688,0.2583,0,264500.29,0.5385,458.0,1,0,33,4,6960.27,87802.39,102638.76,24,2,0,1,1,188
C00100,2026-01-26,Nairobi,Other,Self_Employed,M,27,Tier3,497,1,Personal_Loan,553638.28,,,0.2165,18,390317.56,1.4184,610.2,1,0,18,1,3929.42,11956.74,11547.03,22,6,1,0,0,11
C00102,2026-01-26,Machakos,Salaried,Permanent,M,29,Tier2,478,1,SME_Loan,526471.96,,,0.1912,12,118435.32,4.4452,454.4,1,0,59,5,5976.7,41311.28,43032.11,23,3,1,0,0,124
C00108,2026-01-26,Kisumu,Hospitality,Self_Employed,F,50,Tier1,471,1,Personal_Loan,505050.56,,,0.2196,18,538243.22,0.9383,577.0,1,0,0,3,0.0,44685.15,32661.0,23,5,2,0,0,30
C00109,2026-01-26,Mombasa,Salaried,Contract,F,42,Tier2,475,1,Personal_Loan,166647.81,,,0.2354,36,0.0,5.0,742.1,2,2,0,0,7835.41,65443.78,35549.79,34,6,1,0,0,28
C00111,2026-01-26,Kiambu,Salaried,Permanent,M,33,Tier2,301,1,SME_Loan,1158021.09,,,0.1418,12,200590.28,5.0,691.0,1,0,9,2,10899.75,115424.26,31981.24,22,2,2,0,0,32
C00114,2026-01-26,Kakamega,SME_Services,Micro_Enterprise,M,41,Tier3,328,0,Personal_Loan,348219.48,,,0.2184,18,621285.57,0.5605,640.4,3,0,1,4,8502.85,25308.18,15929.19,20,0,1,1,0,28
C00116,2026-01-26,Nyeri,SME_Trade,Micro_Enterprise,M,46,Tier1,383,0,SME_Loan,174186.75,,,0.2376,24,356897.34,0.4881,719.0,1,1,24,5,11809.58,49670.85,55116.09,15,2,1,0,0,31
C00121,2026-01-26,Nairobi,SME_Services,Micro_Enterprise,F,40,Tier1,510,0,Personal_Loan,373021.83,,,0.2168,12,0.0,5.0,675.5,1,1,0,2,2132.78,19836.83,11333.81,25,5,0,0,0,30
C00122,2026-01-26,Nyeri,Construction,Self_Employed,F,51,Tier3,344,1,Credit_Card,169954.32,198203.8,0.6202,0.3153,0,,,638.3,2,0,0,1,2214.75,7287.32,5675.46,21,2,1,0,0,7
C00124,2026-01-26,Uasin Gishu,Agribusiness,Self_Employed,M,42,Tier2,460,0,Personal_Loan,304135.65,,,0.1603,12,751895.94,0.4045,603.4,1,0,24,6,15327.98,55480.76,51668.23,15,4,1,0,0,28
C00126,2026-01-26,Kiambu,Salaried,Permanent,M,46,Tier2,485,1,Personal_Loan,142303.53,,,0.2661,36,525008.09,0.2711,624.7,1,1,2,0,7614.89,50010.84,49501.26,28,4,1,0,0,26
C00127,2026-01-26,Nairobi,Construction,Self_Employed,F,24,Tier3,423,1,Overdraft,68459.21,50000.0,1.0556,0.2198,0,159407.93,0.4295,574.5,4,1,2,3,3509.22,16900.56,20319.65,16,3,1,0,0,12
C00130,2026-01-26,Meru,SME_Trade,Self_Employed,M,49,Tier2,444,1,SME_Loan,487182.32,,,0.1777,48,607231.55,0.8023,687.8,3,2,0,0,0.0,0.0,0.0,22,3,0,0,0,7
C00133,2026-01-26,Machakos,SME_Services,Micro_Enterprise,F,25,Tier2,363,0,Personal_Loan,473570.35,,,0.2332,12,184077.35,2.5727,516.4,1,0,29,4,1798.28,53823.38,74920.86,14,3,0,1,1,226
C00137,2026-01-26,Nairobi,Salaried,Permanent,F,48,Tier3,479,1,SME_Loan,334305.9,,,0.2019,36,87213.84,3.8332,655.8,4,0,0,0,7583.78,51113.33,41798.25,40,6,2,0,0,6
C00138,2026-01-26,Nairobi,SME_Services,Self_Employed,F,22,Tier1,284,0,SME_Loan,954764.61,,,0.2006,36,174749.94,5.0,564.1,6,0,11,4,6316.32,25517.95,20528.58,14,4,2,0,0,14
C00139,2026-01-26,Kisumu,Agribusiness,Micro_Enterprise,M,36,Tier3,470,0,Personal_Loan,450119.03,,,0.2182,18,409956.29,1.098,600.3,1,1,21,5,11935.25,132850.88,141354.32,20,3,1,0,0,24
C00142,2026-01-26,Mombasa,Agribusiness,Self_Employed,M,30,Tier2,332,0,Personal_Loan,196128.95,,,0.2017,24,,,355.8,2,0,64,6,1450.82,40765.98,18007.32,22,0,0,1,1,127
C00143,2026-01-26,Nyeri,Agribusiness,Micro_Enterprise,M,33,Tier2,483,0,Personal_Loan,206014.33,,,0.1381,12,411046.11,0.5012,457.1,1,0,43,5,11898.33,99750.89,79052.94,17,6,0,1,0,178
C00145,2026-01-26,Kisumu,SME_Trade,Self_Employed,F,65,Tier2,420,1,SME_Loan,452064.23,,,0.1616,24,,,704.7,3,0,0,0,1414.26,27943.64,39835.1,21,7,0,0,0,25
C00147,2026-01-26,Mombasa,Salaried,Permanent,M,22,Tier1,343,1,Overdraft,397163.33,221820.49,1.8,0.238,0,118005.22,3.3656,575.4,3,0,13,4,22739.81,85783.25,64804.95,29,3,2,0,0,6
C00152,2026-01-26,Nairobi,Construction,Micro_Enterprise,F,33,Tier2,334,1,Overdraft,101845.49,50000.0,1.6401,0.3212,0,64871.83,1.5699,657.3,1,1,31,6,1050.87,49664.42,43544.57,25,3,1,0,0,18
C00154,2026-01-26,Nairobi,Salaried,Permanent,F,34,Tier3,350,1,SME_Loan,532910.1,,,0.2452,24,625254.3,0.8523,683.9,2,0,2,3,21575.59,104342.97,99751.57,29,6,1,0,0,8
C00157,2026-01-26,Mombasa,SME_Trade,Self_Employed,F,26,Tier2,388,0,Personal_Loan,226307.21,,,0.2206,12,172260.14,1.3138,513.6,1,2,21,4,7389.72,43359.78,2845.07,8,5,0,0,0,13
C00159,2026-01-26,Nairobi,SME_Trade,Micro_Enterprise,M,43,Tier2,403,1,Personal_Loan,439210.92,,,0.1408,36,583439.68,0.7528,667.1,1,1,9,2,7355.99,26721.7,27759.86,22,7,1,0,0,10
C00161,2026-01-26,Nairobi,Salaried,Permanent,F,65,Tier3,400,1,Personal_Loan,280598.72,,,0.295,36,687934.31,0.4079,605.3,2,1,0,0,15081.14,108278.99,119104.44,36,6,1,0,0,14
C00162,2026-01-26,Machakos,SME_Trade,Micro_Enterprise,F,50,Tier2,419,0,SME_Loan,283161.67,,,0.2159,24,317995.19,0.8905,589.3,2,0,14,4,0.0,112107.85,59681.58,15,3,1,0,0,30
C00163,2026-01-26,Mombasa,SME_Services,Micro_Enterprise,M,39,Tier2,491,0,Personal_Loan,462342.81,,,0.2156,12,456674.94,1.0124,578.7,1,1,3,5,0.0,0.0,0.0,21,3,2,0,0,14
C00164,2026-01-26,Nairobi,SME_Trade,Micro_Enterprise,M,39,Tier2,319,0,Personal_Loan,379170.45,,,0.1847,36,243180.96,1.5592,595.1,3,2,34,3,34753.11,162344.74,192677.27,21,2,2,1,0,5
C00166,2026-01-26,Kisumu,Salaried,Contract,F,57,Tier1,418,1,Overdraft,201702.77,127398.45,1.8,0.2576,0,0.0,5.0,609.7,1,1,0,0,42066.74,201415.5,138744.73,23,5,0,0,0,34
C00168,2026-01-26,Nyeri,Salaried,Permanent,M,28,Tier1,441,1,Personal_Loan,289545.48,,,0.2054,24,248403.64,1.1656,576.7,1,1,26,3,0.0,142734.72,162809.53,24,5,1,0,0,23
C00169,2026-01-26,Nairobi,Construction,Micro_Enterprise,M,36,Tier1,393,1,Personal_Loan,447261.98,,,0.2004,18,,,526.2,1,1,22,4,22076.35,133703.14,133187.03,18,2,2,1,0,19
C00175,2026-01-26,Kakamega,SME_Trade,Self_Employed,F,52,Tier2,443,0,Personal_Loan,218030.17,,,0.3023,12,357291.77,0.6102,682.6,1,0,1,0,5996.94,26681.3,39881.58,18,4,0,1,1,155
C00176,2026-01-26,Kiambu,SME_Trade,Self_Employed,F,41,Tier3,473,0,SME_Loan,611099.06,,,0.1226,36,465735.65,1.3121,519.8,2,0,10,4,164.98,857.89,999.92,21,1,1,0,0,19
C00180,2026-01-26,Uasin Gishu,Salaried,Permanent,F,43,Tier1,330,1,SME_Loan,404003.97,,,0.2516,48,1079321.34,0.3743,529.4,3,0,4,0,1919.68,15739.81,8990.25,26,6,1,0,0,21
C00182,2026-01-26,Kisumu,Salaried,Contract,M,27,Tier2,440,1,Personal_Loan,478171.78,,,0.2244,24,175503.62,2.7246,530.3,1,0,54,2,49995.1,217260.59,186074.97,26,9,0,0,0,19
C00183,2026-01-26,Kiambu,Salaried,Permanent,M,43,Tier1,394,1,Overdraft,81638.58,253035.3,0.2809,0.2393,0,11041.19,5.0,580.0,3,0,22,2,18333.57,108161.32,73137.46,19,9,1,0,1,134
C00185,2026-01-26,Kiambu,Transport,Micro_Enterprise,M,43,Tier2,420,0,Overdraft,47202.24,197237.26,0.1886,0.1994,0,256632.56,0.1839,620.0,1,0,14,2,16285.65,96159.43,134900.88,16,3,2,0,0,22
C00186,2026-01-26,Nairobi,Hospitality,Self_Employed,F,41,Tier1,440,1,SME_Loan,924998.48,,,0.1627,36,0.0,5.0,603.1,3,2,0,2,12919.37,65651.32,37869.76,16,2,0,0,0,10
C00188,2026-01-26,Nairobi,Salaried,Permanent,M,38,Tier2,405,1,Personal_Loan,622586.07,,,0.2104,36,405105.02,1.5369,500.1,1,1,2,4,13539.55,87914.16,23264.82,23,7,0,0,0,12
C00190,2026-01-26,Nairobi,Hospitality,Self_Employed,F,34,Tier1,469,0,Overdraft,206919.45,353106.06,0.6386,0.1958,0,148831.81,1.3903,587.4,1,3,3,5,14888.02,140075.16,97753.33,17,3,1,0,0,24
C00197,2026-01-26,Meru,Salaried,Permanent,F,36,Tier1,453,1,Personal_Loan,563436.49,,,0.2194,36,144907.37,3.8883,537.5,1,2,0,0,16661.39,57310.11,59905.44,19,4,0,0,0,8
C00198,2026-01-26,Mombasa,Agribusiness,Micro_Enterprise,M,26,Tier2,459,0,Personal_Loan,73539.36,,,0.2369,24,103530.79,0.7103,531.4,1,1,14,6,9706.19,35992.91,23361.68,18,2,0,0,0,168
C00200,2026-01-26,Kisumu,Salaried,Permanent,M,64,Tier2,428,1,Credit_Card,0.0,212143.75,0.0,0.2697,0,,,728.6,1,0,0,1,7458.58,64893.17,61492.04,30,9,0,0,0,11
C00202,2026-01-26,Nakuru,SME_Trade,Micro_Enterprise,F,61,Tier1,390,1,SME_Loan,1119836.44,,,0.243,48,35948.73,5.0,666.3,2,0,3,3,11546.5,61605.26,43046.71,14,1,1,0,0,224
C00205,2026-01-26,Kakamega,SME_Trade,Self_Employed,M,41,Tier2,468,0,SME_Loan,990934.87,,,0.2125,12,609455.09,1.6259,541.8,2,0,0,1,2451.34,135959.45,103631.7,12,0,1,0,0,28
C00206,2026-01-26,Nakuru,Salaried,Contract,M,32,Tier3,477,1,SME_Loan,194367.68,,,0.1503,24,488604.79,0.3978,730.0,2,1,0,0,45252.03,236676.66,234075.79,29,8,0,0,0,13
C00208,2026-01-26,Kiambu,SME_Services,Self_Employed,F,64,Tier2,357,0,Personal_Loan,120708.41,,,0.25,12,325367.1,0.371,646.8,2,1,2,4,6401.72,29249.28,14557.9,15,5,1,0,0,25
C00209,2026-01-26,Nairobi,Salaried,Permanent,M,32,Tier2,303,1,Overdraft,52363.27,174079.41,0.3769,0.1433,0,235096.73,0.2227,702.4,3,1,0,0,17292.73,105704.86,126961.68,23,6,0,0,0,10
C00213,2026-01-26,Nairobi,Agribusiness,Self_Employed,M,56,Tier2,314,1,Personal_Loan,414811.45,,,0.1744,36,723585.92,0.5733,664.5,3,1,0,0,0.0,0.0,0.0,18,4,2,0,0,9
C00214,2026-01-26,Kiambu,SME_Services,Self_Employed,F,41,Tier3,420,0,SME_Loan,310735.45,,,0.1362,24,561591.02,0.5533,691.7,2,1,4,6,5744.94,55076.32,62173.63,14,3,3,0,0,15
C00215,2026-01-26,Nairobi,Salaried,Contract,M,54,Tier2,143,1,Overdraft,22272.02,374127.27,0.0526,0.2161,0,0.0,5.0,617.6,1,1,21,2,0.0,22062.93,25676.63,22,7,3,0,0,12
C00216,2026-01-26,Machakos,Salaried,Permanent,F,33,Tier3,278,1,Personal_Loan,306552.75,,,0.1911,12,,,693.7,1,2,7,2,24428.05,124523.07,114359.39,21,9,1,0,0,34
C00223,2026-01-26,Nyeri,Transport,Self_Employed,M,52,Tier2,449,0,Personal_Loan,404310.56,,,0.2056,24,,,573.5,1,0,43,6,13462.79,55623.6,44400.8,17,6,0,0,0,19
C00226,2026-01-26,Nairobi,Salaried,Permanent,F,34,Tier2,465,1,Personal_Loan,480264.89,,,0.2189,18,427082.11,1.1245,644.0,2,2,0,0,6382.15,42121.66,29757.24,25,4,2,0,0,21
C00227,2026-01-26,Nairobi,Salaried,Permanent,M,57,Tier2,484,1,Personal_Loan,106374.59,,,0.2288,12,626079.96,0.1699,633.8,1,3,10,3,7061.43,68747.75,18818.45,33,6,0,0,0,12
C00229,2026-01-26,Nakuru,Agribusiness,Micro_Enterprise,M,45,Tier1,419,0,Personal_Loan,642859.11,,,0.2663,12,,,670.0,1,2,0,0,17496.77,93867.47,90636.9,14,5,1,0,0,19
C00231,2026-01-26,Nairobi,SME_Trade,Micro_Enterprise,M,41,Tier1,449,0,Credit_Card,190772.11,150646.04,1.2776,0.3307,0,,,581.5,1,1,10,5,60.37,9362.25,7343.34,14,4,2,1,1,228
C00232,2026-01-26,Nairobi,SME_Services,Micro_Enterprise,F,59,Tier1,435,0,Personal_Loan,570532.28,,,0.2196,36,422056.47,1.3518,538.7,1,1,25,5,232.81,1340.41,1135.93,21,7,2,0,0,29
C00234,2026-01-26,Mombasa,Transport,Micro_Enterprise,F,55,Tier1,392,1,Personal_Loan,289610.87,,,0.1668,36,0.0,5.0,647.0,3,3,5,5,4269.71,30938.38,18570.84,9,3,1,0,0,29
C00235,2026-01-26,Kakamega,SME_Services,Self_Employed,M,43,Tier2,387,0,Personal_Loan,264363.38,,,0.1388,18,350702.65,0.7538,644.9,2,1,0,0,42.5,349.7,181.36,25,3,1,0,0,9
C00236,2026-01-26,Kakamega,Agribusiness,Micro_Enterprise,M,53,Tier1,408,0,Personal_Loan,253509.22,,,0.2834,36,0.0,5.0,671.7,2,0,0,1,12792.63,69793.17,31386.8,12,5,1,0,0,16
C00237,2026-01-26,Kakamega,Salaried,Permanent,F,50,Tier2,460,1,Personal_Loan,400269.37,,,0.2624,12,378866.32,1.0565,586.5,2,0,0,0,725.52,89560.08,61748.02,24,4,1,0,0,33
C00239,2026-01-26,Kisumu,Salaried,Contract,M,34,Tier1,490,1,Overdraft,0.0,536059.13,0.0463,0.2425,0,74687.83,0.05,596.4,1,0,1,1,27822.26,82065.36,95811.1,18,6,0,1,0,34
C00246,2026-01-26,Nairobi,Hospitality,Micro_Enterprise,M,24,Tier2,422,0,Personal_Loan,214700.96,,,0.2607,12,690303.62,0.311,655.8,3,0,5,0,3403.33,18483.26,27457.27,20,2,1,0,0,26
C00247,2026-01-26,Nyeri,Transport,Self_Employed,F,55,Tier3,414,0,Personal_Loan,424681.47,,,0.2357,12,0.0,5.0,300.0,1,1,87,6,6165.47,99837.47,108862.68,22,4,2,1,0,141
C00248,2026-01-26,Mombasa,SME_Trade,Self_Employed,F,39,Tier2,473,0,Credit_Card,7897.47,335641.54,0.0777,0.3546,0,,,738.9,1,0,0,2,34170.16,113509.83,132029.42,15,5,1,0,0,22
C00252,2026-01-26,Nakuru,Salaried,Permanent,F,43,Tier2,390,1,SME_Loan,434991.96,,,0.2962,36,0.0,5.0,656.9,2,2,0,1,5791.04,68815.49,88453.1,11,6,1,0,0,31
C00253,2026-01-26,Nairobi,SME_Trade,Self_Employed,M,29,Tier1,400,0,SME_Loan,337968.25,,,0.1958,36,574249.72,0.5885,655.6,3,0,0,0,1482.53,26370.89,21279.85,12,4,1,0,0,7
C00263,2026-01-26,Kisumu,Construction,Self_Employed,F,34,Tier2,475,1,SME_Loan,1030454.72,,,0.1689,36,0.0,5.0,644.7,3,4,0,3,0.0,0.0,0.0,23,7,1,1,0,28
C00268,2026-01-26,Nairobi,SME_Trade,Self_Employed,F,36,Tier2,480,0,Personal_Loan,320931.62,,,0.2039,18,,,664.6,1,2,0,0,1687.19,12287.77,7519.96,23,5,1,0,0,18
C00272,2026-01-26,Nairobi,Other,Self_Employed,F,22,Tier2,438,0,Personal_Loan,280072.5,,,0.2737,18,265685.31,1.0542,573.4,2,0,0,1,7773.13,94226.98,94379.7,18,4,2,0,0,33
C00273,2026-01-26,Kisumu,Construction,Micro_Enterprise,F,27,Tier3,480,0,SME_Loan,884831.54,,,0.1675,12,384765.47,2.2997,538.0,1,1,53,4,0.0,117904.96,97121.02,22,2,0,0,0,20
C00274,2026-01-26,Kiambu,SME_Trade,Self_Employed,F,64,Tier2,441,0,Overdraft,207978.41,281712.97,0.6743,0.2561,0,,,627.0,1,1,26,6,4063.92,15876.37,21752.63,15,3,0,0,0,14
C00277,2026-01-26,Mombasa,Agribusiness,Micro_Enterprise,M,42,Tier3,444,0,Personal_Loan,83603.45,,,0.2141,24,767843.25,0.1089,745.3,1,3,0,0,17387.12,70567.36,65944.45,16,4,1,0,0,33
C00279,2026-01-26,Nyeri,Salaried,Permanent,M,23,Tier2,403,1,Credit_Card,154190.75,209933.04,0.7805,0.3972,0,,,651.2,1,0,0,0,20367.93,102513.25,132431.08,18,7,1,0,0,15
C00281,2026-01-26,Mombasa,Salaried,Permanent,F,33,Tier3,428,1,Personal_Loan,305564.22,,,0.2156,36,387872.65,0.7878,662.5,1,1,0,0,36633.32,151462.93,172718.03,32,4,0,0,0,31
C00282,2026-01-26,Meru,Hospitality,Self_Employed,M,42,Tier3,399,0,Personal_Loan,230105.05,,,0.1931,18,233274.91,0.9864,639.4,1,0,0,0,338.53,2821.46,749.81,23,2,3,0,0,29
C00284,2026-01-26,Mombasa,Construction,Self_Employed,F,43,Tier2,409,0,Overdraft,37771.47,368883.95,0.1089,0.2025,0,120722.91,0.3129,603.8,1,1,23,5,0.0,38654.28,36513.78,22,3,2,0,0,19
C00285,2026-01-26,Meru,SME_Trade,Self_Employed,F,40,Tier2,411,1,SME_Loan,687243.17,,,0.2276,36,339948.56,2.0216,562.1,2,1,40,5,16998.8,68197.5,78041.84,16,6,0,0,1,207
C00286,2026-01-26,Machakos,Salaried,Contract,M,63,Tier3,448,1,Overdraft,115993.2,65665.48,1.6795,0.2466,0,,,735.6,2,2,5,0,897.14,44212.42,68710.93,36,6,0,0,0,21
C00288,2026-01-26,Uasin Gishu,SME_Services,Self_Employed,F,46,Tier2,417,1,Personal_Loan,205420.49,,,0.2094,24,754034.76,0.2724,669.3,5,1,18,6,21735.82,88288.24,84905.83,28,5,0,0,0,24
C00289,2026-01-26,Mombasa,Salaried,Contract,M,45,Tier2,472,1,Credit_Card,18537.54,291583.45,0.0681,0.2181,0,,,616.5,1,1,0,0,11180.63,159061.64,136132.53,24,2,0,0,1,9
C00292,2026-01-26,Nakuru,Salaried,Permanent,M,33,Tier2,446,1,SME_Loan,953309.55,,,0.2179,24,1014224.47,0.9399,509.0,1,1,3,3,12057.26,143181.96,132340.88,20,7,2,0,0,21
C00294,2026-01-26,Uasin Gishu,SME_Services,Self_Employed,M,35,Tier2,413,0,Credit_Card,67903.84,89390.48,1.2435,0.206,0,,,630.7,1,0,5,6,18077.45,87996.9,64597.3,19,4,1,0,0,238
C00296,2026-01-26,Nairobi,Salaried,Permanent,F,44,Tier2,344,1,SME_Loan,935817.66,,,0.1585,12,405445.75,2.3081,577.8,2,1,19,4,1805.55,91135.9,69781.62,22,7,0,0,0,23
C00298,2026-01-26,Uasin Gishu,SME_Trade,Self_Employed,M,40,Tier2,493,0,SME_Loan,1111514.24,,,0.1046,24,584569.98,1.9014,672.8,2,1,0,0,26662.63,168019.27,110500.63,15,1,1,0,0,31
C00306,2026-01-26,Meru,Hospitality,Self_Employed,M,27,Tier3,483,0,SME_Loan,440139.53,,,0.2067,36,355291.28,1.2388,685.3,1,0,0,0,2147.63,27234.41,21224.73,24,4,0,0,0,13
C00308,2026-01-26,Mombasa,Other,Self_Employed,M,45,Tier2,427,1,SME_Loan,350552.28,,,0.2414,48,28242.95,5.0,624.6,3,0,34,6,13525.36,73992.77,47961.22,13,6,0,0,0,28
C00310,2026-01-26,Nairobi,Transport,Self_Employed,F,25,Tier2,307,1,Credit_Card,138785.19,234509.99,0.6542,0.4067,0,,,611.4,1,1,9,5,1752.58,52094.89,75365.81,17,2,1,0,0,15
C00311,2026-01-26,Kakamega,Construction,Self_Employed,M,50,Tier2,392,0,Overdraft,49997.32,188355.92,0.3398,0.1877,0,,,454.1,2,2,25,2,11061.24,52755.76,33223.86,18,3,1,0,0,23
C00312,2026-01-26,Mombasa,Hospitality,Self_Employed,F,51,Tier1,493,0,Personal_Loan,266265.15,,,0.223,36,727678.2,0.3659,639.2,2,0,0,0,16446.3,77692.95,74625.16,16,6,2,0,0,27
C00313,2026-01-26,Nairobi,SME_Trade,Micro_Enterprise,M,26,Tier2,452,1,Overdraft,217490.29,129080.4,1.8,0.2861,0,,,667.4,1,0,0,0,2057.58,7349.39,6384.94,17,1,0,0,0,5
C00317,2026-01-26,Kiambu,Salaried,Permanent,M,53,Tier1,307,1,SME_Loan,733686.48,,,0.2416,36,631835.06,1.1612,708.7,1,0,9,3,20705.89,185579.98,78882.2,26,7,1,0,0,26
C00318,2026-01-26,Nairobi,SME_Services,Self_Employed,M,53,Tier3,467,0,SME_Loan,912223.63,,,0.1672,12,903289.69,1.0099,511.1,2,2,12,4,25469.34,193234.45,164548.45,14,4,3,0,0,20
C00320,2026-01-26,Meru,Salaried,Permanent,M,55,Tier1,315,1,SME_Loan,505963.54,,,0.1348,24,817177.61,0.6192,431.8,2,2,13,3,9006.66,53507.12,50419.44,22,3,0,1,1,135
C00322,2026-01-26,Nairobi,Salaried,Contract,F,25,Tier2,487,1,Personal_Loan,304441.98,,,0.154,18,0.0,5.0,643.5,2,2,6,2,337.52,75948.84,96502.42,19,6,0,0,0,27
C00324,2026-01-26,Meru,SME_Services,Self_Employed,M,62,Tier2,408,1,Personal_Loan,214865.17,,,0.1998,18,416585.41,0.5158,690.8,1,1,10,3,471.92,136283.18,105754.38,15,3,1,1,0,152
C00326,2026-01-26,Nairobi,Salaried,Permanent,M,31,Tier2,444,1,Credit_Card,94551.33,238510.29,0.4207,0.3486,0,,,591.3,1,0,1,2,4909.76,39184.2,11192.11,22,9,1,0,0,19
C00328,2026-01-26,Kiambu,Agribusiness,Micro_Enterprise,F,22,Tier2,454,0,Personal_Loan,390782.33,,,0.2157,24,235588.21,1.6588,685.7,1,0,4,6,5189.49,39837.98,41198.83,19,4,1,0,0,10
C00332,2026-01-26,Mombasa,Salaried,Permanent,F,37,Tier2,383,1,Credit_Card,0.0,149387.05,0.0,0.2778,0,,,622.5,1,2,0,0,30021.8,144788.84,185808.49,30,6,2,0,0,10
C00333,2026-01-26,Mombasa,Salaried,Permanent,M,34,Tier2,398,1,Overdraft,39363.86,267964.54,0.0777,0.2368,0,123712.22,0.3182,459.7,1,4,57,3,97.75,38798.43,42311.76,30,11,0,1,0,234
C00339,2026-01-26,Nakuru,SME_Trade,Self_Employed,M,30,Tier2,425,0,SME_Loan,709845.32,,,0.1683,24,,,532.6,5,0,0,0,15179.17,59189.96,32402.59,22,6,1,0,0,21
C00340,2026-01-26,Uasin Gishu,SME_Trade,Micro_Enterprise,M,63,Tier2,434,0,Overdraft,3239.78,186812.02,0.0,0.2926,0,141153.06,0.05,556.3,2,0,11,2,1074.91,112894.75,69689.87,13,2,2,0,0,15
C00343,2026-01-26,Uasin Gishu,Salaried,Permanent,M,48,Tier1,410,1,Overdraft,12531.72,409211.54,0.0,0.2638,0,127614.46,0.0982,646.2,6,2,0,0,17.34,45937.27,33018.03,25,9,1,0,0,30
C00346,2026-01-26,Uasin Gishu,SME_Services,Micro_Enterprise,F,32,Tier2,470,0,Personal_Loan,94319.04,,,0.2826,36,193407.55,0.4877,606.9,1,0,0,0,0.0,0.0,0.0,19,1,4,0,0,9
C00349,2026-01-26,Nakuru,SME_Services,Micro_Enterprise,F,29,Tier2,340,1,Credit_Card,74258.54,35555.2,1.3036,0.2014,0,,,646.4,4,0,0,2,1838.61,10532.55,12981.78,19,5,3,0,0,25
C00350,2026-01-26,Kisumu,Other,Self_Employed,F,28,Tier3,391,1,SME_Loan,170629.47,,,0.1733,24,730899.6,0.2335,665.9,2,1,0,1,8992.73,60713.51,61749.28,25,0,0,0,0,23
C00353,2026-01-26,Kakamega,SME_Trade,Micro_Enterprise,M,34,Tier2,376,0,Overdraft,0.0,50000.0,0.0,0.2407,0,0.0,0.05,564.4,1,0,0,0,34610.28,94246.8,36333.11,17,8,3,0,0,9
C00355,2026-01-26,Nakuru,Agribusiness,Self_Employed,M,64,Tier2,451,1,Overdraft,238776.26,255772.79,0.9695,0.2421,0,165027.68,1.4469,546.0,1,0,0,0,14590.22,98241.17,42323.98,19,2,0,0,0,16
C00356,2026-01-26,Nakuru,Agribusiness,Micro_Enterprise,M,65,Tier2,438,0,Personal_Loan,581280.6,,,0.2194,36,,,600.9,1,0,0,1,7724.52,144131.48,87990.41,26,4,1,0,0,22
C00358,2026-01-26,Uasin Gishu,SME_Trade,Micro_Enterprise,M,61,Tier2,288,0,Personal_Loan,357615.29,,,0.2618,12,475657.01,0.7518,652.9,3,1,0,1,15431.81,63919.67,57517.17,15,6,1,0,0,13
C00363,2026-01-26,Nairobi,SME_Trade,Self_Employed,F,31,Tier2,406,1,Personal_Loan,114850.81,,,0.2093,24,0.0,5.0,529.1,2,1,32,6,5147.59,42036.88,42869.96,12,6,0,1,0,165
C00364,2026-01-26,Kiambu,SME_Trade,Micro_Enterprise,M,61,Tier3,500,0,SME_Loan,330930.07,,,0.2004,36,346755.73,0.9544,488.6,2,0,0,0,22189.53,162968.49,174740.81,19,2,1,0,0,31
C00365,2026-01-26,Uasin Gishu,SME_Trade,Self_Employed,F,26,Tier1,426,0,SME_Loan,618918.92,,,0.2417,36,588262.45,1.0521,552.1,3,1,31,5,0.0,0.0,0.0,27,2,2,1,0,207
C00368,2026-01-26,Meru,SME_Services,Self_Employed,F,35,Tier3,368,0,Credit_Card,114633.47,182315.51,0.6806,0.3088,0,,,616.6,1,0,0,2,1775.14,107538.17,94907.22,18,3,0,0,0,31
C00370,2026-01-26,Nairobi,Construction,Micro_Enterprise,F,55,Tier3,464,0,Personal_Loan,382750.73,,,0.2507,24,857585.88,0.4463,584.1,1,0,2,6,1788.99,32699.65,25720.52,32,5,1,0,0,18
C00372,2026-01-26,Mombasa,Other,Micro_Enterprise,F,50,Tier3,483,1,Personal_Loan,265159.21,,,0.211,36,508136.92,0.5218,739.9,1,0,5,4,5313.14,28972.38,26084.04,19,4,2,0,0,17
C00373,2026-01-26,Kiambu,Construction,Micro_Enterprise,F,39,Tier1,430,0,SME_Loan,179271.69,,,0.1967,36,194548.27,0.9215,544.2,1,0,2,6,5771.78,19665.65,13632.5,23,3,1,0,0,11
C00378,2026-01-26,Machakos,SME_Services,Self_Employed,F,54,Tier2,329,0,Credit_Card,74594.24,49782.83,1.8,0.2525,0,,,619.1,5,2,10,5,17086.43,100785.98,88501.93,16,3,0,0,0,16
C00379,2026-01-26,Nairobi,Salaried,Permanent,F,38,Tier2,435,1,SME_Loan,610800.0,,,0.2034,36,337635.27,1.8091,656.2,2,2,34,3,0.0,21732.42,16128.61,29,8,1,0,0,14
C00380,2026-01-26,Mombasa,SME_Services,Micro_Enterprise,F,32,Tier2,389,1,Personal_Loan,440569.67,,,0.195,24,837393.9,0.5261,453.2,1,3,23,6,7184.7,61994.37,29714.29,9,5,0,0,0,11
C00386,2026-01-26,Kiambu,Agribusiness,Micro_Enterprise,M,26,Tier2,433,0,Personal_Loan,266824.18,,,0.1463,36,440958.64,0.6051,632.3,1,2,9,4,0.0,84749.59,94842.32,19,4,1,0,0,10
C00387,2026-01-26,Nairobi,SME_Trade,Self_Employed,F,24,Tier3,471,0,Overdraft,37683.0,457193.92,0.1572,0.2977,0,,,603.3,2,1,0,1,43016.99,116228.7,66867.98,22,4,1,1,0,9
C00389,2026-01-26,Nairobi,Salaried,Permanent,M,61,Tier1,451,1,SME_Loan,477101.85,,,0.1809,36,439941.58,1.0845,646.5,3,0,13,6,0.0,95821.55,86310.45,31,6,2,0,0,27
C00390,2026-01-26,Nakuru,Salaried,Permanent,M,27,Tier3,379,1,Credit_Card,168320.31,206279.91,0.868,0.2092,0,,,667.2,1,0,0,0,17911.93,83429.77,74497.6,31,2,1,0,0,10
C00394,2026-01-26,Mombasa,SME_Services,Self_Employed,M,47,Tier3,424,0,Credit_Card,0.0,268020.34,0.0196,0.2193,0,,,559.7,1,0,20,3,618.03,19678.22,17657.37,28,7,0,0,0,31
C00396,2026-01-26,Nairobi,Agribusiness,Micro_Enterprise,M,60,Tier1,333,0,SME_Loan,710966.46,,,0.1804,36,,,560.5,1,0,0,0,8189.31,78122.94,63009.65,12,3,0,0,0,11
C00398,2026-01-26,Nairobi,SME_Trade,Self_Employed,M,29,Tier1,444,1,Personal_Loan,497058.3,,,0.3176,12,419327.92,1.1854,633.4,1,0,0,1,24777.37,88896.96,38017.58,18,4,3,1,0,20
C00400,2026-01-26,Nairobi,Salaried,Permanent,F,34,Tier1,510,1,Personal_Loan,255216.85,,,0.2029,36,588493.8,0.4337,537.5,1,2,19,2,14638.79,63635.74,20346.74,27,4,0,0,0,18
C00403,2026-01-26,Uasin Gishu,SME_Trade,Self_Employed,M,35,Tier2,442,0,SME_Loan,579111.18,,,0.1578,36,161481.48,3.5862,709.2,2,1,4,1,4596.2,66489.55,63686.18,19,2,0,0,0,21
C00406,2026-01-26,Nairobi,Hospitality,Self_Employed,M,43,Tier3,419,0,SME_Loan,1082552.15,,,0.062,36,12642.16,5.0,630.8,2,3,0,0,12545.0,71354.97,46325.03,16,2,2,0,0,18
C00409,2026-01-26,Nairobi,Salaried,Contract,F,63,Tier3,436,1,Personal_Loan,285442.05,,,0.2476,18,769954.73,0.3707,606.0,1,0,24,3,25551.46,184132.51,261022.45,36,1,1,0,0,25
C00410,2026-01-26,Machakos,SME_Trade,Self_Employed,F,21,Tier3,460,0,SME_Loan,1186909.41,,,0.2155,12,0.0,5.0,581.1,2,2,8,3,8926.05,39273.22,17970.78,25,6,1,0,0,20
C00414,2026-01-26,Nairobi,SME_Services,Micro_Enterprise,F,26,Tier1,318,0,Overdraft,218707.57,255518.2,0.8038,0.2201,0,126391.4,1.7304,648.5,2,1,7,3,0.0,0.0,0.0,23,3,1,0,0,24
C00418,2026-01-26,Kakamega,Salaried,Permanent,F,26,Tier3,476,1,Personal_Loan,48205.52,,,0.2769,18,0.0,5.0,524.5,1,0,0,1,17414.06,135197.39,129920.91,30,6,0,0,0,8
C00419,2026-01-26,Kiambu,Salaried,Permanent,F,34,Tier2,403,1,Personal_Loan,375719.3,,,0.2007,18,818645.42,0.459,632.7,1,0,0,0,9309.81,58721.35,49496.68,28,10,1,0,0,9
C00424,2026-01-26,Nakuru,Salaried,Permanent,F,47,Tier1,459,1,SME_Loan,550517.03,,,0.2981,36,1659.29,5.0,538.8,2,3,44,3,6706.82,85566.48,125541.74,18,6,0,0,0,11
C00425,2026-01-26,Nakuru,Construction,Self_Employed,F,39,Tier3,315,1,Credit_Card,65200.3,213225.72,0.1697,0.2704,0,,,628.3,1,1,8,5,23715.57,96445.27,110198.85,15,4,3,0,0,24
C00427,2026-01-26,Nairobi,SME_Trade,Self_Employed,F,59,Tier2,366,1,Personal_Loan,202274.56,,,0.2586,24,,,649.8,1,0,0,0,27918.72,117787.71,61621.6,15,5,1,0,0,26
C00428,2026-01-26,Nakuru,SME_Trade,Micro_Enterprise,M,57,Tier2,402,1,Personal_Loan,65496.02,,,0.2545,18,861255.19,0.076,680.6,2,1,8,5,461.06,8843.86,7159.6,13,3,1,0,0,34
C00429,2026-01-26,Machakos,Agribusiness,Self_Employed,F,22,Tier2,348,0,Personal_Loan,219178.5,,,0.2704,36,587156.83,0.3733,558.1,1,1,12,4,2583.3,42244.97,34816.13,18,3,3,0,0,24
C00435,2026-01-26,Kisumu,Agribusiness,Self_Employed,M,40,Tier1,422,0,Personal_Loan,188354.37,,,0.2134,36,0.0,5.0,655.8,1,0,0,1,3094.76,64201.54,29033.17,25,2,1,0,0,20
C00440,2026-01-26,Kakamega,SME_Services,Micro_Enterprise,M,38,Tier1,429,0,Personal_Loan,0.0,,,0.1996,24,83779.25,0.05,641.3,1,2,1,1,5792.22,43164.88,44936.86,28,3,1,0,0,26
C00445,2026-01-26,Machakos,SME_Trade,Self_Employed,M,43,Tier2,472,0,Personal_Loan,345727.09,,,0.1632,24,497217.93,0.6953,528.3,2,2,16,2,14892.68,133632.47,97487.19,13,2,2,0,0,13
C00447,2026-01-26,Nairobi,SME_Services,Micro_Enterprise,F,35,Tier2,442,0,Personal_Loan,348715.37,,,0.2012,12,109551.32,3.1831,455.4,1,0,36,4,11531.84,96415.74,61213.54,19,2,2,1,1,127
C00452,2026-01-26,Nairobi,Other,Micro_Enterprise,M,62,Tier2,314,0,Personal_Loan,647149.49,,,0.1642,24,,,654.5,2,0,10,2,10006.9,115374.19,83113.69,16,2,2,0,0,29
C00456,2026-01-26,Kisumu,Transport,Micro_Enterprise,M,45,Tier2,362,1,Overdraft,35797.89,408741.42,0.144,0.2671,0,22570.18,1.5861,624.5,1,1,5,6,4741.65,21564.63,25304.17,15,3,0,0,0,7
C00459,2026-01-26,Nairobi,Salaried,Permanent,F,58,Tier2,487,1,SME_Loan,1002186.63,,,0.2208,36,15307.5,5.0,694.4,1,2,0,0,0.0,75530.87,58768.49,22,6,0,0,0,22
C00465,2026-01-26,Nairobi,Salaried,Permanent,M,21,Tier2,401,1,Personal_Loan,104279.36,,,0.2209,18,285587.38,0.3651,393.2,1,0,34,4,0.0,0.0,0.0,31,8,2,0,0,31
C00467,2026-01-26,Meru,Other,Self_Employed,F,28,Tier2,357,0,Personal_Loan,353838.58,,,0.2309,12,552477.28,0.6405,686.8,1,2,0,1,12850.87,38823.62,28438.39,19,6,2,0,0,22
C00468,2026-01-26,Nyeri,Other,Micro_Enterprise,M,47,Tier2,494,1,Personal_Loan,108999.41,,,0.1889,24,,,651.9,1,0,3,5,1303.58,7048.12,7810.75,20,6,2,0,0,9
C00470,2026-01-26,Nairobi,Salaried,Permanent,F,62,Tier2,431,1,Personal_Loan,361737.74,,,0.1491,24,82365.84,4.3918,702.1,1,0,0,0,826.17,94872.03,68896.47,26,8,1,0,0,23
C00472,2026-01-26,Nairobi,Salaried,Permanent,F,57,Tier2,495,1,Personal_Loan,256649.55,,,0.3272,18,,,646.8,1,0,0,0,39230.98,187153.04,186291.3,26,9,1,0,0,26
C00473,2026-01-26,Nairobi,Salaried,Permanent,F,40,Tier2,380,1,Personal_Loan,270806.49,,,0.2303,24,613691.61,0.4413,638.1,1,0,20,3,16348.44,99647.04,95617.79,31,5,3,0,0,21
C00474,2026-01-26,Kakamega,Agribusiness,Micro_Enterprise,F,42,Tier3,413,0,SME_Loan,723425.98,,,0.227,36,222442.68,3.2522,549.4,3,0,11,4,22602.37,70488.02,53118.51,34,5,1,1,0,157
C00475,2026-01-26,Machakos,Salaried,Permanent,M,49,Tier2,443,1,Overdraft,109889.31,339889.25,0.4253,0.2653,0,74974.57,1.4657,681.6,2,0,11,4,0.0,107750.71,120913.78,21,8,0,0,0,9
C00476,2026-01-26,Kakamega,Transport,Self_Employed,F,56,Tier2,351,0,Overdraft,116451.23,81041.37,1.5535,0.2695,0,275430.8,0.4228,561.0,2,0,0,5,18793.89,57225.23,42074.89,23,3,1,0,0,27
C00478,2026-01-26,Mombasa,Agribusiness,Micro_Enterprise,F,21,Tier3,410,1,Personal_Loan,148688.92,,,0.1875,18,0.0,5.0,714.6,1,0,9,1,0.0,0.0,0.0,22,7,0,0,0,25
C00482,2026-01-26,Kakamega,Transport,Self_Employed,M,58,Tier3,446,1,Personal_Loan,287094.38,,,0.2027,36,313923.12,0.9145,618.4,2,1,34,4,15176.12,102399.53,15246.22,20,3,1,0,0,26
C00483,2026-01-26,Kiambu,SME_Services,Self_Employed,F,32,Tier1,430,1,Credit_Card,66661.24,150582.6,0.4711,0.3157,0,,,598.1,1,1,0,2,8730.49,59875.29,79446.81,16,3,2,0,0,10
C00484,2026-01-26,Kakamega,Construction,Micro_Enterprise,M,56,Tier2,397,0,Personal_Loan,176208.35,,,0.2516,24,0.0,5.0,613.7,1,2,7,3,0.0,0.0,0.0,22,3,0,0,0,34
C00485,2026-01-26,Nairobi,Salaried,Permanent,M,41,Tier3,447,1,Personal_Loan,543908.94,,,0.1912,12,590556.11,0.921,614.6,1,1,4,4,16453.87,120887.82,152335.82,29,4,0,0,0,16
C00486,2026-01-26,Nyeri,Salaried,Contract,M,31,Tier1,429,1,Personal_Loan,330869.88,,,0.1768,24,711992.27,0.4647,695.1,1,3,0,3,22521.76,151468.19,108416.88,25,6,1,0,0,9
C00490,2026-01-26,Mombasa,Other,Micro_Enterprise,M,48,Tier3,356,0,Overdraft,59313.98,252460.74,0.2585,0.2396,0,133463.29,0.4444,501.1,3,0,0,0,9190.75,29831.36,11086.68,33,2,3,0,0,11
C00492,2026-01-26,Kiambu,SME_Trade,Self_Employed,F,60,Tier3,452,0,Personal_Loan,634085.59,,,0.1751,24,0.0,5.0,621.4,1,1,13,3,3536.85,40234.85,26820.57,26,1,1,0,0,29
C00497,2026-01-26,Nairobi,SME_Trade,Micro_Enterprise,F,26,Tier2,471,0,Credit_Card,206606.88,218969.5,1.1098,0.3332,0,,,598.0,1,0,18,5,0.0,145769.83,157409.66,11,2,2,0,1,31
C00500,2026-01-26,Nyeri,Transport,Self_Employed,F,40,Tier3,496,1,SME_Loan,523395.37,,,0.2358,24,412986.03,1.2673,572.6,4,0,0,3,12404.21,51636.68,33947.58,23,4,1,0,0,11
C00502,2026-01-26,Mombasa,Salaried,Permanent,M,50,Tier2,441,1,Personal_Loan,356169.1,,,0.1973,12,650897.46,0.5472,602.8,1,0,17,5,15430.92,52800.89,59202.11,31,8,1,0,0,8
C00506,2026-01-26,Uasin Gishu,Salaried,Permanent,M,41,Tier1,462,1,Personal_Loan,689104.9,,,0.1759,24,456848.05,1.5084,625.3,1,1,0,1,26338.86,117800.96,95288.8,20,4,0,0,0,21
C00511,2026-01-26,Nairobi,Other,Micro_Enterprise,M,65,Tier1,311,0,Personal_Loan,134299.14,,,0.2332,18,0.0,5.0,482.4,1,0,6,3,9418.91,54540.78,45604.14,14,5,0,0,0,28
C00519,2026-01-26,Mombasa,Construction,Micro_Enterprise,M,42,Tier3,503,0,Personal_Loan,306775.12,,,0.2208,36,505129.15,0.6073,575.1,1,0,0,0,6178.87,46689.47,35447.21,20,2,1,0,0,7
C00521,2026-01-26,Machakos,Salaried,Permanent,M,37,Tier3,344,1,Overdraft,163981.93,306681.9,0.5607,0.2794,0,245245.54,0.6686,543.2,1,1,0,4,2885.03,12886.9,12921.65,20,10,1,1,0,30
C00522,2026-01-26,Meru,Agribusiness,Self_Employed,M,27,Tier3,402,1,Overdraft,74014.46,266752.72,0.4439,0.2339,0,96409.41,0.7677,525.8,1,1,27,3,23652.35,92078.13,119874.43,29,2,2,0,0,33
C00529,2026-01-26,Kiambu,Salaried,Permanent,M,62,Tier2,485,1,Personal_Loan,72161.02,,,0.2666,18,0.0,5.0,576.2,1,2,38,4,2377.86,31625.0,39536.67,20,4,0,0,0,20
C00531,2026-01-26,Nyeri,Hospitality,Self_Employed,F,47,Tier3,425,0,Personal_Loan,522342.66,,,0.2077,36,72453.6,5.0,435.4,3,0,52,5,4829.52,19520.23,23595.89,27,5,2,0,0,26
C00534,2026-01-26,Meru,Salaried,Permanent,M,33,Tier2,334,1,Personal_Loan,384734.3,,,0.249,12,1032056.72,0.3728,762.2,1,1,11,3,32395.61,197979.72,156190.86,22,5,1,0,0,24
C00539,2026-01-26,Machakos,SME_Trade,Micro_Enterprise,F,45,Tier1,442,0,SME_Loan,400671.37,,,0.1594,36,451217.77,0.888,662.1,2,0,23,3,2563.69,17608.57,24098.11,18,3,3,0,0,11
C00544,2026-01-26,Nairobi,Salaried,Permanent,F,28,Tier2,476,1,Personal_Loan,408034.34,,,0.2574,18,474599.73,0.8597,673.1,2,0,0,1,5300.74,44183.74,29729.75,33,4,2,0,0,6
C00547,2026-01-26,Nakuru,Salaried,Contract,M,40,Tier1,385,1,Overdraft,149399.18,50000.0,1.8,0.3016,0,141996.58,1.0521,500.8,1,1,31,3,11378.52,55645.35,61490.93,30,15,2,0,0,30
C00548,2026-01-26,Kakamega,Hospitality,Self_Employed,F,47,Tier3,390,0,Credit_Card,22326.86,148016.61,0.1385,0.3243,0,,,590.3,1,0,0,0,9192.16,42364.91,35402.46,21,6,2,0,0,28
C00549,2026-01-26,Kiambu,SME_Services,Self_Employed,F,44,Tier1,488,0,Personal_Loan,386287.18,,,0.2926,24,753284.4,0.5128,507.1,1,0,0,0,0.0,132057.77,127383.66,19,8,1,0,0,15
C00551,2026-01-26,Kisumu,Transport,Micro_Enterprise,M,57,Tier1,283,0,Credit_Card,174956.04,122611.64,1.5166,0.1697,0,,,593.9,1,0,0,1,1730.37,20963.12,13895.85,12,2,1,0,0,27
C00555,2026-01-26,Nakuru,Salaried,Permanent,F,65,Tier3,374,1,Personal_Loan,62006.68,,,0.2453,12,355898.57,0.1742,653.7,2,0,20,6,10644.86,136970.89,122906.03,31,7,0,0,0,8
C00559,2026-01-26,Nairobi,Salaried,Contract,M,56,Tier3,378,1,SME_Loan,837476.29,,,0.3111,12,42478.2,5.0,506.5,1,0,0,5,0.0,0.0,0.0,32,8,0,0,0,28
C00560,2026-01-26,Machakos,SME_Services,Self_Employed,M,59,Tier3,413,0,Personal_Loan,213833.09,,,0.2267,36,243821.75,0.877,635.0,1,2,30,4,5555.53,154175.01,134973.82,20,2,3,0,0,18
C00567,2026-01-26,Mombasa,Construction,Micro_Enterprise,F,31,Tier2,403,0,Personal_Loan,266678.06,,,0.1831,24,432838.41,0.6161,618.6,1,0,0,2,17289.11,176246.74,176014.21,14,2,2,0,0,16
C00569,2026-01-26,Mombasa,Agribusiness,Self_Employed,M,49,Tier2,381,0,SME_Loan,528471.22,,,0.2171,24,325457.12,1.6238,608.4,2,0,0,0,14274.33,55735.48,52851.05,17,11,3,0,0,9
C00571,2026-01-26,Kiambu,Agribusiness,Self_Employed,F,63,Tier3,467,0,SME_Loan,692861.42,,,0.2343,36,83436.28,5.0,583.7,2,3,0,0,3430.22,28386.58,18362.72,32,3,1,0,0,8
C00572,2026-01-26,Meru,Salaried,Permanent,F,39,Tier2,494,1,Overdraft,64064.12,214426.81,0.2393,0.1915,0,110178.67,0.5815,723.3,1,1,0,0,0.0,49607.6,48038.05,24,6,3,0,0,26
C00574,2026-01-26,Nairobi,SME_Services,Micro_Enterprise,F,23,Tier2,485,0,Personal_Loan,303677.01,,,0.1994,36,,,713.8,3,1,2,4,27104.24,128919.75,64288.18,14,3,2,0,0,27
C00575,2026-01-26,Mombasa,SME_Trade,Micro_Enterprise,F,21,Tier1,379,0,Personal_Loan,418892.4,,,0.1528,18,566274.4,0.7397,676.6,1,0,3,6,4215.13,121236.44,82999.32,20,5,1,0,0,20
C00577,2026-01-26,Kiambu,SME_Trade,Micro_Enterprise,F,62,Tier2,349,0,Personal_Loan,188873.32,,,0.1961,12,,,609.1,1,1,0,1,12480.78,81336.56,75197.7,28,4,1,0,0,31
C00579,2026-01-26,Nakuru,Salaried,Permanent,M,61,Tier1,286,1,Personal_Loan,360853.5,,,0.2541,24,0.0,5.0,645.0,3,1,0,3,1584.3,14243.53,13196.01,29,3,0,0,0,8
C00582,2026-01-26,Nairobi,Salaried,Permanent,F,58,Tier2,308,1,Credit_Card,70400.54,247031.58,0.3113,0.2858,0,,,571.3,1,2,1,3,2773.29,159053.76,126163.29,30,5,1,0,0,13
C00583,2026-01-26,Mombasa,Salaried,Permanent,M,25,Tier3,351,1,Overdraft,0.0,422745.2,0.0,0.1586,0,80330.1,0.05,608.0,1,3,0,3,7791.68,39208.73,41896.61,37,5,0,0,0,22
C00584,2026-01-26,Kiambu,SME_Services,Self_Employed,F,23,Tier2,417,1,SME_Loan,732584.49,,,0.2163,48,441331.27,1.6599,701.5,3,0,8,5,1295.86,12290.57,10839.4,16,5,1,1,0,151
C00586,2026-01-26,Nairobi,Transport,Self_Employed,M,62,Tier2,420,0,SME_Loan,620247.12,,,0.2626,24,285583.65,2.1719,613.4,4,4,0,3,10957.88,74066.5,31567.0,18,7,0,0,0,24
C00587,2026-01-26,Meru,SME_Trade,Micro_Enterprise,M,52,Tier1,460,1,SME_Loan,1157086.94,,,0.2123,24,407085.61,2.8424,601.2,1,1,0,2,3864.33,28780.32,19724.54,20,5,1,0,0,32
C00592,2026-01-26,Mombasa,Salaried,Permanent,F,61,Tier2,436,1,Overdraft,190439.37,305753.03,0.7317,0.2535,0,,,620.9,4,1,0,0,8510.6,176923.7,136964.17,31,3,2,0,0,22
C00595,2026-01-26,Kisumu,SME_Services,Self_Employed,M,35,Tier2,397,0,Credit_Card,187455.19,163128.19,1.0484,0.2969,0,,,670.9,1,0,0,0,8789.55,51010.43,34605.22,20,2,3,0,0,23
C00597,2026-01-26,Nyeri,SME_Trade,Self_Employed,M,47,Tier2,477,1,Personal_Loan,561047.33,,,0.235,18,1021971.45,0.549,624.3,2,0,22,5,54541.44,232167.35,253235.96,15,3,2,0,0,139
C00599,2026-01-26,Nairobi,Agribusiness,Self_Employed,F,49,Tier3,348,0,SME_Loan,502319.25,,,0.2231,12,376823.72,1.333,620.5,4,0,11,3,4373.22,23312.98,29598.11,21,5,0,0,0,16
C00600,2026-01-26,Machakos,Salaried,Permanent,F,49,Tier2,373,1,Personal_Loan,474553.1,,,0.2047,18,374395.08,1.2675,532.7,1,0,0,2,6663.13,78495.94,68443.76,32,3,1,0,0,14
C00602,2026-01-26,Meru,SME_Trade,Micro_Enterprise,M,56,Tier2,420,0,Personal_Loan,411452.85,,,0.2085,12,259722.99,1.5842,583.1,1,1,1,3,3586.71,58915.58,30245.3,18,4,1,0,0,33
C00604,2026-01-26,Nairobi,Agribusiness,Self_Employed,M,27,Tier3,401,0,SME_Loan,742324.64,,,0.1587,24,711023.7,1.044,609.6,2,0,10,4,0.0,0.0,0.0,23,4,2,0,0,11
C00610,2026-01-26,Nairobi,Salaried,Permanent,F,59,Tier3,418,1,Personal_Loan,424418.76,,,0.2435,18,700520.51,0.6059,614.1,2,1,0,0,19440.02,104512.88,124340.4,27,8,0,0,0,11
C00612,2026-01-26,Nairobi,SME_Trade,Micro_Enterprise,F,41,Tier2,421,1,Personal_Loan,275693.09,,,0.2432,36,88698.3,3.1082,626.7,1,0,5,1,28838.81,163977.86,154334.63,12,8,0,0,0,25
C00613,2026-01-26,Kiambu,SME_Services,Self_Employed,M,56,Tier3,387,0,Personal_Loan,489786.23,,,0.2681,12,,,539.2,2,1,0,0,73.59,777.61,700.41,25,8,0,0,0,25
C00615,2026-01-26,Kiambu,Agribusiness,Micro_Enterprise,M,51,Tier2,503,0,Personal_Loan,593251.93,,,0.1862,24,974580.32,0.6087,584.7,1,1,1,0,0.0,33116.85,36383.01,19,4,3,0,0,30
C00617,2026-01-26,Meru,Agribusiness,Self_Employed,F,32,Tier2,403,1,Credit_Card,235114.51,30000.0,1.8,0.282,0,,,778.9,2,2,0,1,7550.11,58123.31,48850.43,13,5,2,0,0,5
C00618,2026-01-26,Kiambu,Transport,Micro_Enterprise,F,32,Tier2,488,0,Personal_Loan,290201.99,,,0.2292,24,,,674.6,1,0,0,0,15766.74,84618.8,86852.77,15,4,0,0,0,17
C00619,2026-01-26,Nairobi,Agribusiness,Self_Employed,F,23,Tier2,456,0,Personal_Loan,231938.2,,,0.2572,36,0.0,5.0,537.5,1,1,21,4,1456.43,32226.03,34383.99,20,5,2,0,0,9
C00624,2026-01-26,Nairobi,Other,Micro_Enterprise,F,39,Tier2,485,0,Personal_Loan,219668.52,,,0.2755,12,996540.86,0.2204,616.7,2,2,9,5,5456.7,89024.79,113618.81,26,2,3,1,0,34
C00625,2026-01-26,Nairobi,SME_Services,Self_Employed,F,48,Tier2,466,1,SME_Loan,587579.04,,,0.2048,36,477373.81,1.2309,515.3,4,1,0,1,4943.84,57609.87,24699.05,23,1,0,0,1,143
C00628,2026-01-26,Nairobi,Salaried,Permanent,M,37,Tier2,448,1,Personal_Loan,207457.48,,,0.2064,24,575291.16,0.3606,582.6,1,2,2,3,40117.0,235738.48,286463.54,32,7,0,1,0,15
C00629,2026-01-26,Kiambu,Salaried,Permanent,F,43,Tier1,320,1,SME_Loan,671225.99,,,0.2054,12,0.0,5.0,695.2,1,0,0,0,0.0,119590.89,139102.54,30,6,0,0,0,8
C00632,2026-01-26,Nairobi,SME_Trade,Micro_Enterprise,F,35,Tier2,433,0,SME_Loan,850411.43,,,0.0848,12,451391.19,1.884,560.6,2,1,0,0,0.0,0.0,0.0,16,3,1,1,0,230
C00634,2026-01-26,Nyeri,Hospitality,Micro_Enterprise,F,38,Tier1,480,0,Overdraft,195316.42,75529.27,1.8,0.225,0,162902.99,1.199,482.4,1,1,0,2,1401.52,37820.6,50437.6,15,4,0,0,0,21
C00636,2026-01-26,Nairobi,SME_Trade,Micro_Enterprise,M,51,Tier2,354,0,Personal_Loan,290637.58,,,0.2407,24,0.0,5.0,655.6,1,0,0,1,12726.87,55324.94,45078.03,17,7,0,0,0,146
C00641,2026-01-26,Nyeri,SME_Services,Micro_Enterprise,M,51,Tier3,454,0,Personal_Loan,320241.11,,,0.2406,12,235727.63,1.3585,555.7,2,1,22,5,2767.11,19493.24,22158.23,22,3,2,0,0,33
C00643,2026-01-26,Nakuru,SME_Services,Self_Employed,F,59,Tier2,348,0,SME_Loan,357548.73,,,0.2143,48,762839.68,0.4687,647.0,1,0,15,3,11521.89,72005.43,54536.77,19,4,1,0,0,22
C00645,2026-01-26,Nairobi,Agribusiness,Micro_Enterprise,M,55,Tier1,433,0,Credit_Card,101396.0,47154.98,1.8,0.3116,0,,,616.2,1,0,0,0,2033.65,20665.62,23493.49,18,3,1,0,0,29
C00648,2026-01-26,Meru,Construction,Self_Employed,F,45,Tier2,403,1,SME_Loan,224919.9,,,0.2259,36,303738.15,0.7405,653.3,1,2,0,1,16428.8,60770.34,90386.53,13,5,0,0,0,10
C00652,2026-01-26,Nairobi,SME_Services,Micro_Enterprise,M,50,Tier2,317,0,SME_Loan,485444.89,,,0.2464,24,636180.04,0.7631,601.6,2,4,0,0,10970.3,132034.55,66769.51,21,8,1,0,0,33
C00654,2026-01-26,Machakos,SME_Trade,Micro_Enterprise,M,57,Tier2,480,0,SME_Loan,634495.39,,,0.2706,24,626794.7,1.0123,611.2,3,0,43,5,15061.92,53958.57,45194.77,26,4,0,1,0,16
C00660,2026-01-26,Nairobi,SME_Services,Self_Employed,M,33,Tier2,338,0,Personal_Loan,288814.06,,,0.223,36,455569.63,0.634,726.1,1,3,3,3,16143.27,80649.27,79397.31,17,4,1,0,0,19
C00662,2026-01-26,Nairobi,Salaried,Permanent,M,54,Tier2,419,1,Personal_Loan,390518.41,,,0.2483,12,0.0,5.0,397.6,1,3,31,3,8570.84,55748.4,62231.15,27,5,0,0,0,134
C00664,2026-01-26,Nairobi,Other,Micro_Enterprise,M,30,Tier3,441,0,SME_Loan,364433.08,,,0.1733,36,9702.92,5.0,650.7,1,0,0,0,18261.87,102624.62,90481.7,18,2,2,0,0,21
C00665,2026-01-26,Nairobi,Construction,Self_Employed,M,47,Tier2,498,0,Personal_Loan,299058.48,,,0.2763,12,571580.88,0.5232,600.7,1,0,0,3,21814.68,95479.89,74373.28,18,3,3,0,0,7
C00666,2026-01-26,Uasin Gishu,SME_Services,Micro_Enterprise,F,52,Tier2,417,0,Personal_Loan,96431.71,,,0.1881,12,459661.82,0.2098,638.7,1,1,8,1,8829.64,44008.7,19074.22,14,1,1,0,0,23
C00669,2026-01-26,Meru,SME_Trade,Self_Employed,F,62,Tier2,422,0,Personal_Loan,167333.24,,,0.2105,18,635499.84,0.2633,522.6,1,0,0,0,14013.09,43464.08,67160.89,23,5,1,1,0,9
C00671,2026-01-26,Kisumu,Salaried,Permanent,F,63,Tier3,434,1,Personal_Loan,608367.85,,,0.1323,36,251025.44,2.4235,689.4,1,2,15,4,10648.34,106355.49,67378.45,31,5,2,0,0,25
C00673,2026-01-26,Machakos,SME_Services,Self_Employed,M,49,Tier2,373,1,Personal_Loan,126102.4,,,0.2085,36,519788.2,0.2426,645.7,1,0,0,1,4034.62,14579.8,12480.16,16,6,2,0,0,19
C00675,2026-01-26,Nakuru,SME_Services,Micro_Enterprise,M,48,Tier2,412,0,Overdraft,89071.68,209771.23,0.5678,0.2488,0,145783.66,0.611,664.8,1,1,0,1,14953.6,48939.48,35755.35,18,1,0,0,0,21
C00678,2026-01-26,Machakos,SME_Trade,Self_Employed,M,24,Tier1,431,0,Overdraft,221993.17,212800.78,1.1302,0.24,0,123082.99,1.8036,685.7,1,2,16,4,3375.66,39011.56,41261.73,23,6,2,0,0,33
C00679,2026-01-26,Meru,Agribusiness,Self_Employed,M,44,Tier1,461,1,Personal_Loan,624297.67,,,0.2038,12,269363.8,2.3177,634.5,1,0,0,0,8608.63,66517.11,74201.18,17,2,1,0,0,25
C00681,2026-01-26,Nyeri,SME_Trade,Self_Employed,M,53,Tier2,375,0,Overdraft,146246.3,268954.18,0.6731,0.2507,0,183391.98,0.7975,756.8,2,1,10,3,17136.5,111520.44,62663.77,14,5,2,0,0,17
C00686,2026-01-26,Nakuru,SME_Services,Self_Employed,M,57,Tier2,399,0,SME_Loan,507281.79,,,0.2184,12,,,445.8,2,0,19,4,10877.3,118453.31,151617.28,23,1,5,0,0,146
C00687,2026-01-26,Nairobi,Salaried,Permanent,M,39,Tier2,456,1,SME_Loan,155981.79,,,0.2223,48,559497.35,0.2788,582.2,4,0,0,1,9638.41,53380.32,36122.86,33,5,0,0,0,16
C00689,2026-01-26,Kiambu,SME_Trade,Micro_Enterprise,F,41,Tier2,501,0,Personal_Loan,381897.53,,,0.1352,36,851435.79,0.4485,691.4,1,0,0,3,14468.38,101244.96,101487.07,19,4,2,1,0,5
C00692,2026-01-26,Uasin Gishu,Hospitality,Self_Employed,F,56,Tier3,313,1,Personal_Loan,497598.39,,,0.2733,12,225695.43,2.2047,598.7,1,1,1,2,4402.45,37018.53,27182.47,26,4,1,0,0,31
C00699,2026-01-26,Mombasa,Salaried,Permanent,M,23,Tier1,418,1,Personal_Loan,91599.17,,,0.1739,12,,,555.1,1,0,1,6,9359.24,59337.47,23252.86,28,3,0,0,0,34
C00702,2026-01-26,Kisumu,Salaried,Permanent,M,48,Tier2,443,1,Personal_Loan,160659.1,,,0.1666,18,542292.08,0.2963,581.8,2,1,2,3,23474.7,252455.68,185495.77,30,7,1,1,0,23
C00703,2026-01-26,Kisumu,Transport,Self_Employed,M,28,Tier1,417,0,SME_Loan,241768.95,,,0.1598,24,17809.12,5.0,696.7,1,2,0,1,3818.59,25873.67,25507.11,13,5,3,0,0,9
C00704,2026-01-26,Nairobi,SME_Services,Self_Employed,M,28,Tier2,449,0,SME_Loan,828864.59,,,0.2554,36,623359.37,1.3297,521.7,3,1,24,5,3599.91,17943.15,8554.49,14,2,1,0,0,11
C00706,2026-01-26,Kiambu,Salaried,Permanent,M,46,Tier2,510,1,Overdraft,204632.33,215651.1,0.9097,0.2584,0,138923.93,1.473,646.7,2,3,9,6,5254.16,220384.29,210301.98,28,4,1,0,0,18
C00709,2026-01-26,Kiambu,SME_Services,Micro_Enterprise,F,42,Tier3,454,0,SME_Loan,974306.44,,,0.2249,36,54299.57,5.0,624.2,3,1,5,5,69.96,11567.18,6531.7,27,3,0,0,0,33
C00712,2026-01-26,Nairobi,Salaried,Permanent,M,44,Tier3,430,1,SME_Loan,723020.38,,,0.3549,48,407271.49,1.7753,609.3,3,0,0,1,31461.54,101430.74,53269.03,33,5,1,0,0,7
C00714,2026-01-26,Mombasa,Salaried,Permanent,M,55,Tier1,505,1,Personal_Loan,337958.99,,,0.2525,24,650217.6,0.5198,602.6,1,0,11,2,26986.82,80294.58,37176.65,30,9,1,1,0,139
C00716,2026-01-26,Nairobi,Salaried,Permanent,M,56,Tier2,292,1,Personal_Loan,247357.53,,,0.2759,36,101815.41,2.4295,654.9,2,0,0,0,387.43,250030.94,112554.06,23,5,0,1,0,7
C00718,2026-01-26,Nairobi,SME_Services,Self_Employed,M,43,Tier3,359,0,Personal_Loan,176608.67,,,0.2033,12,561292.52,0.3146,546.1,4,1,10,4,22495.99,166194.71,123231.28,33,3,2,0,0,34
C00724,2026-01-26,Nyeri,Salaried,Contract,M,26,Tier3,489,1,Credit_Card,31030.86,47817.93,0.9947,0.2716,0,,,545.9,1,1,34,5,9824.56,51529.47,46272.98,32,7,2,1,0,134
C00726,2026-01-26,Nairobi,Other,Self_Employed,F,26,Tier2,301,0,Personal_Loan,294014.52,,,0.1535,24,481799.73,0.6102,578.1,1,1,21,4,12349.15,48132.23,32104.32,19,3,0,0,0,33
C00728,2026-01-26,Mombasa,Agribusiness,Self_Employed,F,24,Tier2,403,0,Personal_Loan,135661.64,,,0.2458,36,603627.29,0.2247,513.2,1,0,22,4,2419.27,13681.92,12234.66,22,4,0,0,0,19
C00730,2026-01-26,Kiambu,Agribusiness,Micro_Enterprise,M,50,Tier2,432,0,Personal_Loan,359938.0,,,0.2255,36,604573.82,0.5954,558.4,1,0,47,5,13301.18,46400.5,34574.26,25,1,0,1,0,207
C00732,2026-01-26,Nakuru,Salaried,Permanent,F,39,Tier3,336,1,Credit_Card,0.0,150237.45,0.0,0.2822,0,,,565.9,2,0,1,1,2585.67,54939.93,57874.3,31,3,3,0,0,32
C00734,2026-01-26,Mombasa,SME_Services,Micro_Enterprise,F,55,Tier1,497,0,SME_Loan,540037.84,,,0.2119,24,617827.61,0.8741,649.3,1,2,0,2,29870.76,94137.3,38229.14,12,3,0,0,0,25
C00735,2026-01-26,Kiambu,Agribusiness,Self_Employed,M,30,Tier3,384,0,Credit_Card,132447.35,320176.61,0.4076,0.2751,0,,,588.6,1,0,2,0,3103.19,111281.71,143098.99,17,6,0,0,0,15
C00738,2026-01-26,Mombasa,SME_Trade,Self_Employed,M,36,Tier3,332,0,Overdraft,35967.7,230864.37,0.042,0.2681,0,91334.83,0.3938,692.9,3,0,18,3,2419.81,21610.53,19578.6,26,2,2,0,0,29
C00739,2026-01-26,Nyeri,Hospitality,Micro_Enterprise,F,54,Tier2,507,1,Personal_Loan,230754.23,,,0.1728,12,619890.41,0.3723,569.9,1,1,10,6,2819.36,39672.31,40802.84,19,2,1,0,0,193
C00741,2026-01-26,Nairobi,SME_Trade,Self_Employed,M,57,Tier2,474,0,Personal_Loan,271848.47,,,0.197,36,216849.61,1.2536,628.0,1,0,0,0,19465.31,63904.2,59968.74,17,7,2,0,0,11
C00742,2026-01-26,Kiambu,Hospitality,Self_Employed,F,55,Tier1,468,0,Personal_Loan,346987.6,,,0.198,36,1240943.18,0.2796,564.8,1,1,24,4,937.63,12263.06,7745.18,12,4,3,0,0,22
C00745,2026-01-26,Nakuru,Salaried,Contract,M,56,Tier1,470,1,Personal_Loan,547738.66,,,0.2115,12,392382.29,1.3959,608.9,1,1,0,1,8893.78,42836.41,26070.45,25,2,0,0,0,17
C00746,2026-01-26,Mombasa,Salaried,Permanent,M,37,Tier2,460,1,Personal_Loan,408955.95,,,0.1883,24,634960.24,0.6441,513.3,2,0,0,2,16064.12,90551.37,63685.26,34,4,0,0,0,17
C00748,2026-01-26,Machakos,Salaried,Permanent,F,35,Tier2,375,1,Overdraft,204857.99,354177.36,0.7375,0.2768,0,257661.42,0.7951,550.5,1,0,0,0,13820.14,90329.68,98170.75,26,13,0,1,0,182
C00751,2026-01-26,Kisumu,Agribusiness,Self_Employed,F,64,Tier3,339,0,Personal_Loan,217111.48,,,0.1746,18,,,532.8,1,0,0,1,9547.68,48595.09,44074.43,24,6,1,0,0,15
C00755,2026-01-26,Nairobi,SME_Services,Self_Employed,F,45,Tier2,463,0,Personal_Loan,367512.01,,,0.2307,36,502235.33,0.7318,559.7,1,0,47,2,56004.79,219378.82,190950.14,25,6,1,0,0,11
C00756,2026-01-26,Nakuru,SME_Services,Self_Employed,F,40,Tier2,473,0,Credit_Card,6232.31,191619.57,0.0,0.272,0,,,378.4,2,1,55,4,2495.56,45353.84,50486.57,24,2,1,0,1,194
C00759,2026-01-26,Machakos,Agribusiness,Micro_Enterprise,M,26,Tier2,331,0,Overdraft,45185.15,216710.38,0.3029,0.2565,0,22288.83,2.0273,724.3,1,1,0,0,24277.02,85589.29,63139.06,18,6,1,0,0,19
C00761,2026-01-26,Machakos,SME_Services,Self_Employed,M,28,Tier2,472,0,Personal_Loan,525268.11,,,0.2776,36,436710.53,1.2028,562.8,3,0,17,6,2169.95,105966.0,113518.95,27,4,0,0,0,10
C00763,2026-01-26,Nairobi,Salaried,Contract,F,63,Tier2,423,1,SME_Loan,901074.81,,,0.1598,48,761898.88,1.1827,669.9,4,1,0,0,27122.38,186117.48,238905.34,20,7,0,0,0,15
C00767,2026-01-26,Nairobi,Construction,Micro_Enterprise,F,48,Tier2,392,0,SME_Loan,578958.74,,,0.2269,36,104780.55,5.0,745.1,3,2,30,4,11275.48,210961.91,120659.6,17,1,0,0,0,19
C00769,2026-01-26,Machakos,Salaried,Permanent,M,27,Tier2,440,1,Personal_Loan,377476.29,,,0.2047,12,219730.55,1.7179,555.0,1,0,46,1,12515.8,62408.81,85987.85,19,3,1,0,0,22
C00774,2026-01-26,Meru,SME_Trade,Self_Employed,M,53,Tier1,476,0,Credit_Card,144095.47,119104.93,1.0006,0.3118,0,,,578.9,1,1,2,1,1157.43,5620.69,7739.73,20,0,0,0,0,229
C00775,2026-01-26,Meru,Salaried,Permanent,M,59,Tier2,422,1,Personal_Loan,676639.56,,,0.1983,36,746698.78,0.9062,626.2,2,2,1,2,48213.26,177791.26,218221.83,32,8,1,0,0,19
C00779,2026-01-26,Kakamega,Transport,Self_Employed,M,33,Tier1,455,0,SME_Loan,985790.31,,,0.1847,48,0.0,5.0,649.5,4,1,0,2,9290.18,45748.77,61523.49,23,6,2,0,0,5
C00780,2026-01-26,Nairobi,Salaried,Permanent,M,59,Tier1,414,1,Personal_Loan,232201.96,,,0.1983,36,0.0,5.0,616.5,2,1,10,2,43433.07,166017.69,174293.68,40,7,1,1,0,34
C00781,2026-01-26,Mombasa,SME_Services,Self_Employed,M,60,Tier2,369,1,Personal_Loan,229274.74,,,0.1834,18,0.0,5.0,509.4,1,0,30,3,15117.79,61775.76,77337.68,25,4,1,1,1,148
C00785,2026-01-26,Nyeri,Hospitality,Self_Employed,M,42,Tier2,370,0,SME_Loan,1159225.38,,,0.3001,36,0.0,5.0,632.4,2,3,0,1,5647.75,12642.28,9828.64,20,2,1,0,0,26
C00786,2026-01-26,Meru,Salaried,Permanent,M,47,Tier1,272,1,Credit_Card,465.37,237039.11,0.0195,0.2743,0,,,642.2,3,0,5,2,30348.56,115566.27,103676.24,21,7,3,0,0,5
C00788,2026-01-26,Nairobi,Salaried,Permanent,F,51,Tier3,262,1,Personal_Loan,350251.32,,,0.225,12,684686.26,0.5116,644.2,3,0,9,2,30062.84,140169.86,70880.54,37,9,0,0,0,9
C00790,2026-01-26,Kisumu,Salaried,Contract,M,21,Tier1,398,1,Credit_Card,52994.08,229847.79,0.294,0.3076,0,,,599.8,2,1,2,2,10110.7,43509.88,37134.4,22,8,2,0,0,26
C00791,2026-01-26,Kisumu,Other,Micro_Enterprise,M,25,Tier3,473,1,Credit_Card,22838.86,30000.0,1.7522,0.2554,0,,,406.4,1,0,59,6,2408.79,51759.59,61403.13,22,6,1,1,0,186
C00794,2026-01-26,Nyeri,SME_Trade,Micro_Enterprise,F,58,Tier3,346,1,Overdraft,181501.03,462859.32,0.4057,0.2761,0,,,528.9,1,3,32,6,2884.49,33061.51,30154.5,27,5,1,0,1,206
C00797,2026-01-26,Mombasa,SME_Services,Micro_Enterprise,M,64,Tier2,416,1,Personal_Loan,399912.52,,,0.2721,24,96176.47,4.1581,585.7,1,1,13,2,35884.72,110052.42,76950.25,17,9,1,0,0,34
C00799,2026-01-26,Nairobi,SME_Trade,Micro_Enterprise,F,35,Tier1,446,1,Personal_Loan,154516.64,,,0.2185,24,508532.98,0.3038,710.9,1,1,6,6,7371.15,162095.56,87384.47,15,8,1,0,0,25
C00800,2026-01-26,Nakuru,Salaried,Permanent,F,40,Tier2,334,1,Personal_Loan,370178.28,,,0.1979,12,472654.62,0.7832,565.6,2,0,0,0,5528.63,63026.87,64259.55,27,8,0,0,0,8
C00801,2026-01-26,Kisumu,Hospitality,Self_Employed,M,21,Tier1,366,1,Credit_Card,75165.03,304313.94,0.0909,0.3411,0,,,581.7,1,2,7,4,0.0,71836.5,42368.24,18,4,2,0,0,12
C00802,2026-01-26,Nakuru,Salaried,Contract,M,34,Tier2,442,1,SME_Loan,173907.84,,,0.1871,12,521682.96,0.3334,585.6,1,0,2,1,9287.53,56301.12,63653.36,22,4,0,0,0,6
C00805,2026-01-26,Nairobi,Salaried,Permanent,F,54,Tier3,391,1,Personal_Loan,608929.43,,,0.2373,24,479073.77,1.2711,584.2,1,0,29,5,25594.16,109482.25,116816.29,39,6,1,0,0,6
C00811,2026-01-26,Uasin Gishu,SME_Services,Self_Employed,M,22,Tier2,471,0,Overdraft,161243.6,271630.95,0.4658,0.3251,0,0.0,5.0,518.5,1,1,32,5,4503.83,29067.95,34400.14,17,4,2,0,0,174
C00816,2026-01-26,Meru,SME_Services,Self_Employed,F,58,Tier2,321,0,Personal_Loan,269358.65,,,0.1689,24,598259.7,0.4502,584.0,1,0,0,0,12680.17,58175.73,56667.14,14,8,3,0,0,18
C00817,2026-01-26,Nakuru,Salaried,Permanent,F,22,Tier1,429,1,Personal_Loan,182659.01,,,0.1802,18,427318.48,0.4275,572.2,2,1,4,3,2884.26,85354.66,85813.5,26,6,0,0,0,12
C00818,2026-01-26,Nairobi,Transport,Micro_Enterprise,F,25,Tier2,434,0,Personal_Loan,438279.37,,,0.2374,24,43776.89,5.0,601.2,1,2,14,2,717.32,10959.02,12572.19,13,4,2,1,0,229
C00819,2026-01-26,Nairobi,Salaried,Permanent,M,50,Tier3,437,1,Personal_Loan,28544.81,,,0.1951,18,0.0,5.0,626.9,1,0,12,6,9232.28,62581.79,68027.95,35,7,1,0,0,10
C00821,2026-01-26,Kakamega,Salaried,Permanent,F,22,Tier2,255,1,Personal_Loan,178233.2,,,0.2148,18,119191.04,1.4954,737.7,3,1,5,4,4989.82,55262.38,62768.01,26,10,2,0,0,6
C00823,2026-01-26,Nairobi,SME_Trade,Self_Employed,M,27,Tier2,448,1,Overdraft,205300.27,150363.07,1.4816,0.2285,0,123265.83,1.6655,586.7,1,1,25,6,2386.94,54398.09,33397.08,20,4,1,1,0,233
C00826,2026-01-26,Nakuru,SME_Services,Micro_Enterprise,M,25,Tier2,330,1,Overdraft,71244.51,395934.63,0.1005,0.3375,0,8574.89,5.0,658.3,1,2,0,0,739.52,6922.52,6626.73,17,4,0,0,0,33
C00828,2026-01-26,Mombasa,Agribusiness,Micro_Enterprise,M,61,Tier1,447,0,SME_Loan,503249.61,,,0.1768,24,127354.68,3.9516,678.2,1,2,0,0,0.0,0.0,0.0,18,8,0,0,0,28
C00829,2026-01-26,Nairobi,Salaried,Permanent,F,59,Tier2,419,1,Overdraft,102131.07,220634.48,0.3843,0.2328,0,,,661.7,2,0,3,4,26832.16,129232.13,129279.04,39,4,2,0,0,15
C00834,2026-01-26,Nairobi,Transport,Micro_Enterprise,F,27,Tier3,443,0,Personal_Loan,274980.66,,,0.1906,12,,,610.7,1,1,5,3,17881.23,71174.57,30899.35,25,2,1,0,0,10
C00835,2026-01-26,Nairobi,Transport,Self_Employed,F,59,Tier3,427,0,Personal_Loan,104920.82,,,0.2135,18,,,625.1,2,0,3,1,809.64,5275.81,5565.78,31,5,1,0,0,8
C00836,2026-01-26,Machakos,Construction,Micro_Enterprise,F,55,Tier1,249,1,Overdraft,40023.57,241307.32,0.2316,0.2978,0,152026.51,0.2633,568.6,1,0,17,3,5420.57,58704.5,70625.11,21,3,0,0,1,31
C00837,2026-01-26,Nakuru,Salaried,Permanent,F,57,Tier2,352,1,SME_Loan,730233.35,,,0.2016,24,661213.07,1.1044,573.5,2,1,2,4,19889.56,64478.34,57501.32,26,6,0,0,0,24
C00838,2026-01-26,Nairobi,SME_Trade,Self_Employed,F,29,Tier3,449,0,SME_Loan,730170.32,,,0.1483,24,352990.05,2.0685,675.1,2,0,0,1,5367.63,89198.1,74536.71,11,4,1,0,0,34
C00840,2026-01-26,Kiambu,Salaried,Contract,F,61,Tier2,398,1,Personal_Loan,240002.33,,,0.2221,36,94107.36,2.5503,426.3,1,0,23,3,0.0,24377.72,15581.65,25,9,0,0,0,25
C00841,2026-01-26,Nairobi,Agribusiness,Self_Employed,M,34,Tier3,420,1,SME_Loan,0.0,,,0.17,36,,,583.5,5,0,22,6,5174.39,55063.09,51597.83,23,3,0,0,0,17
C00843,2026-01-26,Uasin Gishu,Hospitality,Self_Employed,M,61,Tier2,475,0,Personal_Loan,6861.42,,,0.2185,18,777650.42,0.05,635.7,1,0,10,4,10890.66,52481.55,41424.8,13,4,0,0,0,32
C00847,2026-01-26,Nairobi,Salaried,Permanent,F,28,Tier2,359,1,Overdraft,39124.21,223744.6,0.1591,0.2477,0,,,616.0,1,1,12,1,2414.16,64181.59,50404.85,28,5,1,0,0,7
C00849,2026-01-26,Uasin Gishu,Agribusiness,Micro_Enterprise,M,57,Tier3,434,1,Personal_Loan,340408.55,,,0.206,36,280311.46,1.2144,574.8,1,1,15,2,1479.43,7257.35,7923.76,26,4,2,0,0,31
C00850,2026-01-26,Nairobi,SME_Services,Self_Employed,M,48,Tier2,479,0,Personal_Loan,501063.69,,,0.2754,24,393256.97,1.2741,547.0,1,1,40,1,5484.26,98134.43,97023.32,16,4,0,0,0,32
C00855,2026-01-26,Kisumu,Salaried,Permanent,F,33,Tier2,446,1,Personal_Loan,324175.17,,,0.2535,12,485559.12,0.6676,531.9,3,0,29,6,3465.13,22517.94,24332.96,23,10,1,0,0,27
C00856,2026-01-26,Nyeri,Hospitality,Micro_Enterprise,F,59,Tier1,372,0,SME_Loan,432253.54,,,0.2464,36,168585.71,2.564,541.8,2,1,0,1,968.8,4323.19,3166.59,16,3,1,1,1,181
C00857,2026-01-26,Nyeri,SME_Trade,Micro_Enterprise,M,32,Tier3,418,0,SME_Loan,578719.39,,,0.1721,36,429892.63,1.3462,586.2,1,0,21,3,20176.85,109949.64,128515.7,23,1,1,1,0,201
C00859,2026-01-26,Mombasa,Other,Micro_Enterprise,M,51,Tier1,321,0,Credit_Card,30639.32,392255.39,0.1234,0.2139,0,,,708.3,2,0,4,5,0.0,64357.35,73362.41,19,4,0,0,0,9
C00862,2026-01-26,Mombasa,Agribusiness,Self_Employed,M,62,Tier2,382,0,Overdraft,0.0,50000.0,0.0,0.2803,0,,,637.5,1,0,13,3,4417.88,24950.55,33170.64,22,5,3,0,1,145
C00863,2026-01-26,Nairobi,SME_Services,Self_Employed,M,26,Tier1,470,0,Personal_Loan,358062.66,,,0.2798,12,570113.51,0.6281,642.0,1,1,6,1,2322.95,51309.56,52122.22,15,4,2,0,0,130
C00864,2026-01-26,Nyeri,Salaried,Permanent,M,55,Tier2,497,1,Overdraft,46645.14,185169.94,0.3007,0.2555,0,169298.83,0.2755,604.7,2,1,0,0,21904.82,103192.37,86652.06,32,7,0,0,0,10
C00866,2026-01-26,Machakos,SME_Trade,Micro_Enterprise,M,52,Tier3,250,1,SME_Loan,445140.28,,,0.1762,48,84226.4,5.0,654.4,2,1,0,1,9812.22,59515.7,61835.66,21,4,1,0,0,7
C00869,2026-01-26,Meru,SME_Services,Self_Employed,M,41,Tier2,386,0,Personal_Loan,119617.2,,,0.2339,36,310279.37,0.3855,568.4,2,1,0,0,10375.22,79971.87,64319.62,14,7,1,0,0,33
C00871,2026-01-26,Nairobi,Salaried,Permanent,M,41,Tier2,475,1,Overdraft,204984.52,113309.03,1.7675,0.2904,0,11191.43,5.0,663.7,1,3,15,2,36704.96,135443.07,174244.71,25,9,1,0,0,20
C00872,2026-01-26,Mombasa,Agribusiness,Self_Employed,M,30,Tier2,371,0,Overdraft,259715.65,174042.81,1.4337,0.3037,0,124591.97,2.0845,483.1,1,3,57,4,9303.3,77210.13,108698.45,16,3,1,0,0,210
C00875,2026-01-26,Nairobi,Transport,Micro_Enterprise,M,52,Tier1,485,0,Overdraft,281747.42,339188.78,0.8412,0.2111,0,127542.53,2.209,553.2,2,0,28,6,0.0,0.0,0.0,17,7,3,0,0,16
C00876,2026-01-26,Mombasa,Agribusiness,Self_Employed,F,43,Tier2,293,0,SME_Loan,647459.04,,,0.205,24,399553.18,1.6205,416.5,2,1,11,3,1332.13,9905.18,14727.09,18,0,1,0,0,168
C00877,2026-01-26,Nairobi,Salaried,Permanent,M,45,Tier2,462,1,Overdraft,118177.71,100916.98,1.0228,0.253,0,,,599.1,1,1,0,5,0.0,26081.15,23355.6,22,7,0,0,0,8
C00879,2026-01-26,Nakuru,Hospitality,Self_Employed,F,45,Tier1,434,0,SME_Loan,548613.22,,,0.1881,48,806219.23,0.6805,650.4,1,0,0,0,2083.07,12945.35,14543.57,13,3,1,0,0,21
C00882,2026-01-26,Kiambu,Other,Micro_Enterprise,M,59,Tier1,408,0,Overdraft,32928.33,239393.17,0.3749,0.1596,0,172730.66,0.1906,582.2,1,1,0,0,4478.88,15184.16,16716.37,21,7,1,0,0,19
C00883,2026-01-26,Kiambu,Salaried,Permanent,M,41,Tier1,455,1,Credit_Card,89880.16,182116.68,0.5019,0.2604,0,,,587.4,1,0,11,4,1991.92,50104.46,73555.92,34,6,0,0,0,25
C00887,2026-01-26,Nyeri,SME_Services,Self_Employed,M,23,Tier3,430,1,Personal_Loan,139663.71,,,0.195,18,466236.9,0.2996,487.0,1,1,50,1,6027.34,103932.61,89206.8,17,4,3,0,0,30
C00889,2026-01-26,Nairobi,SME_Services,Self_Employed,M,21,Tier1,388,0,Credit_Card,103088.83,229162.36,0.5159,0.255,0,,,562.1,1,1,1,2,0.0,184785.4,156207.54,27,1,2,0,0,11
C00892,2026-01-26,Nairobi,Salaried,Permanent,M,52,Tier2,336,1,Overdraft,48262.6,397058.14,0.1664,0.1366,0,410445.19,0.1176,655.8,1,0,0,0,23614.96,130015.84,122709.37,20,3,0,0,0,22
C00893,2026-01-26,Nairobi,Construction,Self_Employed,M,44,Tier2,451,1,Overdraft,193301.05,269783.57,0.6603,0.2794,0,20970.85,5.0,621.9,1,0,0,1,11841.25,41134.77,50547.36,16,1,1,0,0,30
C00905,2026-01-26,Kisumu,Construction,Micro_Enterprise,F,41,Tier1,411,1,Personal_Loan,181364.73,,,0.241,24,217259.16,0.8348,655.5,2,0,0,5,2880.37,48638.12,15338.46,14,2,1,0,0,23
C00907,2026-01-26,Kisumu,SME_Trade,Self_Employed,F,39,Tier2,428,0,SME_Loan,985083.32,,,0.1733,24,277782.63,3.5462,596.8,2,2,22,1,1967.87,16630.59,15685.04,14,3,0,0,0,23
C00909,2026-01-26,Nairobi,Hospitality,Micro_Enterprise,F,37,Tier2,399,0,Overdraft,71365.63,152301.15,0.4784,0.1692,0,123847.44,0.5762,521.3,1,1,16,4,0.0,0.0,0.0,17,2,1,0,0,29
C00912,2026-01-26,Nakuru,Agribusiness,Self_Employed,F,29,Tier3,405,0,Overdraft,225492.41,249510.25,0.9945,0.2644,0,246711.45,0.914,649.2,1,1,0,0,1724.2,26403.4,34779.42,20,5,3,0,0,222
C00913,2026-01-26,Mombasa,Salaried,Contract,F,37,Tier1,504,1,Personal_Loan,488718.57,,,0.2571,12,,,580.1,1,3,19,6,35739.62,215436.86,80988.66,31,7,0,0,0,10
C00915,2026-01-26,Kakamega,Salaried,Permanent,M,47,Tier2,422,1,SME_Loan,475635.98,,,0.2616,48,658706.83,0.7221,661.2,2,1,6,6,8914.26,56251.21,47090.13,21,7,1,0,0,22
C00920,2026-01-26,Kiambu,Construction,Self_Employed,M,49,Tier2,401,0,SME_Loan,0.0,,,0.1017,36,0.0,0.05,693.8,1,0,3,3,3587.62,25316.3,25102.99,15,3,1,0,0,6
C00922,2026-01-26,Kisumu,Other,Self_Employed,F,46,Tier3,405,1,SME_Loan,819093.62,,,0.3165,36,917511.1,0.8927,655.9,1,0,3,5,9544.64,54273.04,54146.79,25,4,0,1,1,171
C00923,2026-01-26,Mombasa,Hospitality,Micro_Enterprise,F,41,Tier1,447,0,Personal_Loan,271590.45,,,0.2,12,946765.02,0.2869,635.2,3,0,2,1,7109.83,65175.27,51456.16,19,7,0,0,0,19
C00924,2026-01-26,Kisumu,SME_Trade,Self_Employed,M,27,Tier2,364,0,Personal_Loan,303918.0,,,0.1715,12,560680.33,0.5421,623.9,2,0,1,5,10175.44,69485.4,76230.94,20,6,2,0,0,29
C00927,2026-01-26,Kiambu,SME_Services,Self_Employed,M,45,Tier3,394,1,Overdraft,75758.48,261389.74,0.2554,0.2073,0,183847.28,0.4121,693.4,1,1,5,4,3648.18,14497.82,13630.68,23,3,2,0,0,10
C00928,2026-01-26,Mombasa,Agribusiness,Self_Employed,M,34,Tier2,392,0,Personal_Loan,430885.57,,,0.1868,24,677296.73,0.6362,710.1,1,1,0,0,42073.19,194074.51,117246.44,24,6,1,0,0,7
C00930,2026-01-26,Kisumu,SME_Trade,Micro_Enterprise,F,47,Tier2,408,0,Personal_Loan,153116.83,,,0.2632,24,,,432.9,1,1,20,3,4207.2,66560.04,62812.21,29,4,1,1,0,208
C00931,2026-01-26,Nairobi,SME_Services,Self_Employed,M,45,Tier2,438,1,SME_Loan,1211532.83,,,0.1344,36,932118.85,1.2998,532.3,3,1,28,4,2518.8,16558.68,14851.98,22,1,1,0,0,192
C00935,2026-01-26,Nairobi,Salaried,Permanent,F,40,Tier2,420,1,Personal_Loan,302139.85,,,0.2336,24,,,526.2,1,2,0,0,1046.96,13952.91,12456.86,30,3,0,0,0,14
C00936,2026-01-26,Kiambu,Salaried,Permanent,M,63,Tier2,500,1,Credit_Card,80777.66,205159.13,0.2508,0.2957,0,,,625.3,3,1,0,1,13625.43,82826.26,73640.41,25,8,0,0,0,10
C00939,2026-01-26,Uasin Gishu,Salaried,Permanent,F,41,Tier2,431,1,SME_Loan,586462.8,,,0.2741,24,413532.99,1.4182,514.6,2,5,0,1,2394.15,29581.95,22036.23,32,3,1,0,0,33
C00940,2026-01-26,Uasin Gishu,Salaried,Permanent,M,43,Tier2,429,1,Personal_Loan,532448.95,,,0.2588,18,684286.83,0.7781,686.5,2,1,0,1,2563.77,11087.57,11015.05,31,7,1,0,0,12
C00941,2026-01-26,Meru,SME_Trade,Self_Employed,M,52,Tier1,478,0,SME_Loan,699111.97,,,0.201,24,598043.6,1.169,652.4,1,1,6,4,9536.22,37579.95,40100.61,13,6,0,0,0,5
C00943,2026-01-26,Nairobi,Agribusiness,Self_Employed,M,62,Tier2,421,0,Personal_Loan,81165.85,,,0.2603,12,,,612.4,1,0,12,3,13087.8,51381.28,57557.33,15,3,0,0,0,11
C00944,2026-01-26,Nakuru,Salaried,Permanent,M,42,Tier1,427,1,Overdraft,232137.4,181813.17,1.1356,0.2848,0,117029.8,1.9836,564.6,4,3,26,4,9988.46,25423.73,23751.56,38,5,0,0,0,15
C00948,2026-01-26,Nairobi,SME_Trade,Micro_Enterprise,F,27,Tier1,409,0,Personal_Loan,387910.58,,,0.2001,18,454686.65,0.8531,675.7,1,1,0,0,0.0,0.0,0.0,17,2,1,0,0,31
C00952,2026-01-26,Nakuru,Salaried,Permanent,M,34,Tier1,460,1,Overdraft,308169.61,50000.0,1.8,0.1363,0,0.0,5.0,654.4,1,1,25,3,21055.57,87271.28,60216.27,21,5,0,0,0,211
C00956,2026-01-26,Kiambu,Salaried,Permanent,M,48,Tier2,371,1,Personal_Loan,623847.99,,,0.2152,36,699481.79,0.8919,656.1,1,1,1,5,386.47,4667.65,4481.48,24,9,0,0,0,28
C00959,2026-01-26,Nairobi,Transport,Self_Employed,F,64,Tier2,398,1,Personal_Loan,207385.85,,,0.2357,12,602885.12,0.344,655.8,1,0,0,1,7435.67,50418.29,53567.66,17,6,1,0,0,9
C00962,2026-01-26,Machakos,SME_Trade,Self_Employed,F,39,Tier2,466,0,Personal_Loan,297105.96,,,0.2354,18,308670.24,0.9625,643.6,1,1,22,6,7504.63,54017.7,41314.27,13,2,1,0,0,28
C00966,2026-01-26,Nairobi,SME_Trade,Self_Employed,F,47,Tier1,430,0,Credit_Card,173971.54,266751.75,0.6154,0.1898,0,,,569.0,1,0,0,0,16114.57,79993.67,100124.45,24,8,1,0,0,27
C00967,2026-01-26,Nakuru,Salaried,Contract,M,48,Tier2,449,1,Overdraft,264627.52,230296.77,1.0902,0.3336,0,68184.32,3.8811,647.4,1,0,0,0,10806.11,73459.5,78522.55,23,9,0,0,0,30
C00968,2026-01-26,Kiambu,Salaried,Permanent,M,35,Tier2,475,1,Personal_Loan,391416.31,,,0.2229,18,274309.96,1.4269,558.3,1,0,0,6,24556.36,199950.23,150450.01,37,5,0,0,0,29
C00970,2026-01-26,Kisumu,Salaried,Permanent,M,22,Tier2,407,1,Personal_Loan,307362.23,,,0.201,24,,,475.6,1,0,23,3,768.34,18627.93,8789.06,26,4,1,0,0,124
C00971,2026-01-26,Kisumu,Agribusiness,Self_Employed,M,34,Tier1,386,0,Credit_Card,256160.53,200541.58,1.0963,0.2112,0,,,641.7,1,0,0,1,7062.48,68136.56,61297.84,18,2,0,0,0,20
C00973,2026-01-26,Nakuru,SME_Trade,Micro_Enterprise,F,42,Tier2,506,0,Personal_Loan,349286.81,,,0.2965,18,595148.66,0.5869,684.1,1,4,8,4,21579.37,93086.23,109393.16,26,2,3,0,0,7
C00974,2026-01-26,Nairobi,Salaried,Permanent,F,42,Tier1,378,1,Overdraft,64799.52,383962.46,0.149,0.3125,0,163055.05,0.3974,661.7,1,0,0,1,37611.42,78935.25,44916.84,23,4,0,0,0,9
C00975,2026-01-26,Nakuru,SME_Services,Self_Employed,F,27,Tier3,455,0,SME_Loan,561929.12,,,0.1467,48,0.0,5.0,737.0,1,1,0,3,2100.26,24635.72,23258.71,19,4,0,0,0,26
C00976,2026-01-26,Nairobi,Transport,Self_Employed,M,31,Tier2,295,1,Credit_Card,58320.09,211878.9,0.3818,0.2413,0,,,595.1,2,2,0,0,5604.46,30123.83,32957.24,21,6,0,0,0,20
C00977,2026-01-26,Nakuru,Salaried,Permanent,M,25,Tier3,439,1,Personal_Loan,541917.99,,,0.2783,36,0.0,5.0,656.1,2,3,13,2,6818.45,46865.75,38658.1,39,6,0,0,0,27
C00978,2026-01-26,Mombasa,Salaried,Permanent,F,46,Tier1,373,1,Personal_Loan,159385.6,,,0.2378,12,402361.65,0.3961,402.5,3,1,44,6,1303.88,35564.7,56721.18,22,7,0,1,1,214
C00979,2026-01-26,Kisumu,SME_Services,Self_Employed,F,36,Tier3,398,1,Credit_Card,169677.12,119371.32,1.2904,0.2615,0,,,615.8,2,0,16,5,0.0,27561.96,24573.42,16,3,1,0,0,20
C00980,2026-01-26,Kisumu,Hospitality,Micro_Enterprise,M,46,Tier3,426,1,SME_Loan,998884.84,,,0.2393,36,516209.92,1.935,543.4,5,1,28,4,4693.86,20491.76,25928.7,23,2,2,0,0,13
C00981,2026-01-26,Kakamega,Salaried,Permanent,F,47,Tier1,484,1,Personal_Loan,533676.04,,,0.1946,36,183931.87,2.9015,652.3,1,0,0,0,14019.65,91388.72,100919.57,25,6,0,0,0,28
C00982,2026-01-26,Nakuru,Salaried,Permanent,F,52,Tier2,408,1,SME_Loan,1021279.74,,,0.2146,24,1088041.89,0.9386,506.5,1,0,13,2,2657.98,21957.02,18358.56,28,8,0,0,0,18
C00986,2026-01-26,Nairobi,SME_Services,Self_Employed,M,50,Tier3,408,0,Personal_Loan,131565.71,,,0.2267,18,82358.97,1.5975,626.5,1,0,12,5,6846.73,56270.21,61144.56,24,4,2,0,0,8
C00987,2026-01-26,Kisumu,Salaried,Permanent,F,48,Tier2,447,1,Personal_Loan,256642.04,,,0.2317,12,487750.26,0.5262,624.7,1,0,0,0,14481.0,139790.16,66400.3,25,5,1,0,0,6
C00988,2026-01-26,Kiambu,Salaried,Permanent,M,35,Tier3,388,1,Personal_Loan,285440.29,,,0.2117,36,348346.18,0.8194,545.0,2,2,48,6,9028.38,39618.42,40190.28,29,3,2,0,0,10
C00991,2026-01-26,Kiambu,SME_Trade,Self_Employed,F,36,Tier2,311,1,SME_Loan,351299.79,,,0.2149,48,490367.7,0.7164,726.3,3,0,0,0,8514.09,46975.77,27391.18,8,6,1,0,0,27
C00999,2026-01-26,Uasin Gishu,Transport,Micro_Enterprise,M,64,Tier2,467,0,SME_Loan,483868.39,,,0.1886,36,135326.39,3.5756,540.2,1,1,14,5,3377.25,31299.23,23322.38,27,3,3,0,0,20
C01000,2026-01-26,Mombasa,Salaried,Permanent,F,44,Tier2,482,1,Overdraft,43759.61,168359.81,0.3547,0.2348,0,165993.15,0.2636,645.6,1,1,0,1,10964.83,62556.45,47911.77,23,2,2,0,0,7
C01002,2026-01-26,Nairobi,Construction,Self_Employed,M,54,Tier2,337,1,Overdraft,19911.72,369772.22,0.0163,0.2482,0,197866.03,0.1006,580.6,1,1,31,6,1530.13,10073.77,14492.35,20,4,0,1,0,236
C01005,2026-01-26,Kakamega,SME_Services,Micro_Enterprise,M,26,Tier2,366,1,SME_Loan,731602.74,,,0.2798,36,197480.84,3.7047,641.8,1,0,5,5,12309.39,76115.48,86192.26,13,1,1,0,0,24
C01006,2026-01-26,Kakamega,SME_Trade,Self_Employed,M,62,Tier2,358,1,Personal_Loan,167211.67,,,0.2425,12,823973.17,0.2029,501.8,1,1,9,2,2215.73,115934.75,90793.27,18,11,2,0,0,130
C01007,2026-01-26,Kiambu,Agribusiness,Self_Employed,M,59,Tier2,293,0,Personal_Loan,137030.88,,,0.1966,18,273807.34,0.5005,691.0,1,0,0,1,10933.13,114659.93,100580.5,15,3,0,0,0,27
C01009,2026-01-26,Nakuru,Salaried,Permanent,M,54,Tier2,505,1,SME_Loan,499562.48,,,0.1279,12,322887.26,1.5472,660.9,3,1,2,2,0.0,39703.6,32719.88,26,6,0,0,0,28
C01012,2026-01-26,Nairobi,Salaried,Permanent,M,56,Tier2,469,1,Personal_Loan,341716.38,,,0.2421,36,319244.54,1.0704,586.4,1,1,22,3,25253.89,165030.04,204629.91,22,5,0,0,0,7
C01015,2026-01-26,Kisumu,SME_Trade,Self_Employed,F,44,Tier3,394,0,Personal_Loan,559727.06,,,0.135,24,738407.83,0.758,607.0,1,0,0,2,488.48,61854.79,83563.52,27,3,0,0,0,15
C01016,2026-01-26,Meru,SME_Trade,Self_Employed,M,58,Tier3,423,1,Personal_Loan,329276.76,,,0.2066,36,,,600.1,2,2,2,3,3242.52,15968.79,11237.33,23,6,0,0,0,16
C01017,2026-01-26,Nairobi,Salaried,Permanent,F,38,Tier1,370,1,Credit_Card,108932.28,60730.61,1.8,0.2232,0,,,663.6,3,0,14,5,0.0,38929.59,28112.42,27,4,0,0,0,10
C01018,2026-01-26,Machakos,SME_Services,Self_Employed,M,43,Tier2,415,1,Personal_Loan,214813.44,,,0.1934,36,441584.49,0.4865,685.2,2,0,0,0,13163.33,104181.37,87827.18,20,4,1,0,0,15
C01020,2026-01-26,Nairobi,Salaried,Permanent,M,26,Tier1,338,1,Personal_Loan,496054.67,,,0.2131,24,541004.95,0.9169,648.1,1,1,0,3,16307.05,83791.97,80417.97,19,4,0,0,0,13
C01023,2026-01-26,Uasin Gishu,Agribusiness,Micro_Enterprise,M,60,Tier3,453,0,SME_Loan,472482.5,,,0.2148,48,867563.73,0.5446,600.4,1,0,6,3,2499.67,54923.77,55255.9,26,8,1,0,0,19
C01025,2026-01-26,Nairobi,Agribusiness,Micro_Enterprise,M,57,Tier2,432,1,SME_Loan,721435.87,,,0.2709,24,521797.97,1.3826,622.4,3,0,15,2,0.0,0.0,0.0,13,3,0,0,0,13
C01027,2026-01-26,Nairobi,Salaried,Permanent,M,24,Tier2,397,1,Personal_Loan,45170.2,,,0.1798,36,302648.71,0.1492,679.8,1,1,0,1,2746.63,87375.74,70263.02,22,4,0,0,0,31
C01032,2026-01-26,Nairobi,SME_Trade,Self_Employed,F,28,Tier3,498,0,SME_Loan,643740.42,,,0.1637,48,324585.05,1.9833,593.0,2,1,0,0,0.0,30473.65,13099.77,16,5,2,0,0,13
C01037,2026-01-26,Nakuru,Salaried,Contract,M,61,Tier2,381,1,Overdraft,26547.58,379027.02,0.0672,0.1708,0,86706.02,0.3062,799.0,1,0,0,1,699.92,2742.98,3190.24,35,6,2,0,0,21
C01039,2026-01-26,Mombasa,Salaried,Permanent,M,40,Tier2,420,1,SME_Loan,494610.8,,,0.1897,12,7112.39,5.0,713.8,1,3,0,0,2613.52,24178.92,11214.1,20,11,1,0,0,17
C01040,2026-01-26,Kakamega,Construction,Micro_Enterprise,F,58,Tier1,215,1,Personal_Loan,422927.56,,,0.2151,36,75111.54,5.0,685.3,1,0,3,3,10186.29,55354.37,76510.81,18,2,2,0,0,14
C01041,2026-01-26,Kiambu,Salaried,Permanent,M,52,Tier2,433,1,Personal_Loan,480917.38,,,0.2296,12,587413.88,0.8187,599.2,1,1,28,4,29232.34,162434.77,196578.03,14,4,2,0,0,18
C01043,2026-01-26,Kakamega,Salaried,Permanent,M,39,Tier2,376,1,Personal_Loan,216419.73,,,0.1951,24,0.0,5.0,589.2,1,1,0,0,7046.63,88604.01,88692.84,29,6,0,0,0,17
C01045,2026-01-26,Nairobi,Salaried,Permanent,M,52,Tier2,462,1,SME_Loan,1045547.01,,,0.1997,12,433260.89,2.4132,470.3,2,0,1,2,4253.51,19715.56,18769.81,26,8,0,0,0,34
C01047,2026-01-26,Machakos,Salaried,Permanent,M,31,Tier2,395,1,Personal_Loan,328837.45,,,0.2384,36,292270.23,1.1251,583.1,1,0,22,6,3376.55,141169.62,133822.86,32,5,0,0,0,14
C01050,2026-01-26,Nyeri,SME_Trade,Micro_Enterprise,M,26,Tier2,395,0,Personal_Loan,452799.66,,,0.2539,36,720772.29,0.6282,481.0,2,2,29,5,0.0,110045.19,134959.38,22,3,0,0,0,32
C01051,2026-01-26,Nairobi,Salaried,Permanent,M,43,Tier2,449,1,Personal_Loan,275849.83,,,0.1779,24,188338.21,1.4647,551.7,1,1,4,0,0.0,0.0,0.0,17,4,1,1,0,167
C01052,2026-01-26,Nakuru,SME_Services,Micro_Enterprise,M,37,Tier2,412,0,SME_Loan,469829.14,,,0.2026,36,493599.94,0.9518,686.0,2,1,25,5,8344.65,39423.33,34503.47,22,5,2,0,0,7
C01054,2026-01-26,Nairobi,Agribusiness,Micro_Enterprise,M,64,Tier2,429,0,Personal_Loan,354858.62,,,0.1989,36,0.0,5.0,503.7,1,0,0,0,4324.29,47739.26,59818.73,14,1,1,0,1,122
C01058,2026-01-26,Meru,Salaried,Permanent,M,55,Tier1,315,1,Personal_Loan,395733.45,,,0.1835,36,254087.06,1.5575,578.0,2,1,0,0,5285.4,68650.66,63020.89,29,5,1,0,0,6
C01059,2026-01-26,Mombasa,SME_Trade,Self_Employed,F,40,Tier2,443,0,Overdraft,112960.03,287354.42,0.3742,0.2149,0,0.0,5.0,581.1,3,0,15,3,5951.53,17296.12,17147.5,12,2,2,0,0,16
C01062,2026-01-26,Meru,SME_Trade,Micro_Enterprise,M,51,Tier3,373,0,Personal_Loan,426638.49,,,0.2694,36,59895.11,5.0,436.4,1,0,52,6,2305.19,69228.91,49217.59,29,5,3,0,0,177
C01063,2026-01-26,Nyeri,SME_Services,Self_Employed,M,27,Tier3,443,1,Overdraft,0.0,220453.14,0.0677,0.2386,0,22596.65,0.05,630.2,1,1,4,5,2254.29,150398.52,121764.12,24,3,1,0,0,29
C01064,2026-01-26,Nairobi,Salaried,Permanent,F,52,Tier2,475,1,Personal_Loan,126599.83,,,0.2532,12,400786.91,0.3159,556.3,1,1,0,0,4478.01,35831.33,32327.05,30,6,1,0,0,31
C01067,2026-01-26,Nakuru,Salaried,Permanent,F,62,Tier3,242,1,SME_Loan,667956.17,,,0.2409,12,162960.04,4.0989,487.5,2,1,21,4,13909.92,57404.96,52326.05,34,6,1,0,0,32
C01068,2026-01-26,Kiambu,Salaried,Permanent,M,49,Tier1,424,1,Overdraft,145278.44,500097.46,0.2882,0.2426,0,135671.25,1.0708,568.3,1,2,9,6,28373.42,113283.62,56829.15,24,6,0,0,0,5
C01071,2026-01-26,Nairobi,Transport,Self_Employed,F,51,Tier2,393,0,Personal_Loan,427591.9,,,0.1564,12,703828.88,0.6075,591.5,1,1,29,1,12221.57,71326.83,61473.05,13,3,1,0,0,25
C01074,2026-01-26,Nairobi,SME_Trade,Micro_Enterprise,M,44,Tier3,230,0,SME_Loan,964617.24,,,0.2737,24,,,724.8,1,0,0,4,20887.83,169359.18,73247.56,24,2,0,0,0,9
C01076,2026-01-26,Nairobi,Salaried,Permanent,M,28,Tier2,439,1,SME_Loan,947801.61,,,0.279,24,5118.4,5.0,567.6,1,3,0,1,13381.27,97222.62,86772.41,20,6,0,0,0,31
C01077,2026-01-26,Meru,Construction,Micro_Enterprise,M,53,Tier2,372,1,Overdraft,152061.7,401448.37,0.3315,0.181,0,175266.11,0.8676,555.7,3,1,1,2,32255.76,95848.85,79720.18,25,5,0,0,0,17
C01082,2026-01-26,Nyeri,Salaried,Permanent,F,65,Tier2,409,1,Personal_Loan,558297.81,,,0.2126,24,118818.82,4.6987,634.2,1,0,13,4,13412.49,121954.88,192481.09,22,3,0,0,0,10
C01083,2026-01-26,Nakuru,Agribusiness,Self_Employed,M,64,Tier1,408,0,Overdraft,256896.6,194082.29,1.1704,0.2309,0,74492.52,3.4486,614.6,1,0,1,4,2296.21,42322.12,36451.26,15,3,1,1,0,136
C01086,2026-01-26,Mombasa,Salaried,Permanent,M,58,Tier2,473,1,Overdraft,0.0,167009.91,0.0,0.2593,0,158737.31,0.05,571.7,1,0,2,4,3016.34,23752.96,32152.16,30,7,1,1,1,187
C01087,2026-01-26,Kisumu,Salaried,Permanent,M,57,Tier2,450,1,SME_Loan,848258.77,,,0.2194,36,343495.24,2.4695,594.9,2,1,2,2,13996.68,111503.33,61224.26,26,7,2,0,0,20
C01090,2026-01-26,Kiambu,Other,Self_Employed,F,27,Tier3,373,0,SME_Loan,569159.3,,,0.2091,36,119159.53,4.7764,681.2,1,2,2,2,13134.34,53591.23,28769.92,25,4,1,0,0,11
C01091,2026-01-26,Meru,SME_Services,Self_Employed,M,43,Tier2,297,0,Credit_Card,184265.09,72580.21,1.8,0.2517,0,,,450.6,1,0,61,3,2233.37,19792.82,18025.53,13,1,0,1,0,11
C01093,2026-01-26,Kakamega,Salaried,Permanent,F,58,Tier2,415,1,Personal_Loan,505987.25,,,0.2322,24,463307.01,1.0921,650.2,2,0,5,3,3231.82,127138.32,62540.3,27,6,0,0,0,30
C01100,2026-01-26,Kiambu,Salaried,Permanent,F,40,Tier2,391,1,Personal_Loan,347517.8,,,0.2413,36,,,588.0,1,1,5,0,3869.95,22099.46,28327.53,26,4,1,1,0,19
C01102,2026-01-26,Kakamega,Agribusiness,Micro_Enterprise,F,42,Tier2,457,0,Overdraft,126753.99,84515.95,1.2988,0.2683,0,116699.27,1.0862,710.4,2,1,0,0,18129.98,91131.18,91903.22,20,5,0,0,0,15
C01104,2026-01-26,Kisumu,Salaried,Permanent,F,27,Tier2,404,1,SME_Loan,704184.33,,,0.2182,24,383619.48,1.8356,606.3,2,2,0,0,19758.13,90877.3,71363.11,25,8,0,0,0,7
C01105,2026-01-26,Nairobi,Salaried,Contract,M,34,Tier2,392,1,Personal_Loan,266359.08,,,0.1438,36,233462.21,1.1409,476.1,1,0,7,5,19269.56,109781.11,73610.92,24,5,1,0,0,223
C01106,2026-01-26,Nakuru,Salaried,Permanent,M,29,Tier2,406,1,SME_Loan,210904.29,,,0.2065,36,291553.34,0.7234,616.5,3,0,5,1,25402.34,90247.61,110365.66,28,5,1,0,0,14
C01108,2026-01-26,Nyeri,SME_Services,Self_Employed,F,61,Tier2,473,0,Overdraft,12624.25,117960.37,0.5006,0.1388,0,139893.67,0.0902,464.1,2,0,33,4,18350.6,79149.52,68153.69,19,6,3,0,1,131
C01111,2026-01-26,Mombasa,Salaried,Permanent,F,49,Tier3,409,1,Overdraft,194442.87,328025.75,0.6885,0.2114,0,0.0,5.0,618.3,3,0,0,0,398.58,33099.1,27188.22,37,8,0,0,0,25
C01113,2026-01-26,Nakuru,Salaried,Permanent,F,29,Tier1,437,1,Credit_Card,156636.05,93159.41,1.8,0.374,0,,,565.5,2,1,16,0,6982.67,64768.37,55325.04,36,5,1,0,0,218
C01117,2026-01-26,Kisumu,Salaried,Permanent,F,65,Tier2,466,1,Personal_Loan,449439.18,,,0.2247,24,542821.66,0.828,495.2,3,0,4,4,10080.06,58772.82,44321.19,26,7,1,0,0,9
C01118,2026-01-26,Nairobi,Transport,Self_Employed,M,47,Tier2,378,0,Personal_Loan,201358.46,,,0.2538,36,232802.73,0.8649,607.1,3,0,24,4,9103.6,47065.94,32886.72,18,5,2,0,0,20
C01121,2026-01-26,Kakamega,Salaried,Permanent,M,21,Tier3,387,1,Overdraft,194890.47,324302.47,0.6637,0.2232,0,21978.33,5.0,612.7,1,0,28,2,7307.56,40293.28,38348.89,24,5,0,0,0,13
C01126,2026-01-26,Nairobi,Salaried,Contract,F,58,Tier1,467,1,Personal_Loan,399385.03,,,0.1736,24,235589.12,1.6953,502.8,2,1,58,5,0.0,8967.85,7684.59,22,3,0,1,0,236
C01127,2026-01-26,Nairobi,Transport,Self_Employed,F,59,Tier2,449,0,Overdraft,281270.24,272289.86,1.0658,0.2403,0,174991.83,1.6073,490.5,2,2,55,5,4232.47,38005.04,21814.52,22,4,2,0,0,28
C01132,2026-01-26,Meru,Salaried,Permanent,F,51,Tier1,356,1,Personal_Loan,283034.29,,,0.2704,12,517614.45,0.5468,708.6,1,0,0,0,79.13,76606.42,79322.02,31,6,0,0,0,222
C01133,2026-01-26,Kiambu,SME_Services,Self_Employed,M,56,Tier2,343,1,Personal_Loan,420717.96,,,0.1914,12,,,636.4,1,0,0,0,28968.7,71452.52,53698.52,13,3,1,0,0,21
C01136,2026-01-26,Meru,Construction,Self_Employed,F,23,Tier2,438,1,Personal_Loan,376573.1,,,0.2142,36,0.0,5.0,692.3,2,0,0,0,0.0,13948.23,12765.79,20,4,1,0,0,7
C01138,2026-01-26,Nairobi,Agribusiness,Micro_Enterprise,M,37,Tier3,484,0,Personal_Loan,510666.42,,,0.1943,18,490312.28,1.0415,612.1,1,2,16,2,1402.91,8412.52,7488.92,19,3,3,0,0,29
C01139,2026-01-26,Nyeri,Salaried,Permanent,F,54,Tier1,495,1,Overdraft,0.0,113407.5,0.1554,0.2784,0,153031.2,0.05,707.0,2,2,3,3,14602.82,109702.95,99812.97,25,7,0,0,0,22
C01140,2026-01-26,Nairobi,Hospitality,Micro_Enterprise,F,45,Tier2,444,0,Credit_Card,19618.57,152453.26,0.2388,0.2738,0,,,667.2,1,1,2,0,9469.97,66111.77,105014.31,25,6,0,0,0,10
C01141,2026-01-26,Nairobi,SME_Services,Micro_Enterprise,F,60,Tier1,286,0,Personal_Loan,241912.82,,,0.2564,24,676685.15,0.3575,633.2,3,2,13,6,12491.55,56535.29,40865.41,20,1,2,1,0,30
C01142,2026-01-26,Uasin Gishu,SME_Trade,Micro_Enterprise,M,36,Tier2,442,0,Personal_Loan,201376.12,,,0.2167,36,201821.32,0.9978,662.4,1,2,13,4,25948.47,137933.7,137131.43,18,3,1,0,0,13
C01145,2026-01-26,Uasin Gishu,SME_Services,Self_Employed,M,35,Tier1,439,1,SME_Loan,1615525.14,,,0.1938,24,,,429.8,4,0,25,2,10608.35,52120.93,51413.41,23,2,0,0,1,134
C01147,2026-01-26,Machakos,SME_Services,Self_Employed,M,44,Tier2,328,0,Overdraft,142108.69,184063.93,0.724,0.2212,0,275131.2,0.5165,558.0,1,0,20,6,4475.23,23478.79,23408.65,17,1,0,1,0,198
C01148,2026-01-26,Nairobi,Transport,Self_Employed,F,55,Tier3,460,0,Overdraft,18201.03,466136.49,0.0341,0.242,0,0.0,5.0,579.4,2,3,9,4,2487.27,15786.6,17005.44,28,2,1,0,0,11
C01149,2026-01-26,Nakuru,Agribusiness,Micro_Enterprise,M,52,Tier3,507,0,SME_Loan,531305.84,,,0.2179,36,501641.8,1.0591,691.6,1,1,0,2,18555.12,47409.72,36460.94,21,2,0,0,0,31
C01150,2026-01-26,Machakos,Hospitality,Self_Employed,F,59,Tier2,427,1,Overdraft,149069.48,109796.86,1.3853,0.2382,0,129078.25,1.1549,547.3,1,0,10,2,16964.13,71301.13,75485.38,24,4,0,0,0,17
C01152,2026-01-26,Nairobi,Salaried,Permanent,M,43,Tier1,432,1,SME_Loan,1222939.08,,,0.2453,24,540299.65,2.2634,518.2,1,2,24,1,0.0,106541.76,70037.47,30,5,1,0,0,13
C01155,2026-01-26,Nairobi,SME_Services,Self_Employed,F,34,Tier2,372,1,Overdraft,198080.37,135389.89,1.4322,0.3053,0,114129.79,1.7356,622.0,1,0,0,0,21833.88,92826.94,54046.55,23,3,1,1,0,212
C01156,2026-01-26,Kiambu,Agribusiness,Self_Employed,M,47,Tier1,415,0,SME_Loan,835694.21,,,0.2276,12,20216.82,5.0,666.6,2,0,8,4,863.04,23349.42,22394.34,15,3,1,0,0,26
C01164,2026-01-26,Nyeri,Salaried,Permanent,M,44,Tier2,473,1,Personal_Loan,355198.67,,,0.21,18,581900.36,0.6104,543.2,4,0,0,2,31285.88,194010.21,168249.48,26,8,0,0,0,30
C01165,2026-01-26,Nakuru,Salaried,Permanent,F,44,Tier2,480,1,Personal_Loan,253829.06,,,0.2888,18,170679.41,1.4872,751.5,1,2,1,1,17390.48,89031.89,95334.94,32,10,2,0,0,23
C01171,2026-01-26,Mombasa,Salaried,Permanent,M,49,Tier1,353,1,SME_Loan,192938.07,,,0.0873,36,,,414.0,1,0,5,3,5860.11,45020.83,54683.12,35,9,2,0,0,16
C01173,2026-01-26,Kiambu,SME_Services,Micro_Enterprise,F,38,Tier3,464,0,Personal_Loan,350143.98,,,0.2259,24,,,419.1,1,1,40,6,7935.86,23717.36,15898.05,24,5,1,0,0,161
C01175,2026-01-26,Nairobi,Salaried,Permanent,F,21,Tier2,428,1,SME_Loan,1099671.03,,,0.2653,48,335621.49,3.2765,583.4,1,2,1,0,71567.96,271201.97,232222.09,36,11,1,0,0,33
C01180,2026-01-26,Nairobi,SME_Trade,Micro_Enterprise,M,22,Tier1,431,0,Personal_Loan,365930.34,,,0.2636,12,683817.84,0.5351,526.6,2,0,0,0,950.05,25852.35,12349.25,15,3,0,0,0,8
C01181,2026-01-26,Kisumu,Salaried,Contract,M,48,Tier3,421,1,Overdraft,62586.27,266137.41,0.2714,0.3045,0,,,432.3,1,1,26,5,5467.68,25892.39,21245.16,32,9,1,0,0,141
C01186,2026-01-26,Mombasa,Salaried,Permanent,M,34,Tier2,448,1,Personal_Loan,77554.46,,,0.2054,24,328825.01,0.2359,730.2,1,1,0,0,1922.77,7427.71,5729.56,31,9,2,0,0,23
C01187,2026-01-26,Nakuru,Salaried,Permanent,F,27,Tier2,367,1,SME_Loan,475875.34,,,0.3265,36,47105.46,5.0,626.9,1,1,8,1,2158.73,33596.84,42948.92,32,7,1,1,1,205
C01191,2026-01-26,Nakuru,Construction,Micro_Enterprise,M,39,Tier3,483,1,Personal_Loan,358703.54,,,0.1527,24,355619.93,1.0087,567.4,1,0,28,4,6821.44,33853.41,42430.78,30,4,0,0,0,191
C01194,2026-01-26,Machakos,SME_Services,Micro_Enterprise,F,52,Tier3,493,0,SME_Loan,362436.22,,,0.1915,48,546944.32,0.6627,571.3,4,1,0,2,46132.23,249674.55,208592.46,16,6,0,0,0,19
C01197,2026-01-26,Kiambu,Transport,Micro_Enterprise,F,53,Tier3,429,0,Overdraft,239963.58,274855.56,0.8105,0.2444,0,0.0,5.0,463.3,2,0,17,3,7484.24,38997.3,19912.13,21,4,0,0,1,16
C01201,2026-01-26,Nairobi,Salaried,Permanent,F,60,Tier3,468,1,Personal_Loan,475425.06,,,0.2015,12,,,550.6,1,2,37,6,8131.2,93530.53,107341.94,36,5,1,0,0,32
C01203,2026-01-26,Nakuru,Transport,Self_Employed,F,65,Tier3,373,1,Credit_Card,174681.01,89808.9,1.4354,0.2633,0,,,756.3,3,0,1,1,17701.53,102239.76,160124.96,31,4,0,0,0,21
C01204,2026-01-26,Nairobi,SME_Trade,Self_Employed,M,55,Tier3,433,0,Personal_Loan,548480.84,,,0.2704,18,585184.8,0.9373,542.4,1,0,1,4,2564.24,15969.03,9412.45,26,3,0,0,0,138
C01206,2026-01-26,Machakos,SME_Trade,Self_Employed,F,61,Tier1,319,0,Personal_Loan,50614.16,,,0.208,36,559862.38,0.0904,607.8,3,0,4,2,4615.95,24289.91,10489.37,16,7,0,0,0,11
C01213,2026-01-26,Kiambu,Salaried,Permanent,F,41,Tier2,463,1,Overdraft,92889.25,280328.53,0.2444,0.2307,0,0.0,5.0,751.5,2,0,0,1,4146.34,72598.33,69258.01,30,10,0,0,0,16
C01215,2026-01-26,Nakuru,Salaried,Permanent,F,24,Tier2,476,1,SME_Loan,417258.03,,,0.2114,24,312871.05,1.3336,601.1,3,0,14,5,1857.67,25202.11,24508.94,30,10,1,0,1,229
C01216,2026-01-26,Meru,Salaried,Permanent,M,26,Tier2,421,1,Personal_Loan,471003.31,,,0.1728,36,,,710.0,4,0,0,0,7411.76,109139.27,80853.02,19,7,0,0,0,25
C01222,2026-01-26,Uasin Gishu,Salaried,Permanent,M,45,Tier3,400,1,Personal_Loan,387519.93,,,0.25,18,337645.48,1.1477,580.3,2,0,3,3,19046.3,120320.68,130460.64,19,9,1,0,0,28
C01227,2026-01-26,Machakos,Agribusiness,Self_Employed,M,25,Tier1,403,0,Overdraft,214497.15,512852.58,0.4049,0.2793,0,0.0,5.0,639.6,2,2,7,2,20131.03,94821.53,69139.18,15,4,2,0,0,24
C01232,2026-01-26,Kisumu,Salaried,Permanent,F,54,Tier1,421,1,Overdraft,261469.5,516400.42,0.4528,0.1752,0,75525.11,3.462,597.7,1,0,0,0,10975.56,86162.75,106100.3,23,9,1,0,0,33
C01233,2026-01-26,Meru,Other,Self_Employed,F,64,Tier1,496,1,SME_Loan,651744.71,,,0.1973,12,,,652.8,1,1,20,6,64.07,2683.23,1920.25,10,2,0,0,0,30
C01234,2026-01-26,Kiambu,SME_Services,Self_Employed,M,54,Tier1,495,1,SME_Loan,567611.92,,,0.2546,24,0.0,5.0,666.7,3,0,4,5,22725.33,117517.65,152245.27,14,3,0,0,0,11
C01235,2026-01-26,Nyeri,SME_Services,Self_Employed,F,49,Tier2,400,0,Personal_Loan,386989.36,,,0.2259,36,60782.64,5.0,572.1,1,1,0,2,1499.77,110185.88,65970.22,14,4,0,0,0,6
C01239,2026-01-26,Nairobi,Salaried,Permanent,F,34,Tier2,445,1,Personal_Loan,379114.56,,,0.241,12,754629.57,0.5024,581.8,1,1,3,2,2816.52,12703.34,14831.29,18,9,0,0,0,19
C01243,2026-01-26,Meru,Salaried,Contract,F,64,Tier2,441,1,SME_Loan,328506.71,,,0.1711,36,66803.37,4.9175,554.5,3,1,0,2,13363.62,75059.92,33054.35,20,4,0,0,0,31
C01244,2026-01-26,Nairobi,Salaried,Permanent,M,43,Tier2,462,1,Credit_Card,167311.49,154653.76,0.9913,0.2508,0,,,673.1,3,1,0,0,8213.99,193209.92,182981.82,25,8,1,0,0,18
C01245,2026-01-26,Meru,Salaried,Permanent,M,60,Tier2,324,1,Personal_Loan,361571.32,,,0.234,24,,,615.1,1,2,0,0,59783.0,226236.56,171418.66,33,4,0,0,0,32
C01246,2026-01-26,Nairobi,SME_Trade,Self_Employed,M,65,Tier1,455,0,Personal_Loan,294206.51,,,0.19,36,462960.45,0.6355,623.8,1,1,3,3,1284.15,33464.67,39124.84,17,4,0,0,0,30
C01247,2026-01-26,Kisumu,Salaried,Permanent,M,59,Tier3,349,1,Personal_Loan,390519.58,,,0.1824,12,687068.27,0.5684,568.6,1,0,0,0,9255.98,33187.46,23461.65,27,1,0,0,0,16
C01252,2026-01-26,Mombasa,Agribusiness,Self_Employed,M,39,Tier1,479,1,Personal_Loan,327435.38,,,0.277,12,56314.58,5.0,587.7,1,1,34,6,1739.48,82814.73,75667.91,21,2,2,0,0,6
C01253,2026-01-26,Nakuru,Salaried,Permanent,F,24,Tier1,434,1,Personal_Loan,285685.26,,,0.2205,12,247397.77,1.1548,668.4,1,0,26,6,30240.79,99550.59,91986.91,29,5,1,0,0,34
C01254,2026-01-26,Meru,Salaried,Permanent,M,56,Tier3,475,1,SME_Loan,539337.95,,,0.2142,48,517039.96,1.0431,704.9,3,1,8,5,40901.59,209697.03,197427.15,27,4,0,0,0,13
C01255,2026-01-26,Machakos,Salaried,Permanent,F,50,Tier2,368,1,Personal_Loan,178666.99,,,0.1528,36,474945.83,0.3762,560.9,2,3,3,5,3180.2,15963.49,8795.02,30,2,1,0,0,23
C01257,2026-01-26,Nyeri,SME_Trade,Self_Employed,M,30,Tier2,275,0,Personal_Loan,304756.33,,,0.2665,24,482547.78,0.6316,691.3,3,1,42,3,16610.89,48458.97,64267.24,18,4,2,1,0,9
C01259,2026-01-26,Uasin Gishu,Salaried,Permanent,F,45,Tier2,397,1,SME_Loan,658041.0,,,0.2671,24,431326.09,1.5256,578.1,2,2,0,1,26807.03,195333.18,137656.54,18,3,2,0,0,14
C01263,2026-01-26,Nairobi,Salaried,Permanent,M,41,Tier3,451,1,Credit_Card,45137.67,126487.72,0.4572,0.2461,0,,,587.0,1,2,6,2,20656.52,145832.1,136660.05,45,10,2,0,0,8
C01264,2026-01-26,Machakos,Salaried,Permanent,M,58,Tier2,399,1,Personal_Loan,111272.55,,,0.1168,24,462326.19,0.2407,548.3,2,0,35,4,0.0,8996.87,11761.31,30,5,0,0,0,14
C01265,2026-01-26,Nairobi,Hospitality,Self_Employed,F,31,Tier3,426,1,Overdraft,0.0,50000.0,0.0,0.2315,0,13323.97,0.05,633.8,2,0,0,0,17530.22,229445.05,176264.52,20,7,2,0,0,25
C01267,2026-01-26,Kiambu,SME_Services,Self_Employed,M,23,Tier2,417,0,Personal_Loan,281193.03,,,0.2144,12,,,452.1,1,1,43,5,1396.85,41009.28,32909.06,20,3,0,0,0,173
C01268,2026-01-26,Kiambu,Transport,Self_Employed,F,37,Tier2,421,0,Personal_Loan,211799.9,,,0.2651,18,0.0,5.0,701.2,2,0,31,4,28639.94,90353.17,71079.27,18,4,1,0,0,26
C01274,2026-01-26,Nairobi,Other,Self_Employed,M,51,Tier2,370,1,SME_Loan,558141.96,,,0.2025,12,704821.95,0.7919,518.1,4,1,40,3,6296.17,38718.16,44026.96,18,0,3,0,0,21
C01280,2026-01-26,Nairobi,SME_Services,Self_Employed,F,59,Tier3,380,0,Personal_Loan,239991.85,,,0.1513,36,223787.2,1.0724,422.3,1,0,55,6,13681.61,110378.54,102050.02,20,2,2,1,1,198
C01281,2026-01-26,Nairobi,SME_Services,Micro_Enterprise,M,54,Tier2,300,1,Credit_Card,0.0,276019.47,0.0,0.3311,0,,,550.2,1,0,8,3,3859.82,80462.05,50987.16,11,5,2,0,0,20
C01282,2026-01-26,Nyeri,Agribusiness,Self_Employed,F,54,Tier1,397,1,SME_Loan,716241.19,,,0.1517,24,654313.46,1.0946,578.7,1,1,39,2,24652.05,93951.94,24841.41,15,4,1,1,1,178
C01284,2026-01-26,Nairobi,Salaried,Contract,F,57,Tier2,362,1,Overdraft,102186.73,254204.68,0.4919,0.2128,0,209021.64,0.4889,656.7,1,1,13,3,0.0,0.0,0.0,21,3,1,0,0,16
C01288,2026-01-26,Uasin Gishu,SME_Services,Micro_Enterprise,F,31,Tier1,449,0,Overdraft,117151.7,405942.37,0.2593,0.2737,0,0.0,5.0,611.4,1,1,0,5,0.0,110247.87,78244.07,18,2,1,0,0,23
C01289,2026-01-26,Nakuru,SME_Trade,Self_Employed,F,25,Tier1,505,0,Personal_Loan,350952.39,,,0.2373,36,0.0,5.0,643.5,2,1,15,2,56.3,2210.2,2510.23,19,6,0,0,0,34
C01290,2026-01-26,Machakos,SME_Trade,Micro_Enterprise,M,48,Tier2,237,0,Overdraft,6371.16,137438.97,0.1542,0.2292,0,137911.31,0.05,577.3,1,0,0,1,0.0,79598.3,85210.63,17,7,3,0,0,16
C01294,2026-01-26,Nakuru,SME_Services,Self_Employed,F,21,Tier1,412,1,Overdraft,157112.25,335431.33,0.4924,0.1992,0,,,734.8,1,0,22,1,11639.5,82248.68,72994.34,19,9,0,0,0,12
C01296,2026-01-26,Meru,SME_Trade,Micro_Enterprise,M,44,Tier3,455,0,Credit_Card,0.0,144401.85,0.0,0.2615,0,,,698.5,1,2,0,0,14339.79,197155.9,191193.25,17,3,0,0,0,7
C01300,2026-01-26,Nairobi,Agribusiness,Self_Employed,F,22,Tier1,247,0,SME_Loan,213233.03,,,0.1426,48,558948.23,0.3815,462.1,1,2,28,3,0.0,52921.59,53699.39,23,8,1,0,0,30
C01301,2026-01-26,Meru,Salaried,Permanent,M,55,Tier2,510,1,Personal_Loan,363445.53,,,0.2668,12,510350.71,0.7121,494.4,2,1,36,6,21595.49,115294.61,121632.31,28,2,1,0,0,15
C01308,2026-01-26,Nairobi,SME_Trade,Micro_Enterprise,F,31,Tier3,178,0,Personal_Loan,184197.53,,,0.2322,12,225073.83,0.8184,668.0,1,2,5,2,16543.75,60748.35,70452.25,28,3,1,0,0,14
C01309,2026-01-26,Meru,Agribusiness,Micro_Enterprise,F,39,Tier2,363,0,SME_Loan,809694.43,,,0.204,24,340393.18,2.3787,461.9,2,3,35,2,10223.2,51609.79,46660.39,17,8,0,0,0,21
C01322,2026-01-26,Nakuru,Construction,Self_Employed,M,33,Tier1,399,0,Personal_Loan,350762.52,,,0.2402,12,132995.52,2.6374,543.2,3,0,13,6,6632.33,20540.74,25563.88,17,6,2,0,0,5
C01324,2026-01-26,Uasin Gishu,Transport,Micro_Enterprise,M,60,Tier2,294,0,SME_Loan,272346.13,,,0.1913,24,,,700.3,1,0,2,0,13635.35,78600.67,94144.25,18,5,0,0,0,17
C01326,2026-01-26,Uasin Gishu,Agribusiness,Micro_Enterprise,M,29,Tier2,392,0,Overdraft,38499.76,271174.44,0.1757,0.2767,0,122146.71,0.3152,476.7,1,0,6,5,7657.92,75324.61,89193.47,27,3,0,0,0,13
C01329,2026-01-26,Nyeri,Agribusiness,Micro_Enterprise,M,51,Tier3,440,0,Personal_Loan,321091.29,,,0.2612,24,443889.38,0.7234,678.7,1,4,0,0,2349.82,14750.86,11467.62,19,4,0,0,0,30
C01332,2026-01-26,Uasin Gishu,Salaried,Permanent,F,53,Tier2,399,1,Personal_Loan,344854.2,,,0.1747,36,853872.24,0.4039,647.0,1,0,17,6,9098.31,42671.46,38154.86,23,4,2,0,0,15
C01333,2026-01-26,Machakos,Salaried,Permanent,M,40,Tier2,403,1,Personal_Loan,334149.99,,,0.2419,12,506104.21,0.6602,594.1,1,1,0,1,11056.91,111025.07,111749.78,33,2,0,0,0,8
C01334,2026-01-26,Nairobi,Hospitality,Micro_Enterprise,M,57,Tier3,398,0,Personal_Loan,15734.77,,,0.2443,18,398793.27,0.05,694.3,1,0,0,1,24986.15,146088.31,170720.56,20,1,0,0,0,23
C01335,2026-01-26,Kisumu,SME_Services,Self_Employed,M,45,Tier3,399,0,Overdraft,0.0,401623.22,0.0,0.2816,0,0.0,0.05,627.4,1,1,0,1,8552.09,76290.08,91138.99,27,5,1,1,0,16
C01336,2026-01-26,Nairobi,Transport,Micro_Enterprise,F,65,Tier2,382,0,Personal_Loan,305992.2,,,0.1394,36,963942.68,0.3174,586.2,1,1,0,0,15736.09,71947.59,59283.98,11,4,1,0,0,15
C01337,2026-01-26,Nairobi,Agribusiness,Self_Employed,F,49,Tier2,409,0,Personal_Loan,421242.38,,,0.2491,24,,,539.5,1,0,24,6,10047.55,47373.56,45556.89,12,7,2,0,0,9
C01340,2026-01-26,Nakuru,SME_Trade,Self_Employed,M,39,Tier2,503,0,Personal_Loan,464802.02,,,0.2842,24,277505.96,1.6749,542.8,1,0,44,6,6620.87,26950.55,20722.51,17,5,0,0,0,184
C01341,2026-01-26,Nairobi,SME_Services,Self_Employed,M,45,Tier1,475,0,Overdraft,287254.07,398513.88,0.7349,0.1901,0,135594.52,2.1185,572.0,2,0,20,6,8831.02,60244.52,53636.47,19,9,1,1,0,23
C01343,2026-01-26,Kisumu,Salaried,Permanent,M,26,Tier2,395,1,SME_Loan,459668.5,,,0.244,12,573892.23,0.801,564.5,2,0,1,2,25337.29,93954.35,79694.64,30,4,0,0,0,6
C01346,2026-01-26,Mombasa,SME_Services,Self_Employed,F,65,Tier2,461,0,Personal_Loan,471119.42,,,0.2674,24,652374.81,0.7222,634.6,1,1,9,2,3065.27,8710.7,7643.01,20,5,0,0,0,13
C01349,2026-01-26,Nairobi,Salaried,Permanent,F,54,Tier3,414,1,Personal_Loan,276251.54,,,0.2071,12,627475.61,0.4403,656.8,2,1,0,1,15688.24,56640.75,54586.84,27,4,0,0,0,30
C01350,2026-01-26,Mombasa,Salaried,Permanent,F,47,Tier3,278,1,Personal_Loan,350593.15,,,0.2442,36,945627.98,0.3708,704.9,1,0,0,1,4652.64,99357.11,112269.09,28,4,0,0,0,23
C01352,2026-01-26,Nairobi,Agribusiness,Self_Employed,F,38,Tier2,346,0,Personal_Loan,492334.38,,,0.2109,18,0.0,5.0,607.7,1,0,20,3,2968.44,33486.4,27945.76,21,3,0,0,0,24
C01355,2026-01-26,Kiambu,SME_Services,Self_Employed,M,30,Tier1,415,0,Overdraft,0.0,300366.27,0.0003,0.1869,0,145788.49,0.05,616.6,1,0,24,2,1960.02,19443.62,23745.18,14,5,2,0,0,24
C01360,2026-01-26,Nairobi,Salaried,Permanent,M,37,Tier2,507,1,Overdraft,50686.39,312808.51,0.1586,0.2856,0,77620.82,0.653,634.0,2,0,17,2,8708.29,53387.69,69016.68,18,4,0,0,0,27
C01362,2026-01-26,Nairobi,Salaried,Permanent,F,24,Tier2,510,1,Personal_Loan,367628.71,,,0.2253,18,0.0,5.0,650.7,2,0,1,0,1673.42,20663.92,27372.07,24,8,2,0,0,17
C01363,2026-01-26,Nakuru,Salaried,Permanent,M,36,Tier1,363,1,Personal_Loan,157753.79,,,0.2628,12,956669.3,0.1649,577.6,1,0,0,0,6596.58,57050.29,55395.56,27,6,0,0,0,34
C01364,2026-01-26,Nairobi,Construction,Micro_Enterprise,M,30,Tier2,454,1,Overdraft,163970.31,356554.93,0.4914,0.1596,0,0.0,5.0,600.3,1,0,29,6,17607.71,96228.69,120131.71,14,7,0,0,0,23
C01366,2026-01-26,Nairobi,SME_Trade,Self_Employed,M,21,Tier3,404,0,SME_Loan,756459.5,,,0.2298,12,140951.42,5.0,607.9,1,3,6,4,10570.42,73763.0,48609.92,27,7,1,0,0,21
C01370,2026-01-26,Nairobi,Salaried,Permanent,F,49,Tier2,298,1,Personal_Loan,228483.21,,,0.2411,12,267743.35,0.8534,542.3,1,0,30,3,20308.45,81760.18,45472.5,32,5,0,0,0,32
C01371,2026-01-26,Machakos,Salaried,Permanent,F,60,Tier2,329,1,Credit_Card,116015.24,135904.63,0.8439,0.222,0,,,626.0,1,2,6,1,16124.51,152044.35,156129.92,22,3,0,0,0,21
C01372,2026-01-26,Nairobi,Salaried,Permanent,F,36,Tier2,418,1,Personal_Loan,233766.0,,,0.2198,18,36639.05,5.0,713.0,1,1,1,1,9623.41,108723.8,109113.57,31,6,1,0,0,17
C01373,2026-01-26,Nairobi,Salaried,Permanent,F,41,Tier2,294,1,Personal_Loan,86734.72,,,0.192,18,330685.64,0.2623,608.7,1,1,6,2,0.0,0.0,0.0,33,6,1,0,0,33
C01374,2026-01-26,Kisumu,Salaried,Contract,F,39,Tier3,265,1,SME_Loan,116781.38,,,0.2484,24,553522.54,0.211,480.2,2,0,44,5,3922.54,33366.34,36418.51,36,8,1,0,0,23
C01377,2026-01-26,Kiambu,Salaried,Permanent,M,64,Tier2,398,1,Personal_Loan,458237.58,,,0.2032,12,414490.36,1.1055,641.5,2,4,10,4,36550.43,130418.62,157145.68,19,6,1,0,0,7
C01379,2026-01-26,Nairobi,Salaried,Contract,M,43,Tier2,464,1,Personal_Loan,582416.09,,,0.2545,18,441853.25,1.3181,610.7,1,1,0,0,34722.08,125938.3,93098.48,19,5,1,0,0,6
C01383,2026-01-26,Kakamega,SME_Trade,Micro_Enterprise,F,36,Tier3,438,1,Personal_Loan,357090.16,,,0.1965,36,0.0,5.0,564.1,1,2,6,4,3705.4,18210.75,22930.96,29,6,4,1,0,215
C01387,2026-01-26,Nairobi,Agribusiness,Self_Employed,M,46,Tier2,423,0,Overdraft,224439.57,179454.48,1.2832,0.2907,0,157363.87,1.4262,507.7,3,0,18,4,823.54,14854.16,19016.35,23,5,1,1,0,200
C01393,2026-01-26,Nairobi,Salaried,Permanent,M,65,Tier2,459,1,Personal_Loan,152256.07,,,0.2335,36,199942.33,0.7615,662.0,1,2,0,1,26293.77,137298.48,116332.68,35,7,0,0,0,8
C01394,2026-01-26,Mombasa,Salaried,Permanent,F,54,Tier1,442,1,Personal_Loan,241347.14,,,0.2098,18,95579.89,2.5251,707.9,2,0,0,0,21091.65,90273.75,46946.78,28,5,0,0,0,21
C01397,2026-01-26,Nairobi,Salaried,Permanent,M,48,Tier3,307,1,Personal_Loan,321944.65,,,0.1913,24,516097.5,0.6238,581.3,1,3,45,5,1867.31,126251.98,122063.24,41,5,2,0,0,17
C01398,2026-01-26,Nairobi,Salaried,Permanent,M,50,Tier2,343,1,Overdraft,125134.06,302770.88,0.3595,0.1997,0,84613.29,1.4789,705.3,1,1,0,0,24129.01,101929.68,69819.2,21,7,1,0,0,9
C01400,2026-01-26,Mombasa,SME_Services,Self_Employed,F,34,Tier1,469,1,Credit_Card,143474.61,131287.42,1.3596,0.3127,0,,,629.1,2,2,0,1,0.0,18506.69,11043.45,15,1,0,0,0,24
C01401,2026-01-26,Kiambu,SME_Trade,Micro_Enterprise,F,59,Tier3,508,0,Credit_Card,102921.8,369297.75,0.3336,0.3556,0,,,553.8,1,2,25,1,8669.03,53143.43,60107.65,22,5,0,0,0,8
C01403,2026-01-26,Kiambu,Salaried,Permanent,F,34,Tier2,308,1,Personal_Loan,363195.85,,,0.1872,24,709818.05,0.5117,484.8,1,0,23,4,2089.43,23975.82,35631.14,28,2,2,1,0,159
C01404,2026-01-26,Nakuru,Salaried,Permanent,F,35,Tier2,371,1,Overdraft,83293.36,430611.77,0.2535,0.25,0,86710.0,0.9606,691.7,1,3,2,3,17663.55,166360.07,106863.06,31,4,0,1,1,147
C01408,2026-01-26,Nyeri,Transport,Self_Employed,F,60,Tier3,510,1,Overdraft,33406.02,264816.32,0.0296,0.193,0,228373.98,0.1463,606.2,2,0,4,2,9167.54,34221.73,38713.73,30,2,1,0,0,23
C01411,2026-01-26,Mombasa,Salaried,Permanent,M,23,Tier2,406,1,Personal_Loan,476268.62,,,0.189,12,167583.48,2.842,528.3,2,0,0,0,4002.15,130172.3,141404.05,27,2,0,0,0,11
C01412,2026-01-26,Kakamega,SME_Services,Self_Employed,M,46,Tier2,505,0,Personal_Loan,272090.56,,,0.2603,12,1003262.23,0.2712,651.8,3,2,1,1,1999.11,120200.6,126724.4,11,5,2,0,0,7
C01413,2026-01-26,Nairobi,Salaried,Contract,F,32,Tier2,365,1,SME_Loan,839413.2,,,0.1569,12,430572.4,1.9495,672.6,2,1,6,4,0.0,227400.37,269605.76,27,8,2,0,0,20
C01414,2026-01-26,Meru,SME_Trade,Self_Employed,M,56,Tier1,402,0,Personal_Loan,344363.8,,,0.1844,18,1043397.74,0.33,643.1,2,1,5,4,18185.35,81241.51,69711.34,14,3,1,0,0,13
C01415,2026-01-26,Nairobi,Salaried,Permanent,M,47,Tier2,407,1,Overdraft,153761.62,226874.03,0.9251,0.2332,0,198102.82,0.7762,658.4,1,0,0,0,3558.87,19431.16,8684.24,20,4,0,0,0,25
C01417,2026-01-26,Machakos,Construction,Self_Employed,F,49,Tier1,342,0,Overdraft,317691.36,218463.54,1.4714,0.2897,0,224100.36,1.4176,445.9,1,1,47,3,13037.03,83060.34,85424.39,19,3,0,1,0,131
C01418,2026-01-26,Kisumu,Transport,Micro_Enterprise,F,40,Tier1,397,0,Personal_Loan,241936.55,,,0.1462,36,817069.0,0.2961,665.8,1,1,5,1,9744.69,49680.98,54696.29,15,4,0,0,0,26
C01419,2026-01-26,Nairobi,Construction,Micro_Enterprise,F,59,Tier2,447,1,Overdraft,245121.94,135628.63,1.5852,0.1259,0,134600.48,1.8211,658.8,1,1,2,6,25440.23,100119.53,137624.24,17,5,1,0,0,12
C01420,2026-01-26,Meru,Salaried,Permanent,M,42,Tier1,435,1,Personal_Loan,278733.68,,,0.2485,18,86387.22,3.2266,565.8,1,1,16,5,9220.11,68164.54,43341.77,18,4,0,1,0,203
C01428,2026-01-26,Kakamega,Agribusiness,Self_Employed,F,61,Tier2,445,1,Credit_Card,43835.13,216148.23,0.2154,0.2349,0,,,375.7,1,0,57,3,601.17,7581.86,7782.87,15,4,1,0,0,6
C01429,2026-01-26,Nairobi,Salaried,Permanent,F,33,Tier3,409,1,SME_Loan,884834.39,,,0.2806,36,33233.28,5.0,722.3,2,1,0,0,14050.2,119377.66,55706.48,17,9,0,0,0,32
C01430,2026-01-26,Kisumu,SME_Services,Self_Employed,M,56,Tier1,390,0,Personal_Loan,82838.46,,,0.1942,36,365927.34,0.2264,727.6,1,0,1,0,477.07,7300.41,6819.5,11,1,0,0,0,27
C01432,2026-01-26,Kakamega,SME_Services,Self_Employed,F,29,Tier2,439,0,Personal_Loan,151974.12,,,0.2485,24,874045.85,0.1739,575.0,1,2,31,5,16528.53,242331.53,255521.61,20,5,2,0,0,24
C01433,2026-01-26,Uasin Gishu,Salaried,Permanent,M,28,Tier3,450,1,Overdraft,211446.18,284987.33,0.8893,0.1762,0,,,503.7,2,1,19,4,7972.67,65506.45,76918.08,35,7,0,0,0,24
C01434,2026-01-26,Meru,Salaried,Permanent,F,46,Tier1,472,1,Personal_Loan,222712.09,,,0.2372,24,519629.33,0.4286,598.8,1,0,0,2,6887.8,162380.86,146314.71,19,8,2,0,0,15
C01436,2026-01-26,Mombasa,Salaried,Permanent,F,25,Tier2,394,1,Overdraft,11622.6,338550.66,0.0,0.2771,0,120300.31,0.0966,626.7,1,1,14,5,28490.62,152531.17,88168.24,26,6,3,0,0,33
C01437,2026-01-26,Nyeri,SME_Services,Self_Employed,M,40,Tier2,503,1,Personal_Loan,382330.38,,,0.2741,24,605548.98,0.6314,704.5,1,1,0,0,26738.38,104436.89,87684.44,17,3,1,0,0,15
C01448,2026-01-26,Nairobi,Agribusiness,Self_Employed,F,64,Tier1,392,0,Overdraft,54952.38,254096.93,0.1432,0.3098,0,158951.71,0.3457,702.2,1,2,0,1,164.61,880.21,770.94,17,4,2,0,0,32
C01449,2026-01-26,Kiambu,SME_Services,Self_Employed,F,54,Tier2,271,1,Overdraft,4751.02,161037.52,0.0,0.3415,0,,,514.4,1,0,1,0,17357.5,55910.65,44826.97,15,4,0,0,0,9
C01453,2026-01-26,Nyeri,SME_Trade,Self_Employed,M,23,Tier2,382,1,Personal_Loan,567423.56,,,0.2095,18,223275.21,2.5414,593.5,1,3,0,1,2759.29,11528.75,11551.76,11,7,1,0,0,11
C01455,2026-01-26,Kisumu,Agribusiness,Self_Employed,M,46,Tier1,424,0,Personal_Loan,352551.71,,,0.2065,36,109187.52,3.2289,604.9,1,1,12,5,3535.06,22942.76,19219.0,23,0,0,0,0,16
C01457,2026-01-26,Nairobi,SME_Trade,Self_Employed,F,65,Tier3,297,0,Overdraft,93798.05,81139.2,1.2732,0.1098,0,214590.97,0.4371,669.4,1,0,0,2,11102.27,48121.08,22452.45,18,8,3,0,0,29
C01464,2026-01-26,Uasin Gishu,SME_Services,Self_Employed,M,23,Tier3,454,0,Personal_Loan,365082.03,,,0.2731,12,467005.69,0.7818,738.7,1,0,0,0,9896.73,21736.58,21297.12,28,3,0,0,0,26
C01469,2026-01-26,Uasin Gishu,Salaried,Permanent,F,55,Tier1,460,1,SME_Loan,814881.28,,,0.2264,24,8888.27,5.0,651.7,3,1,2,4,6625.49,33250.16,34788.47,32,6,0,0,0,33
C01471,2026-01-26,Mombasa,Transport,Self_Employed,F,61,Tier2,360,0,Personal_Loan,650474.39,,,0.2893,24,,,680.3,2,0,0,3,6041.69,56888.15,56558.05,8,6,0,0,0,10
C01473,2026-01-26,Kisumu,SME_Services,Micro_Enterprise,M,41,Tier1,384,0,Overdraft,27594.8,187715.06,0.0191,0.1891,0,174069.23,0.1585,684.7,2,0,12,6,14675.22,99100.88,107834.05,16,1,1,0,0,32
C01476,2026-01-26,Mombasa,Agribusiness,Micro_Enterprise,M,34,Tier2,470,0,Personal_Loan,336096.78,,,0.1387,18,420372.49,0.7995,689.4,3,0,3,6,4214.17,61236.54,48819.98,13,2,4,0,0,31
C01478,2026-01-26,Nairobi,Salaried,Permanent,F,38,Tier2,461,1,Personal_Loan,406766.35,,,0.214,12,0.0,5.0,539.2,1,0,13,1,8571.64,94298.63,84733.01,30,7,1,1,1,210
C01480,2026-01-26,Nakuru,Salaried,Contract,M,39,Tier2,444,1,SME_Loan,434345.73,,,0.2396,24,,,552.1,2,1,0,4,0.0,0.0,0.0,25,2,3,0,0,11
C01483,2026-01-26,Meru,Salaried,Permanent,M,34,Tier3,415,1,Overdraft,172258.99,309176.8,0.5587,0.2522,0,9604.81,5.0,742.3,2,2,1,0,31374.47,150025.1,153122.43,31,6,0,0,1,30
C01484,2026-01-26,Machakos,Salaried,Permanent,F,26,Tier2,369,1,SME_Loan,858871.16,,,0.2507,24,1090088.18,0.7879,656.8,1,1,3,1,1012.99,19545.26,21913.16,28,6,0,0,0,27
C01485,2026-01-26,Nairobi,Transport,Micro_Enterprise,F,39,Tier2,505,0,Personal_Loan,452194.62,,,0.1863,36,914545.17,0.4944,614.2,1,1,35,0,11066.4,51594.06,42565.27,14,2,2,1,0,28
C01487,2026-01-26,Nairobi,Transport,Self_Employed,M,28,Tier2,347,0,SME_Loan,613175.69,,,0.2863,24,418175.19,1.4663,548.9,1,0,7,2,12494.01,47794.22,57825.67,11,4,0,0,0,27
C01488,2026-01-26,Uasin Gishu,Salaried,Permanent,F,21,Tier2,417,1,Personal_Loan,308371.09,,,0.2384,36,489914.79,0.6294,595.0,1,1,0,0,12814.53,128768.31,181216.59,16,7,0,0,0,28
C01489,2026-01-26,Machakos,Salaried,Contract,F,25,Tier2,460,1,SME_Loan,230901.83,,,0.1438,12,535936.47,0.4308,440.4,1,0,20,4,19428.73,100999.14,88036.59,22,2,0,0,0,26
C01492,2026-01-26,Mombasa,Salaried,Permanent,M,43,Tier2,369,1,Personal_Loan,418845.89,,,0.1841,24,407212.04,1.0286,651.8,1,0,6,1,17652.06,127773.08,118337.79,28,3,1,0,0,27
C01493,2026-01-26,Nairobi,Salaried,Permanent,M,22,Tier1,378,1,SME_Loan,721114.38,,,0.1812,36,569089.82,1.2671,657.2,4,0,0,1,8768.15,106781.26,113044.88,16,7,0,0,0,8
C01494,2026-01-26,Nairobi,Salaried,Permanent,F,35,Tier2,425,1,Personal_Loan,495267.51,,,0.2618,18,961583.89,0.5151,580.2,1,4,15,5,16388.51,85153.31,89497.48,11,7,0,0,0,25
C01497,2026-01-26,Uasin Gishu,Salaried,Contract,F,45,Tier1,362,1,SME_Loan,645217.31,,,0.2638,48,,,641.9,1,0,0,3,17777.96,135783.49,100269.98,22,4,3,1,0,226
C01499,2026-01-26,Kisumu,Salaried,Permanent,M,42,Tier2,398,1,Personal_Loan,694226.02,,,0.2066,24,434742.9,1.5969,676.9,1,0,0,1,7526.94,44696.78,31471.79,28,7,1,0,0,7
C01500,2026-01-26,Kiambu,Hospitality,Self_Employed,M,58,Tier3,380,0,Personal_Loan,210710.53,,,0.2626,12,522600.35,0.4032,639.7,1,1,2,1,1477.5,6827.35,6829.92,24,3,3,0,0,15
C01501,2026-01-26,Nairobi,Transport,Micro_Enterprise,M,44,Tier2,379,0,SME_Loan,979657.58,,,0.0768,24,728667.7,1.3445,645.3,1,1,3,4,5487.34,40498.11,36468.26,18,5,2,0,0,16
C01503,2026-01-26,Machakos,Hospitality,Micro_Enterprise,F,31,Tier3,358,0,Overdraft,74191.41,179059.51,0.3748,0.2466,0,167515.68,0.4429,642.2,1,0,0,0,2802.78,11923.93,8752.43,18,2,0,0,0,5
C01504,2026-01-26,Kakamega,Salaried,Permanent,M,35,Tier1,420,1,Personal_Loan,305531.69,,,0.2797,36,916276.81,0.3334,675.9,1,1,5,4,9134.68,147536.31,132949.79,21,7,1,0,0,26
C01506,2026-01-26,Nairobi,Salaried,Contract,M,31,Tier2,308,1,SME_Loan,401295.6,,,0.3226,24,414535.32,0.9681,701.4,1,1,23,2,13212.49,176329.17,214896.08,17,10,0,0,0,22
C01507,2026-01-26,Machakos,Construction,Micro_Enterprise,F,62,Tier2,397,1,Personal_Loan,617561.32,,,0.2154,18,,,559.4,2,0,0,2,4346.84,31379.26,30348.46,14,7,0,0,0,32
C01508,2026-01-26,Kakamega,SME_Trade,Self_Employed,F,42,Tier2,422,1,Personal_Loan,375036.73,,,0.1474,18,658524.5,0.5695,512.8,1,0,57,3,7258.85,31011.76,20660.54,19,2,3,1,1,141
C01509,2026-01-26,Kisumu,Salaried,Permanent,M,59,Tier2,426,1,SME_Loan,813345.32,,,0.0942,24,,,731.6,2,0,2,4,1963.0,42450.49,22743.46,25,6,1,0,0,32
C01511,2026-01-26,Nairobi,Transport,Self_Employed,F,36,Tier2,453,1,Personal_Loan,159804.34,,,0.2419,24,638731.09,0.2502,533.8,1,0,4,6,1427.05,13899.68,13493.63,19,2,0,0,0,33
C01514,2026-01-26,Kiambu,Salaried,Permanent,M,35,Tier2,408,1,SME_Loan,841646.87,,,0.1958,36,452273.0,1.8609,595.4,2,1,0,1,1449.24,29107.81,22587.02,22,7,1,0,0,14
C01515,2026-01-26,Mombasa,Salaried,Permanent,F,32,Tier2,281,1,SME_Loan,699852.62,,,0.205,48,569610.57,1.2287,633.5,3,1,0,0,8725.61,137628.13,96391.5,32,2,1,0,0,12
C01516,2026-01-26,Kiambu,SME_Trade,Micro_Enterprise,F,62,Tier2,462,0,Overdraft,101186.73,66665.1,1.8,0.2521,0,16649.56,5.0,534.5,1,2,29,6,29537.34,108120.08,83731.67,20,4,1,0,0,34
C01520,2026-01-26,Mombasa,Salaried,Permanent,F,41,Tier2,402,1,Personal_Loan,219644.92,,,0.1927,18,535975.83,0.4098,620.4,2,0,0,5,28580.99,104100.41,48003.24,23,5,0,0,0,34
C01524,2026-01-26,Nyeri,Salaried,Permanent,M,27,Tier2,494,1,Personal_Loan,92161.2,,,0.2054,18,298397.83,0.3089,642.4,1,0,4,2,16385.22,109522.6,78320.07,25,9,1,0,0,14
C01526,2026-01-26,Mombasa,Salaried,Permanent,M,23,Tier2,436,1,Personal_Loan,689484.57,,,0.2181,24,185684.05,3.7132,696.2,2,3,0,0,361.3,25643.03,25074.26,24,9,2,0,0,18
C01528,2026-01-26,Nakuru,SME_Trade,Micro_Enterprise,M,27,Tier2,452,0,Personal_Loan,210612.97,,,0.1875,36,,,713.6,2,1,2,4,12050.65,68770.81,76662.73,16,1,0,0,0,25
C01529,2026-01-26,Mombasa,Salaried,Permanent,F,21,Tier2,330,1,SME_Loan,520805.0,,,0.1573,12,145718.2,3.5741,652.9,3,0,12,2,5278.85,53320.71,64645.64,26,6,1,0,0,10
C01530,2026-01-26,Kiambu,Other,Self_Employed,F,62,Tier1,366,1,Personal_Loan,164608.26,,,0.1578,36,257494.49,0.6393,656.7,1,0,0,0,47.02,21633.3,29940.58,11,5,2,0,0,34
C01534,2026-01-26,Nairobi,Hospitality,Self_Employed,F,29,Tier1,448,0,Personal_Loan,476180.1,,,0.2091,12,534436.0,0.891,632.3,1,0,0,0,3776.35,23246.51,7925.38,15,2,1,0,0,21
C01540,2026-01-26,Meru,Salaried,Permanent,F,48,Tier2,375,1,SME_Loan,141017.0,,,0.2212,24,231296.61,0.6097,598.9,1,2,27,5,29781.03,92891.03,86852.68,27,4,1,1,0,203
C01541,2026-01-26,Mombasa,Salaried,Permanent,F,42,Tier2,503,1,Credit_Card,109876.63,265125.69,0.6031,0.282,0,,,552.5,1,0,22,6,17235.96,37652.21,39548.02,21,9,0,0,0,18
C01543,2026-01-26,Kiambu,Transport,Self_Employed,M,24,Tier3,437,0,Personal_Loan,319450.95,,,0.2047,18,281278.23,1.1357,714.1,1,2,0,2,1162.89,7424.89,4987.3,22,5,1,0,0,5
C01544,2026-01-26,Uasin Gishu,Salaried,Permanent,M,46,Tier1,434,1,Personal_Loan,474305.9,,,0.1899,18,19607.45,5.0,647.7,4,3,0,0,0.0,36610.7,26207.26,24,3,1,1,0,33
C01547,2026-01-26,Machakos,Agribusiness,Self_Employed,M,51,Tier2,434,0,SME_Loan,914344.46,,,0.1413,24,,,678.6,1,1,12,3,113.05,1417.02,1180.32,12,6,1,0,0,22
C01549,2026-01-26,Nakuru,SME_Services,Self_Employed,M,43,Tier2,335,0,SME_Loan,376091.75,,,0.2683,36,374639.58,1.0039,605.4,2,1,0,1,6063.18,58437.04,69769.23,12,2,0,0,0,8
C01552,2026-01-26,Kiambu,SME_Services,Micro_Enterprise,F,59,Tier2,402,0,Personal_Loan,276944.0,,,0.2032,36,327779.12,0.8449,656.5,1,1,4,5,54240.65,285875.71,302562.99,23,4,2,0,0,10
C01553,2026-01-26,Nakuru,SME_Services,Self_Employed,F,44,Tier2,430,0,Personal_Loan,285438.11,,,0.2269,18,404153.2,0.7063,585.3,2,0,2,1,17992.57,115890.59,169539.02,18,6,2,0,0,147
C01559,2026-01-26,Kisumu,Agribusiness,Micro_Enterprise,M,65,Tier3,473,0,Credit_Card,0.0,67950.32,0.0,0.3585,0,,,687.7,1,0,20,3,2931.69,102064.12,81767.38,24,6,1,0,0,32
C01560,2026-01-26,Machakos,Salaried,Contract,F,59,Tier3,336,1,Personal_Loan,210150.21,,,0.2347,24,602402.55,0.3489,478.1,3,1,20,4,10887.5,185631.2,142866.78,30,6,1,0,0,10
C01561,2026-01-26,Nairobi,Salaried,Permanent,M,34,Tier2,434,1,Personal_Loan,285989.38,,,0.2446,24,96137.21,2.9748,714.2,1,1,0,0,4468.51,73563.23,49129.65,26,7,0,0,0,15
C01564,2026-01-26,Nairobi,Other,Micro_Enterprise,M,62,Tier3,452,0,Personal_Loan,416707.04,,,0.1736,18,592609.32,0.7032,741.4,1,0,0,2,10527.12,54846.91,60519.6,22,3,1,0,0,30
C01568,2026-01-26,Nairobi,SME_Trade,Micro_Enterprise,F,48,Tier1,365,1,SME_Loan,669442.93,,,0.1762,48,470444.09,1.423,579.4,1,1,11,2,22847.18,99725.4,87759.93,23,3,1,0,0,22
C01570,2026-01-26,Nyeri,SME_Trade,Micro_Enterprise,F,65,Tier3,478,0,SME_Loan,271454.43,,,0.2581,24,103099.67,2.6329,525.0,2,0,14,6,16799.02,155578.67,48171.12,31,1,2,0,0,7
C01571,2026-01-26,Kiambu,Transport,Micro_Enterprise,F,24,Tier1,464,1,Personal_Loan,84111.5,,,0.2775,18,0.0,5.0,480.2,1,2,40,4,4777.61,28297.03,23764.44,13,3,0,0,0,6
C01572,2026-01-26,Kakamega,SME_Trade,Micro_Enterprise,F,37,Tier2,388,0,SME_Loan,1056460.28,,,0.1212,48,,,582.5,3,1,5,3,7366.06,63657.33,59377.56,16,6,1,0,0,7
C01573,2026-01-26,Nakuru,Salaried,Permanent,M,54,Tier3,402,1,SME_Loan,0.0,,,0.2158,36,636001.05,0.05,526.4,2,0,30,5,22834.68,150920.17,216438.43,33,8,1,0,0,172
C01574,2026-01-26,Nairobi,SME_Services,Micro_Enterprise,M,57,Tier1,411,0,Personal_Loan,226861.22,,,0.1573,12,482890.16,0.4698,622.5,1,2,0,0,1135.01,7551.63,6462.19,18,5,0,0,0,29
C01575,2026-01-26,Nakuru,Salaried,Permanent,M,27,Tier2,406,1,Overdraft,313726.22,312174.24,1.1059,0.2191,0,22757.18,5.0,612.8,1,3,0,0,18349.51,180430.66,179685.34,30,9,1,0,0,30
C01578,2026-01-26,Meru,Salaried,Permanent,M,56,Tier2,411,1,Personal_Loan,243819.37,,,0.206,12,,,658.5,2,0,0,0,17772.85,95244.0,75997.09,27,6,0,0,0,28
C01579,2026-01-26,Uasin Gishu,Salaried,Permanent,M,26,Tier1,413,1,Personal_Loan,490334.76,,,0.285,36,867294.87,0.5654,665.6,1,0,0,0,0.0,0.0,0.0,31,9,0,0,0,18
C01585,2026-01-26,Kisumu,Salaried,Permanent,F,49,Tier1,436,1,Personal_Loan,62800.06,,,0.2325,12,0.0,5.0,511.0,1,0,0,5,7963.21,92344.04,61410.71,19,8,0,0,0,23
C01588,2026-01-26,Uasin Gishu,Hospitality,Self_Employed,M,24,Tier2,376,0,Personal_Loan,693687.81,,,0.2032,12,1167639.89,0.5941,617.4,1,0,0,0,12936.16,82686.07,87615.6,20,3,0,0,0,32
C01589,2026-01-26,Nyeri,Salaried,Permanent,F,59,Tier2,396,1,SME_Loan,715142.03,,,0.1676,24,354250.66,2.0187,665.5,2,0,0,1,4439.62,162518.27,128253.89,20,6,0,1,0,166
C01592,2026-01-26,Nyeri,Other,Self_Employed,M,36,Tier2,434,1,Overdraft,181439.26,403399.62,0.4535,0.2382,0,240406.14,0.7547,548.2,1,0,32,6,1253.11,8059.68,8846.14,20,3,1,1,1,221
C01594,2026-01-26,Mombasa,Hospitality,Micro_Enterprise,F,21,Tier2,432,1,Personal_Loan,250311.74,,,0.1408,18,637136.29,0.3929,570.8,1,2,0,0,24711.31,93457.32,79702.83,23,1,1,0,0,10
C01596,2026-01-26,Nairobi,Transport,Self_Employed,M,28,Tier2,380,1,SME_Loan,710599.83,,,0.2632,24,,,552.6,4,0,0,3,1136.31,9814.82,8018.61,24,3,2,0,0,31
C01598,2026-01-26,Kisumu,SME_Services,Self_Employed,M,53,Tier2,410,0,Credit_Card,19150.45,176249.71,0.048,0.2822,0,,,469.5,1,1,57,6,16401.06,101443.19,80628.19,24,3,1,1,0,131
C01602,2026-01-26,Mombasa,SME_Trade,Self_Employed,F,54,Tier2,338,0,Personal_Loan,267468.97,,,0.2367,36,,,608.7,1,2,1,3,1412.9,9040.61,5198.5,14,3,3,0,0,10
C01603,2026-01-26,Kiambu,SME_Services,Self_Employed,F,58,Tier2,408,0,Credit_Card,225407.36,201890.15,0.96,0.2727,0,,,645.7,1,1,3,2,4374.54,67416.96,81119.13,15,4,1,0,0,216
C01605,2026-01-26,Nairobi,SME_Trade,Self_Employed,M,26,Tier2,390,1,Personal_Loan,160314.44,,,0.2504,18,338327.68,0.4738,634.5,1,1,0,2,32048.19,105665.35,76464.38,12,8,1,0,0,29
C01608,2026-01-26,Mombasa,SME_Services,Self_Employed,M,47,Tier2,372,1,Personal_Loan,419704.58,,,0.3183,36,282553.55,1.4854,429.5,2,1,41,5,3043.52,28461.27,21367.67,20,5,0,0,1,206
C01609,2026-01-26,Nairobi,SME_Services,Self_Employed,M,31,Tier2,277,0,SME_Loan,415576.75,,,0.2638,12,,,511.6,1,0,0,2,22975.58,76571.74,73211.3,21,2,0,0,0,15
C01611,2026-01-26,Nairobi,Transport,Self_Employed,F,55,Tier3,345,1,Personal_Loan,457698.39,,,0.2329,18,236159.3,1.9381,665.0,1,0,0,0,17886.71,44252.93,54229.26,18,5,3,0,0,31
C01612,2026-01-26,Kakamega,SME_Services,Micro_Enterprise,F,27,Tier1,338,1,Overdraft,52068.76,349998.19,0.0169,0.2389,0,28867.79,1.8037,500.2,1,2,3,3,15991.62,71077.53,55872.35,19,4,1,0,0,17
C01614,2026-01-26,Mombasa,SME_Services,Self_Employed,M,52,Tier1,469,1,Personal_Loan,183014.01,,,0.2643,12,445142.76,0.4111,603.4,2,0,20,6,6647.27,40997.77,37546.45,19,2,0,0,0,163
C01618,2026-01-26,Nairobi,SME_Trade,Micro_Enterprise,M,43,Tier1,352,1,SME_Loan,694755.58,,,0.138,48,180911.49,3.8403,525.7,2,0,25,3,49168.8,190400.95,129274.21,19,1,1,0,0,21
C01619,2026-01-26,Kiambu,SME_Trade,Self_Employed,F,26,Tier2,470,1,Credit_Card,64672.35,89428.59,0.6234,0.2618,0,,,584.4,3,2,0,2,22942.76,74925.28,112897.58,20,2,1,0,0,19
C01620,2026-01-26,Nakuru,Other,Micro_Enterprise,F,65,Tier2,509,0,Personal_Loan,160395.51,,,0.1878,18,173675.49,0.9235,747.3,1,0,1,2,19385.05,95285.2,89969.86,13,3,2,1,0,10
C01624,2026-01-26,Mombasa,Salaried,Contract,F,21,Tier2,399,1,Personal_Loan,190244.53,,,0.2276,18,167815.58,1.1337,696.0,3,0,0,0,10224.92,31900.61,25723.98,24,3,0,0,0,25
C01631,2026-01-26,Nairobi,Agribusiness,Micro_Enterprise,F,46,Tier3,439,0,SME_Loan,587826.15,,,0.2182,36,,,670.6,2,1,1,6,30332.21,165505.61,115861.86,32,3,1,0,0,23
C01634,2026-01-26,Machakos,Transport,Self_Employed,M,60,Tier3,420,1,Personal_Loan,319407.34,,,0.1615,12,535267.44,0.5967,612.7,3,1,0,1,4192.77,52051.82,41647.79,24,4,0,0,0,9
C01636,2026-01-26,Nyeri,Salaried,Permanent,M,45,Tier1,413,1,Personal_Loan,427323.02,,,0.1955,12,290206.73,1.4725,621.5,1,0,10,2,16014.0,151604.43,127495.08,28,8,0,0,0,24
C01639,2026-01-26,Uasin Gishu,Salaried,Permanent,F,29,Tier2,255,1,Personal_Loan,383923.33,,,0.2173,36,505939.28,0.7588,695.1,1,0,1,4,0.0,53534.71,30412.22,23,7,1,0,0,9
C01640,2026-01-26,Uasin Gishu,Salaried,Permanent,F,33,Tier3,338,1,Overdraft,72512.03,54457.88,0.9424,0.3064,0,94809.74,0.7648,506.5,1,1,0,0,0.0,0.0,0.0,30,6,0,1,1,203
C01642,2026-01-26,Mombasa,Hospitality,Micro_Enterprise,M,23,Tier2,360,0,Credit_Card,46697.46,270279.52,0.1896,0.2214,0,,,547.6,2,1,0,2,3158.92,26252.75,20994.88,22,8,1,0,0,12
C01643,2026-01-26,Nairobi,SME_Services,Micro_Enterprise,M,41,Tier2,444,0,Overdraft,88094.6,123619.31,0.5516,0.2666,0,219487.79,0.4014,644.6,1,0,2,4,0.0,0.0,0.0,18,2,1,0,0,13
C01646,2026-01-26,Nairobi,SME_Trade,Micro_Enterprise,M,34,Tier3,344,1,SME_Loan,518321.84,,,0.2594,12,103385.46,5.0,516.0,2,0,44,4,6028.38,21836.65,10033.35,16,8,1,0,1,217
C01647,2026-01-26,Kakamega,Salaried,Permanent,F,36,Tier1,449,1,Overdraft,129905.66,403970.88,0.344,0.2234,0,186812.6,0.6954,580.9,1,0,35,4,0.0,115726.35,125056.06,36,7,0,0,1,123
C01648,2026-01-26,Nairobi,SME_Trade,Self_Employed,F,50,Tier3,431,0,SME_Loan,475666.39,,,0.2073,36,731500.36,0.6503,562.9,2,0,39,6,3957.84,35942.06,36637.17,21,6,0,0,0,10
C01649,2026-01-26,Uasin Gishu,Construction,Self_Employed,M,64,Tier3,437,0,Credit_Card,69800.96,213415.59,0.2753,0.342,0,,,611.1,1,0,0,2,21461.96,106112.97,103539.54,23,5,1,0,0,28
C01650,2026-01-26,Nyeri,Transport,Self_Employed,M,58,Tier1,351,0,Overdraft,100887.05,239919.33,0.2528,0.2167,0,270086.37,0.3735,628.2,1,0,4,6,10904.96,130910.63,123949.87,12,3,1,1,0,8
C01652,2026-01-26,Nakuru,Salaried,Permanent,M,21,Tier2,479,1,Personal_Loan,212105.67,,,0.1514,18,,,581.4,1,1,15,5,12482.42,198474.29,306071.44,29,4,0,0,0,14
C01653,2026-01-26,Kiambu,SME_Trade,Micro_Enterprise,M,23,Tier2,338,0,Personal_Loan,541249.89,,,0.2572,18,,,710.5,4,1,3,2,27613.56,97334.37,100987.2,18,3,1,0,0,9
C01654,2026-01-26,Mombasa,SME_Services,Self_Employed,M,47,Tier1,390,0,SME_Loan,636076.9,,,0.3163,24,486935.65,1.3063,611.4,2,1,11,1,13993.14,47394.08,52624.93,14,5,0,1,0,22
C01655,2026-01-26,Kisumu,Salaried,Permanent,M,28,Tier2,457,1,Personal_Loan,350705.54,,,0.1989,12,862025.99,0.4068,692.1,2,2,16,6,7001.76,119239.44,37441.52,24,4,1,0,0,5
C01656,2026-01-26,Machakos,Salaried,Contract,M,31,Tier2,439,1,Overdraft,168635.84,135326.38,1.5049,0.1787,0,277927.3,0.6068,596.3,1,0,15,5,0.0,286099.08,367485.17,34,9,0,0,1,16
C01663,2026-01-26,Kiambu,Salaried,Contract,M,29,Tier1,437,1,SME_Loan,283145.42,,,0.2144,48,,,567.5,3,1,3,4,0.0,100743.09,65091.46,19,2,0,1,0,25
C01664,2026-01-26,Kiambu,SME_Trade,Self_Employed,F,45,Tier1,438,0,Personal_Loan,405774.39,,,0.2613,12,415040.38,0.9777,679.6,2,1,3,1,18956.08,88261.12,99863.13,11,3,1,0,0,23
C01667,2026-01-26,Mombasa,SME_Trade,Self_Employed,M,54,Tier1,368,0,SME_Loan,683043.9,,,0.2114,24,0.0,5.0,638.4,2,0,32,3,1821.6,14907.95,20911.07,19,3,0,1,0,10
C01670,2026-01-26,Uasin Gishu,Agribusiness,Micro_Enterprise,M,53,Tier2,479,0,SME_Loan,683663.48,,,0.1966,36,,,709.4,2,0,14,5,0.0,65541.89,93160.53,19,5,1,0,0,12
C01674,2026-01-26,Nakuru,Salaried,Contract,F,55,Tier1,507,1,Overdraft,117134.34,437503.3,0.1634,0.2474,0,,,645.2,1,1,10,6,7852.86,44220.58,27339.58,35,7,0,0,0,24
C01675,2026-01-26,Mombasa,SME_Services,Micro_Enterprise,F,53,Tier3,510,0,Credit_Card,93458.18,266231.69,0.2736,0.2172,0,,,549.3,1,0,12,5,11921.17,84077.68,91864.95,16,3,2,0,0,20
C01676,2026-01-26,Nairobi,SME_Trade,Self_Employed,M,65,Tier3,383,0,Personal_Loan,292801.15,,,0.2112,12,523932.46,0.5589,646.4,1,1,0,0,19927.02,68652.69,96720.33,19,3,1,0,0,8
C01679,2026-01-26,Mombasa,SME_Trade,Micro_Enterprise,M,62,Tier2,457,0,SME_Loan,875518.97,,,0.1974,24,597612.46,1.465,614.0,3,1,12,6,7460.59,30933.49,32362.67,27,5,3,1,0,19
C01682,2026-01-26,Kiambu,SME_Services,Self_Employed,M,21,Tier1,392,0,Personal_Loan,478903.3,,,0.1652,24,816395.79,0.5866,621.9,1,2,37,4,6491.73,43785.33,53357.02,23,5,0,0,0,29
C01687,2026-01-26,Kakamega,Salaried,Contract,F,40,Tier2,365,1,Personal_Loan,434312.63,,,0.2471,12,974187.1,0.4458,625.2,3,0,37,5,49040.12,231141.91,279726.27,24,7,2,0,0,28
C01688,2026-01-26,Nakuru,Hospitality,Self_Employed,F,39,Tier2,395,1,Credit_Card,138714.72,139628.68,0.8063,0.2918,0,,,499.0,1,1,15,5,1715.07,36418.62,28570.34,24,4,0,0,0,214
C01692,2026-01-26,Nakuru,SME_Trade,Self_Employed,F,61,Tier1,339,0,Credit_Card,187058.73,124952.25,1.4333,0.2593,0,,,554.2,1,2,11,2,22778.38,101786.09,97943.49,15,4,2,1,0,19
C01693,2026-01-26,Nakuru,Other,Micro_Enterprise,F,50,Tier2,412,0,Personal_Loan,466004.12,,,0.2469,36,606493.51,0.7684,577.9,2,2,1,6,2743.04,70945.11,83844.32,12,5,1,0,0,30
C01697,2026-01-26,Kiambu,Transport,Micro_Enterprise,M,42,Tier2,504,0,Personal_Loan,524879.39,,,0.2083,24,563934.27,0.9307,663.3,1,2,11,5,4211.63,33299.88,13221.62,12,8,0,0,0,33
C01699,2026-01-26,Kiambu,Salaried,Contract,F,37,Tier2,397,1,Credit_Card,36602.85,90354.37,0.4397,0.2952,0,,,665.5,2,1,24,4,12597.48,87491.14,49716.07,23,7,1,0,0,13
C01700,2026-01-26,Kakamega,Salaried,Permanent,M,64,Tier2,435,1,Overdraft,21247.97,462452.3,0.0,0.2849,0,105362.36,0.2017,337.2,2,2,43,2,4355.73,53882.38,46519.5,22,6,1,1,0,122
C01702,2026-01-26,Nyeri,Construction,Micro_Enterprise,M,29,Tier1,403,0,SME_Loan,595635.64,,,0.2119,12,399925.62,1.4894,646.7,2,0,0,0,6692.44,37481.69,11643.38,16,3,1,0,0,9
C01703,2026-01-26,Nairobi,Transport,Micro_Enterprise,F,51,Tier3,373,1,SME_Loan,774618.52,,,0.1854,12,0.0,5.0,675.0,2,2,0,2,41366.69,194912.18,158847.7,35,4,0,0,0,31
C01708,2026-01-26,Nakuru,Salaried,Permanent,M,62,Tier2,443,1,Credit_Card,198312.59,114601.42,1.8,0.2646,0,,,657.5,2,2,3,6,13130.7,95137.48,60646.2,32,5,0,0,0,28
C01709,2026-01-26,Mombasa,SME_Trade,Micro_Enterprise,F,31,Tier2,367,0,Credit_Card,30866.03,68485.52,0.2605,0.1823,0,,,563.3,1,0,0,0,0.0,113394.33,60131.5,20,3,1,0,0,23
C01710,2026-01-26,Kakamega,SME_Services,Self_Employed,M,30,Tier1,413,0,Personal_Loan,341185.84,,,0.3007,24,249659.57,1.3666,662.0,3,2,0,0,4876.11,22509.08,13432.41,18,4,1,0,0,14
C01712,2026-01-26,Nairobi,SME_Services,Self_Employed,M,42,Tier2,400,0,Overdraft,189328.16,50000.0,1.8,0.2679,0,256699.7,0.7375,522.9,2,1,36,6,9846.11,27045.92,24075.63,17,2,0,0,0,17
C01713,2026-01-26,Nakuru,Salaried,Contract,F,60,Tier3,509,1,Personal_Loan,330638.38,,,0.2398,24,470039.7,0.7034,548.5,1,0,8,5,22498.22,137040.08,142943.61,34,3,0,1,0,13
C01714,2026-01-26,Mombasa,Agribusiness,Self_Employed,F,54,Tier1,449,1,Personal_Loan,294270.14,,,0.2082,18,,,606.8,3,0,0,0,6175.04,32377.24,42200.15,24,4,2,0,0,20
C01717,2026-01-26,Nakuru,SME_Trade,Self_Employed,M,50,Tier1,437,1,Personal_Loan,354261.04,,,0.2225,12,614470.34,0.5765,624.7,3,0,5,4,19640.6,107738.74,33921.86,20,3,2,1,0,212
C01720,2026-01-26,Nakuru,Salaried,Contract,M,44,Tier1,335,1,Personal_Loan,547898.03,,,0.1818,12,373267.37,1.4678,750.5,1,0,0,2,21223.71,83663.36,96667.84,27,5,0,0,0,24
C01722,2026-01-26,Mombasa,SME_Services,Self_Employed,F,54,Tier2,500,0,Personal_Loan,393917.14,,,0.2023,12,,,606.3,3,0,12,4,9661.15,35538.54,29607.24,19,6,2,0,1,221
C01726,2026-01-26,Nairobi,Salaried,Contract,F,56,Tier2,435,1,SME_Loan,961361.06,,,0.1688,24,218793.17,4.3939,641.3,2,3,7,4,22792.42,126933.98,121616.68,45,8,0,0,0,25
C01731,2026-01-26,Nyeri,Other,Self_Employed,F,56,Tier2,399,0,Personal_Loan,227114.5,,,0.2917,18,0.0,5.0,664.9,1,0,5,2,26375.31,132687.39,118106.36,15,2,0,0,0,9
C01732,2026-01-26,Nyeri,Salaried,Permanent,M,61,Tier1,437,1,Personal_Loan,244523.98,,,0.2251,18,223150.16,1.0958,673.2,2,1,10,4,31538.13,147733.34,186922.49,24,3,1,0,0,12
C01737,2026-01-26,Uasin Gishu,Salaried,Permanent,M,43,Tier2,495,1,Personal_Loan,262737.98,,,0.174,12,,,643.9,2,1,16,3,14828.68,80455.06,51351.02,21,7,2,0,0,11
C01738,2026-01-26,Nairobi,Salaried,Contract,M,25,Tier2,442,1,SME_Loan,791942.64,,,0.2554,24,553035.23,1.432,665.0,3,2,3,1,13973.19,79121.51,59523.21,31,5,1,0,0,31
C01745,2026-01-26,Machakos,Construction,Self_Employed,F,30,Tier2,328,0,Personal_Loan,111768.84,,,0.2013,36,453591.59,0.2464,539.2,1,2,15,3,33428.25,161566.15,122170.39,17,4,1,0,0,210
C01746,2026-01-26,Meru,Construction,Self_Employed,M,65,Tier2,446,0,Personal_Loan,114442.53,,,0.1557,36,,,683.2,3,0,0,0,0.0,68836.21,71951.94,17,4,1,0,0,13
C01747,2026-01-26,Kiambu,Salaried,Permanent,M,65,Tier3,329,1,Overdraft,99132.83,413018.33,0.3233,0.225,0,162873.64,0.6086,660.1,1,0,0,0,38796.96,202783.95,226944.19,30,6,1,0,0,34
C01749,2026-01-26,Meru,SME_Services,Self_Employed,F,57,Tier1,439,0,SME_Loan,554998.49,,,0.1445,36,,,546.2,3,1,8,1,0.0,0.0,0.0,18,5,1,0,0,9
C01750,2026-01-26,Machakos,Agribusiness,Self_Employed,M,53,Tier1,392,0,Personal_Loan,71976.37,,,0.2176,36,482964.64,0.149,611.1,1,1,6,5,33074.89,84652.53,64930.59,18,3,0,0,0,199
C01751,2026-01-26,Machakos,Salaried,Permanent,F,62,Tier2,435,1,Personal_Loan,462416.5,,,0.2162,12,505177.7,0.9154,604.0,2,0,0,0,19153.38,167756.44,203423.5,22,8,1,0,0,9
C01755,2026-01-26,Kakamega,Agribusiness,Self_Employed,M,49,Tier2,380,0,Personal_Loan,92122.17,,,0.191,12,308332.78,0.2988,629.1,1,0,0,0,3862.5,14037.42,13337.59,28,5,2,1,0,34
C01756,2026-01-26,Kisumu,Agribusiness,Micro_Enterprise,M,35,Tier2,430,1,SME_Loan,1006243.8,,,0.2428,36,774136.91,1.2998,695.0,3,0,5,2,1183.84,20008.01,28188.72,16,4,0,0,0,31
C01758,2026-01-26,Nairobi,Salaried,Contract,M,48,Tier1,308,1,Personal_Loan,345380.7,,,0.3026,12,395194.83,0.874,695.2,1,0,13,4,9509.95,105772.79,76872.21,29,9,0,0,0,7
C01763,2026-01-26,Nairobi,Salaried,Permanent,M,21,Tier2,468,1,SME_Loan,797016.21,,,0.2279,36,813865.0,0.9793,563.6,4,0,13,2,459.07,9158.75,10831.24,30,8,0,0,0,11
C01764,2026-01-26,Kiambu,SME_Trade,Micro_Enterprise,M,48,Tier2,443,0,Personal_Loan,270727.87,,,0.2161,18,588014.1,0.4604,490.8,1,0,18,3,0.0,33811.22,36316.86,21,4,3,0,1,209
C01765,2026-01-26,Nairobi,Hospitality,Micro_Enterprise,M,46,Tier2,407,0,Personal_Loan,432896.18,,,0.2277,24,958047.81,0.4519,619.7,2,2,0,0,20875.32,59850.91,21961.45,19,4,0,0,0,22
C01766,2026-01-26,Nyeri,Salaried,Permanent,M,63,Tier2,491,1,Personal_Loan,345945.92,,,0.2969,36,633369.75,0.5462,666.3,1,0,7,4,17049.57,94270.07,114051.01,32,8,2,0,0,17
C01767,2026-01-26,Mombasa,Salaried,Permanent,M,43,Tier2,415,1,Personal_Loan,296041.19,,,0.2301,24,0.0,5.0,705.7,1,4,10,2,11365.35,116657.65,89782.37,27,7,0,0,0,17
C01769,2026-01-26,Nairobi,SME_Services,Self_Employed,M,24,Tier2,452,0,Overdraft,23822.23,130958.45,0.0,0.239,0,,,552.0,4,2,0,0,0.0,0.0,0.0,17,0,0,0,0,19
C01770,2026-01-26,Nakuru,Hospitality,Micro_Enterprise,M,29,Tier3,481,0,Personal_Loan,371161.69,,,0.1887,12,191504.35,1.9381,688.6,1,0,4,0,3750.81,20496.62,25359.88,25,1,2,0,0,29
C01772,2026-01-26,Nyeri,Agribusiness,Self_Employed,M,37,Tier2,390,0,Personal_Loan,430680.59,,,0.2369,18,143544.15,3.0003,529.9,1,0,13,5,18150.27,96475.03,95636.66,21,6,1,0,0,24
C01775,2026-01-26,Nairobi,Construction,Self_Employed,M,55,Tier3,471,0,Overdraft,0.0,221146.66,0.0196,0.2605,0,,,597.8,1,0,0,0,6615.56,93414.18,94688.13,32,0,3,0,0,13
C01777,2026-01-26,Uasin Gishu,Other,Self_Employed,F,35,Tier3,492,0,Overdraft,0.0,88507.6,0.1728,0.2551,0,0.0,0.05,707.0,1,3,0,0,22397.14,98565.23,108673.7,18,7,0,0,0,8
C01778,2026-01-26,Nairobi,SME_Services,Micro_Enterprise,F,28,Tier3,402,0,Overdraft,100498.88,412884.18,0.2303,0.2853,0,172238.79,0.5835,568.9,1,1,0,0,5026.17,39488.4,39852.0,24,5,1,0,0,29
C01787,2026-01-26,Nairobi,Agribusiness,Micro_Enterprise,F,29,Tier2,384,1,SME_Loan,695137.54,,,0.1342,12,177638.21,3.9132,618.1,1,0,1,4,1175.31,19720.79,17868.38,31,6,2,0,0,10
C01789,2026-01-26,Kakamega,SME_Trade,Micro_Enterprise,F,42,Tier2,509,0,SME_Loan,546397.26,,,0.1346,36,718506.82,0.7605,601.3,3,2,34,2,16829.32,64266.08,83917.03,20,4,0,1,1,136
C01790,2026-01-26,Kakamega,Hospitality,Self_Employed,F,54,Tier2,402,0,Personal_Loan,614058.3,,,0.2791,24,654949.7,0.9376,762.2,1,0,2,0,31091.35,119105.79,146325.75,13,3,2,0,0,33
C01791,2026-01-26,Kiambu,Hospitality,Self_Employed,M,47,Tier3,462,0,SME_Loan,624153.33,,,0.237,12,665077.84,0.9385,690.6,2,0,2,4,0.0,98185.44,90728.29,23,7,1,0,0,16
C01793,2026-01-26,Nairobi,Salaried,Permanent,M,36,Tier2,375,1,Personal_Loan,24259.73,,,0.2125,12,678081.8,0.05,676.6,1,0,15,3,11188.84,48435.36,29331.96,18,6,0,0,0,32
C01794,2026-01-26,Nairobi,Agribusiness,Micro_Enterprise,F,33,Tier2,438,0,Personal_Loan,335767.8,,,0.1666,12,,,640.7,3,1,3,5,8216.5,136260.45,155799.45,15,2,0,0,0,6
C01796,2026-01-26,Nyeri,Transport,Self_Employed,M,30,Tier1,450,0,Personal_Loan,595927.16,,,0.2603,36,337076.6,1.7679,682.2,1,1,9,3,15740.62,82700.38,30453.66,18,5,3,0,0,227
C01797,2026-01-26,Mombasa,SME_Services,Micro_Enterprise,M,64,Tier1,441,0,Overdraft,25722.39,485085.65,0.1153,0.2584,0,91758.16,0.2803,518.0,2,1,29,4,6578.35,84966.62,78104.38,24,4,4,0,1,148
C01798,2026-01-26,Mombasa,SME_Trade,Micro_Enterprise,M,29,Tier2,369,1,Personal_Loan,245872.66,,,0.1417,18,456245.98,0.5389,390.9,1,1,39,5,8897.56,30837.68,20302.8,22,2,2,0,0,34
C01800,2026-01-26,Nairobi,SME_Trade,Self_Employed,M,44,Tier1,502,1,SME_Loan,690704.66,,,0.1872,24,280372.47,2.4635,745.1,3,1,0,0,6128.37,17931.16,17171.38,20,10,0,0,0,13
C01801,2026-01-26,Nyeri,Hospitality,Self_Employed,M,23,Tier2,418,0,Personal_Loan,172843.34,,,0.2402,18,,,458.7,1,1,32,6,15477.78,124215.96,124220.83,19,4,1,0,0,29
C01803,2026-01-26,Mombasa,Hospitality,Micro_Enterprise,F,41,Tier2,421,1,Personal_Loan,626251.1,,,0.213,24,659879.3,0.949,642.9,1,0,1,2,1531.78,12209.65,10330.06,16,4,1,0,0,27
C01804,2026-01-26,Kisumu,Salaried,Contract,M,32,Tier2,440,1,SME_Loan,436768.67,,,0.1867,24,,,448.3,2,1,38,6,327.43,104262.76,76062.69,27,7,0,0,0,30
C01805,2026-01-26,Nairobi,Agribusiness,Self_Employed,F,26,Tier1,426,0,Personal_Loan,676622.39,,,0.1836,12,333428.16,2.0293,559.1,1,2,23,4,1224.6,23811.91,16890.44,19,4,2,0,0,6
C01806,2026-01-26,Mombasa,Hospitality,Self_Employed,M,23,Tier1,494,0,Personal_Loan,42207.71,,,0.3031,36,193985.44,0.2176,682.9,1,2,0,1,9055.59,44254.71,43710.19,13,5,1,0,0,17
C01808,2026-01-26,Nairobi,Salaried,Permanent,M,42,Tier3,462,1,Credit_Card,30633.57,243691.95,0.0842,0.3498,0,,,553.0,4,0,10,6,6385.19,126509.22,139385.99,31,4,1,1,0,230
C01809,2026-01-26,Uasin Gishu,Transport,Self_Employed,M,25,Tier1,486,0,Personal_Loan,372486.88,,,0.2489,12,504921.56,0.7377,579.9,1,0,3,0,372.72,15451.71,13813.9,18,3,1,0,0,10
C01812,2026-01-26,Nairobi,SME_Trade,Self_Employed,M,50,Tier3,341,0,SME_Loan,574849.09,,,0.2665,12,848790.56,0.6773,707.9,3,2,0,0,53850.85,190204.19,140573.6,34,6,0,0,0,5
C01816,2026-01-26,Machakos,SME_Trade,Self_Employed,M,25,Tier2,483,1,Overdraft,204662.07,247498.62,0.8509,0.1549,0,242969.93,0.8423,555.6,1,0,4,4,0.0,0.0,0.0,18,5,1,0,0,24
C01818,2026-01-26,Nyeri,Transport,Micro_Enterprise,M,32,Tier2,372,0,SME_Loan,637165.66,,,0.2551,12,647318.71,0.9843,586.3,3,1,50,2,2879.71,49544.11,74890.33,23,1,0,0,0,19
C01821,2026-01-26,Kiambu,SME_Services,Micro_Enterprise,M,35,Tier2,316,0,SME_Loan,556499.82,,,0.1751,24,0.0,5.0,591.1,3,2,7,4,12092.87,96608.01,72220.11,16,3,1,0,0,13
C01823,2026-01-26,Mombasa,SME_Trade,Self_Employed,F,34,Tier2,320,0,Personal_Loan,436715.67,,,0.2235,18,508764.49,0.8584,649.5,1,1,0,0,14167.6,58823.35,71046.07,21,4,2,0,0,21
C01824,2026-01-26,Nakuru,SME_Trade,Self_Employed,F,60,Tier2,400,0,Personal_Loan,292736.58,,,0.3329,18,444101.83,0.6592,424.9,1,1,29,2,6124.59,86469.41,65262.08,29,2,0,0,0,29
C01825,2026-01-26,Machakos,Transport,Self_Employed,F,55,Tier2,368,1,Personal_Loan,140757.13,,,0.2599,18,59389.71,2.3701,554.5,1,0,0,2,5700.88,67991.01,39659.78,23,0,1,0,0,27
C01827,2026-01-26,Nairobi,Agribusiness,Self_Employed,M,25,Tier3,395,0,SME_Loan,404606.89,,,0.1468,48,636028.7,0.6361,627.1,1,1,26,5,0.0,0.0,0.0,21,3,2,1,0,198
C01828,2026-01-26,Nyeri,SME_Trade,Self_Employed,F,65,Tier1,482,0,Personal_Loan,456002.54,,,0.1714,36,1197333.06,0.3808,686.7,1,3,0,3,11715.67,51987.68,53676.32,17,4,0,0,0,6
C01831,2026-01-26,Machakos,Agribusiness,Self_Employed,M,36,Tier1,433,1,Credit_Card,69757.65,168699.7,0.3215,0.1926,0,,,539.2,1,0,3,3,7660.92,32491.99,13952.15,23,4,2,0,0,17
C01833,2026-01-26,Machakos,SME_Trade,Self_Employed,F,47,Tier2,384,0,Personal_Loan,166492.12,,,0.2524,18,0.0,5.0,476.5,1,0,29,6,52561.55,180959.07,213120.97,19,6,1,1,0,120
C01834,2026-01-26,Nairobi,SME_Trade,Self_Employed,M,24,Tier2,398,0,Personal_Loan,43484.52,,,0.2413,24,334607.28,0.13,545.6,1,1,33,6,2767.9,16245.64,15178.42,16,3,2,0,0,14
C01835,2026-01-26,Uasin Gishu,SME_Trade,Micro_Enterprise,M,39,Tier1,421,1,Personal_Loan,420761.37,,,0.2456,12,959824.29,0.4384,477.5,2,2,38,6,2155.69,11122.07,12776.6,21,4,1,0,0,16
C01836,2026-01-26,Machakos,Agribusiness,Self_Employed,M,27,Tier3,414,0,Personal_Loan,360259.51,,,0.3066,12,,,641.5,1,2,8,5,621.99,3728.03,3850.54,19,2,1,0,0,17
C01840,2026-01-26,Mombasa,SME_Services,Self_Employed,F,45,Tier1,439,0,Overdraft,11158.98,325814.23,0.0,0.2094,0,195289.7,0.0571,638.4,1,1,2,1,7557.62,109124.12,151277.43,18,1,0,0,0,8
C01841,2026-01-26,Kisumu,Salaried,Permanent,M,40,Tier2,463,1,Overdraft,14259.98,209029.29,0.0,0.2716,0,168340.74,0.0847,703.7,1,1,10,4,16266.61,195709.12,221520.2,27,2,1,0,0,16
C01845,2026-01-26,Kiambu,Transport,Self_Employed,F,54,Tier3,403,0,SME_Loan,885659.85,,,0.1468,24,641616.64,1.3804,692.5,2,1,20,1,1660.63,17470.24,22593.08,27,3,0,0,0,27
C01849,2026-01-26,Nairobi,Salaried,Contract,M,44,Tier1,450,1,Personal_Loan,646381.61,,,0.2225,24,46262.89,5.0,613.9,1,3,0,2,32978.97,148784.72,68753.36,20,1,0,0,0,20
C01850,2026-01-26,Nairobi,Construction,Self_Employed,F,28,Tier2,457,0,Personal_Loan,313187.22,,,0.1859,12,,,689.8,1,0,1,2,19855.08,103905.01,119206.93,24,1,3,0,0,21
C01851,2026-01-26,Mombasa,Agribusiness,Self_Employed,F,24,Tier2,488,1,Overdraft,243319.98,157282.99,1.5883,0.2411,0,,,584.8,3,0,0,0,34862.74,122275.17,114294.31,24,7,1,0,1,166
C01853,2026-01-26,Nakuru,Construction,Micro_Enterprise,M,41,Tier1,507,0,Credit_Card,268248.91,125056.79,1.7704,0.3533,0,,,670.4,2,0,0,1,4481.71,27713.58,28217.05,14,1,4,0,0,16
C01855,2026-01-26,Nairobi,SME_Trade,Micro_Enterprise,M,25,Tier1,472,0,Credit_Card,144402.19,102302.42,1.5903,0.2732,0,,,625.7,2,1,7,3,1023.76,16764.68,13471.34,22,6,0,0,0,5
C01856,2026-01-26,Nairobi,Salaried,Permanent,F,59,Tier2,487,1,Personal_Loan,89477.75,,,0.2549,18,607086.27,0.1474,530.9,1,0,4,3,24520.85,126123.87,130233.45,24,7,3,0,0,5
C01857,2026-01-26,Kiambu,Salaried,Permanent,F,37,Tier3,421,1,Personal_Loan,37810.75,,,0.176,12,235680.02,0.1604,627.5,2,0,7,1,78920.98,397883.76,412038.46,29,4,2,0,0,20
C01862,2026-01-26,Uasin Gishu,Salaried,Permanent,F,34,Tier2,410,1,Personal_Loan,533386.96,,,0.2141,12,101114.91,5.0,499.4,4,1,8,4,28518.84,224749.7,259026.17,32,5,0,0,0,31
C01866,2026-01-26,Kakamega,Salaried,Permanent,M,39,Tier2,497,1,Personal_Loan,266824.63,,,0.1965,36,597016.11,0.4469,606.7,1,1,0,0,12228.5,142505.3,82093.85,22,5,1,0,0,33
C01867,2026-01-26,Mombasa,Salaried,Contract,F,25,Tier3,486,1,Personal_Loan,275282.45,,,0.2468,12,258906.57,1.0633,679.6,1,0,0,0,1340.07,40291.71,38283.36,29,4,0,0,0,9
C01870,2026-01-26,Kiambu,Agribusiness,Self_Employed,M,55,Tier1,407,1,Overdraft,177683.97,177200.28,0.9146,0.2191,0,132984.75,1.3361,667.5,2,0,0,0,9819.68,48187.17,24632.14,17,6,1,0,0,25
C01872,2026-01-26,Nairobi,SME_Trade,Self_Employed,F,30,Tier1,491,0,SME_Loan,276339.53,,,0.3089,24,353564.16,0.7816,649.6,1,0,0,0,11292.47,81867.65,55173.45,23,1,2,0,0,17
C01873,2026-01-26,Nyeri,Construction,Self_Employed,F,48,Tier3,442,1,Personal_Loan,0.0,,,0.2496,24,941970.36,0.05,669.8,3,2,31,4,11440.75,62599.04,25725.7,23,5,1,0,1,217
C01874,2026-01-26,Meru,SME_Services,Self_Employed,M,63,Tier2,406,0,SME_Loan,717476.84,,,0.2547,12,661875.69,1.084,610.9,3,2,5,1,5319.3,20280.61,14571.06,13,3,0,0,0,18
C01876,2026-01-26,Nyeri,Agribusiness,Micro_Enterprise,M,26,Tier2,419,0,Overdraft,235786.78,247088.29,0.9523,0.2446,0,10162.84,5.0,645.5,1,1,0,0,10145.03,72432.77,52300.24,16,2,0,0,0,129
C01880,2026-01-26,Mombasa,SME_Services,Self_Employed,F,25,Tier2,450,0,Overdraft,208301.81,100732.66,1.8,0.2709,0,97682.12,2.1324,532.5,2,1,28,5,8068.18,59807.72,54574.32,21,3,0,0,0,11
C01883,2026-01-26,Nairobi,Other,Micro_Enterprise,M,29,Tier1,482,0,Personal_Loan,55361.92,,,0.224,18,329871.19,0.1678,577.7,2,1,0,6,3274.14,29023.4,20081.72,21,2,1,1,0,235
C01888,2026-01-26,Nairobi,Construction,Micro_Enterprise,F,39,Tier1,402,1,SME_Loan,689152.79,,,0.1346,36,844513.47,0.816,570.6,2,1,1,3,2718.5,22346.29,27462.85,20,2,1,0,0,5
C01889,2026-01-26,Kiambu,SME_Services,Self_Employed,M,23,Tier3,450,1,SME_Loan,537004.82,,,0.1506,36,533884.2,1.0058,636.3,2,1,4,6,7391.28,41676.37,33163.26,30,6,1,0,0,26
C01890,2026-01-26,Nairobi,Salaried,Permanent,M,41,Tier3,395,1,SME_Loan,831427.64,,,0.2699,36,0.0,5.0,552.2,2,1,21,3,3517.0,113823.43,152537.47,34,6,1,0,1,12
C01892,2026-01-26,Kiambu,Transport,Self_Employed,F,32,Tier3,476,0,Personal_Loan,595342.7,,,0.197,24,83707.81,5.0,648.9,1,0,31,2,13235.09,84354.4,45079.73,13,3,1,0,0,25
C01893,2026-01-26,Machakos,Transport,Micro_Enterprise,M,60,Tier2,435,0,Personal_Loan,237142.69,,,0.1806,24,434319.09,0.546,616.4,2,1,6,5,9120.86,138571.63,174098.37,17,4,2,0,0,33
C01894,2026-01-26,Nairobi,Other,Micro_Enterprise,F,52,Tier3,441,0,Personal_Loan,298386.8,,,0.1912,12,365643.71,0.8161,718.4,1,1,0,1,2686.05,37966.86,35209.04,23,5,3,0,0,5
C01895,2026-01-26,Meru,SME_Services,Self_Employed,F,27,Tier1,400,1,Overdraft,3173.92,530010.35,0.0259,0.1813,0,247345.3,0.05,641.9,1,0,0,1,0.0,62430.58,52199.92,20,3,0,0,0,32
C01897,2026-01-26,Mombasa,SME_Trade,Self_Employed,F,46,Tier2,406,0,Personal_Loan,407279.97,,,0.1485,12,679019.31,0.5998,533.2,2,2,49,6,15103.7,61886.42,55021.25,19,3,0,1,1,147
C01900,2026-01-26,Uasin Gishu,Salaried,Contract,M,36,Tier2,478,1,Credit_Card,78715.87,147820.72,0.9741,0.3512,0,,,505.1,1,1,34,4,61472.34,299686.51,278403.7,27,4,1,0,0,7
C01902,2026-01-26,Kiambu,SME_Trade,Self_Employed,F,44,Tier2,429,1,Personal_Loan,364391.91,,,0.1121,12,159558.78,2.2837,553.4,1,0,0,0,5058.54,25836.51,19435.56,20,6,0,0,0,19
C01903,2026-01-26,Nyeri,Transport,Micro_Enterprise,F,53,Tier1,413,1,SME_Loan,0.0,,,0.1801,24,456235.61,0.05,470.1,2,1,40,4,1721.06,63219.69,31964.14,16,5,2,1,0,167
C01907,2026-01-26,Meru,Agribusiness,Micro_Enterprise,F,34,Tier2,335,1,Personal_Loan,30228.29,,,0.1874,36,412914.08,0.0732,550.2,1,1,0,1,8201.13,45291.99,33047.83,16,4,1,0,0,33
C01908,2026-01-26,Nyeri,Agribusiness,Micro_Enterprise,F,28,Tier2,495,0,SME_Loan,771155.61,,,0.074,36,479421.28,1.6085,632.9,1,0,0,1,4152.02,50146.13,42004.34,19,5,2,0,0,21
C01910,2026-01-26,Nairobi,SME_Trade,Micro_Enterprise,F,63,Tier1,406,0,Credit_Card,102640.04,117805.31,0.8008,0.4138,0,,,548.3,1,1,7,2,1581.06,20632.02,24764.39,19,4,1,1,0,206
C01912,2026-01-26,Kisumu,Agribusiness,Micro_Enterprise,M,60,Tier1,486,1,Credit_Card,126479.29,265071.67,0.5229,0.2464,0,,,711.5,2,1,0,3,2877.16,10333.69,9352.38,19,5,3,0,0,16
C01918,2026-01-26,Nairobi,Salaried,Permanent,F,43,Tier2,422,1,SME_Loan,0.0,,,0.2033,12,738294.2,0.05,515.4,1,0,0,0,24630.77,158653.57,161085.83,30,4,0,1,0,34
C01919,2026-01-26,Nakuru,Salaried,Permanent,F,41,Tier2,407,1,SME_Loan,819714.53,,,0.1786,24,391681.6,2.0928,682.6,3,0,13,4,20121.83,102158.36,121945.11,25,5,0,0,0,30
C01922,2026-01-26,Nakuru,Transport,Self_Employed,M,45,Tier2,501,0,SME_Loan,448259.31,,,0.2113,48,381333.12,1.1755,660.7,3,2,0,1,45.83,865.07,820.29,22,7,0,0,0,33
C01923,2026-01-26,Kiambu,Salaried,Permanent,F,58,Tier2,440,1,SME_Loan,234414.55,,,0.2857,12,458856.13,0.5109,622.5,3,0,0,0,8160.73,50115.0,65408.37,19,6,2,0,0,31
C01927,2026-01-26,Nairobi,SME_Trade,Self_Employed,F,37,Tier3,444,1,SME_Loan,471170.13,,,0.2243,24,,,592.6,1,1,0,0,0.0,17182.93,17191.91,23,4,1,0,0,18
C01928,2026-01-26,Nyeri,Agribusiness,Micro_Enterprise,M,26,Tier2,441,0,Overdraft,255587.93,419978.59,0.694,0.1898,0,199580.39,1.2806,586.2,1,1,28,4,5917.19,63967.59,33242.43,19,5,1,0,0,7
C01929,2026-01-26,Kakamega,Salaried,Permanent,F,29,Tier2,378,1,Overdraft,145295.85,232995.76,0.6253,0.1768,0,183693.19,0.791,726.4,1,0,9,2,16806.94,71339.35,78747.91,28,8,3,0,0,33
C01930,2026-01-26,Mombasa,SME_Trade,Self_Employed,F,63,Tier2,362,0,SME_Loan,910960.73,,,0.1938,36,431057.11,2.1133,468.8,1,0,14,4,5699.11,40546.91,48065.48,17,1,1,0,0,239
C01933,2026-01-26,Kiambu,Transport,Self_Employed,F,58,Tier2,489,1,Personal_Loan,350755.19,,,0.1524,36,507052.21,0.6918,524.3,1,0,0,2,18213.65,85111.38,71872.56,18,1,0,0,0,180
C01934,2026-01-26,Mombasa,Transport,Self_Employed,M,63,Tier3,509,1,Overdraft,371272.39,201049.71,1.6621,0.1788,0,,,728.5,1,0,0,0,0.0,71957.1,85600.45,32,7,0,0,0,13
C01935,2026-01-26,Nairobi,Agribusiness,Micro_Enterprise,F,27,Tier2,479,0,SME_Loan,823526.1,,,0.1354,48,1054116.67,0.7812,509.7,4,0,24,2,4138.98,39081.45,47044.49,18,3,4,0,0,6
C01939,2026-01-26,Nairobi,SME_Trade,Micro_Enterprise,M,64,Tier3,351,1,Personal_Loan,129220.27,,,0.234,18,417097.22,0.3098,501.2,1,0,17,4,6097.64,25828.8,24757.61,19,5,0,0,0,12
C01940,2026-01-26,Kiambu,Other,Micro_Enterprise,F,30,Tier2,444,0,Personal_Loan,243009.2,,,0.2077,18,0.0,5.0,648.4,2,1,10,6,7401.0,43572.71,42280.94,23,4,2,0,0,20
C01942,2026-01-26,Nairobi,SME_Trade,Micro_Enterprise,M,32,Tier1,398,0,Overdraft,77982.77,253876.09,0.2934,0.2491,0,22071.3,3.5332,605.6,1,1,15,5,39898.6,122383.36,96585.57,17,2,1,0,0,29
C01945,2026-01-26,Machakos,Agribusiness,Micro_Enterprise,M,38,Tier2,336,0,SME_Loan,608404.9,,,0.1447,24,847373.77,0.718,709.8,2,2,16,4,9205.39,78544.56,46500.98,21,3,0,0,0,31
C01948,2026-01-26,Kakamega,SME_Services,Self_Employed,F,62,Tier2,495,0,Personal_Loan,294922.72,,,0.2058,12,677338.16,0.4354,522.3,1,0,0,4,838.18,6285.59,8259.98,22,3,0,0,0,13
C01951,2026-01-26,Mombasa,Agribusiness,Self_Employed,M,62,Tier2,442,0,Personal_Loan,330673.6,,,0.1958,36,213765.23,1.5469,617.7,1,0,12,6,5646.32,19129.38,20144.88,15,4,1,0,0,33
C01953,2026-01-26,Nairobi,Salaried,Contract,M,24,Tier1,441,1,Personal_Loan,334606.91,,,0.2055,36,197665.33,1.6928,599.6,1,4,8,6,2724.22,24300.52,18858.9,31,4,2,0,0,9
C01955,2026-01-26,Uasin Gishu,Salaried,Contract,F,64,Tier3,451,1,Personal_Loan,242006.46,,,0.1868,12,0.0,5.0,666.3,3,0,19,5,22295.76,139361.96,107787.46,29,8,1,0,0,22
C01956,2026-01-26,Kisumu,SME_Services,Self_Employed,F,39,Tier2,456,0,Personal_Loan,546696.78,,,0.2036,24,223240.46,2.4489,490.3,1,2,62,3,4330.28,40123.84,41431.86,20,2,0,0,1,229
C01957,2026-01-26,Nakuru,Other,Micro_Enterprise,F,44,Tier2,201,1,Personal_Loan,505227.97,,,0.1697,12,394071.72,1.2821,602.2,3,1,4,1,3739.5,26587.47,21480.58,19,6,2,0,0,9
C01959,2026-01-26,Nairobi,SME_Services,Self_Employed,F,50,Tier3,419,1,SME_Loan,697176.09,,,0.2547,24,0.0,5.0,754.8,2,0,0,0,18260.29,107526.1,71423.69,25,6,2,0,0,28
C01963,2026-01-26,Kiambu,SME_Trade,Self_Employed,M,27,Tier3,479,0,SME_Loan,438662.07,,,0.1694,36,195287.57,2.2462,646.9,1,0,3,3,7069.73,104366.1,109454.11,29,5,1,0,0,26
C01964,2026-01-26,Uasin Gishu,Salaried,Permanent,M,57,Tier2,461,1,Personal_Loan,362468.31,,,0.2051,18,510040.62,0.7107,591.0,3,2,0,6,26910.49,154286.6,142333.37,21,4,0,0,0,22
C01966,2026-01-26,Nairobi,Salaried,Permanent,M,54,Tier2,469,1,SME_Loan,820328.28,,,0.2141,48,25226.71,5.0,639.0,3,0,0,0,5204.45,40849.73,26547.82,19,3,0,0,0,33
C01968,2026-01-26,Kiambu,Agribusiness,Micro_Enterprise,M,42,Tier2,465,0,Overdraft,67689.97,213721.99,0.286,0.3709,0,114833.8,0.5895,665.3,1,0,9,2,6084.98,27580.02,24391.7,22,6,0,1,0,212
C01969,2026-01-26,Nairobi,Salaried,Permanent,M,58,Tier1,420,1,Personal_Loan,145898.53,,,0.2224,24,185597.27,0.7861,520.3,1,0,22,4,23035.2,67703.89,59018.78,27,8,1,1,0,122
C01972,2026-01-26,Nairobi,Salaried,Permanent,M,62,Tier1,435,1,Overdraft,122099.6,391335.96,0.3377,0.2426,0,,,649.8,1,1,4,6,6293.51,33925.61,36532.47,25,8,0,0,0,20
C01973,2026-01-26,Nakuru,Salaried,Contract,M,51,Tier2,510,1,Credit_Card,0.0,200536.25,0.0,0.2977,0,,,657.0,1,2,0,0,0.0,0.0,0.0,32,8,2,0,0,5
C01975,2026-01-26,Kiambu,Other,Self_Employed,M,46,Tier2,285,0,Personal_Loan,87338.3,,,0.1652,12,1195166.9,0.0731,366.3,1,0,0,1,5545.32,19353.4,16749.98,10,3,2,0,0,11
C01976,2026-01-26,Nairobi,Other,Micro_Enterprise,M,23,Tier2,510,1,Overdraft,261112.31,325476.92,0.7996,0.2298,0,113170.77,2.3072,675.6,1,2,0,0,15091.94,79629.42,72242.6,8,7,1,0,0,15
C01982,2026-01-26,Nairobi,Salaried,Permanent,M,49,Tier1,488,1,Overdraft,13504.34,259367.27,0.0939,0.2182,0,109288.32,0.1236,607.9,2,0,16,3,20561.85,139340.51,100148.04,18,7,4,0,0,26
C01983,2026-01-26,Nairobi,Agribusiness,Micro_Enterprise,M,23,Tier2,417,0,Personal_Loan,340905.25,,,0.2352,36,373698.72,0.9122,642.3,3,1,5,5,0.0,0.0,0.0,16,4,0,0,0,25
C01987,2026-01-26,Mombasa,Salaried,Contract,F,58,Tier1,457,1,Overdraft,36406.62,267056.94,0.1027,0.2771,0,,,603.0,2,1,2,1,2248.92,31478.25,44719.21,27,9,1,0,0,18
C01989,2026-01-26,Nakuru,Agribusiness,Micro_Enterprise,M,30,Tier2,326,0,Personal_Loan,335941.65,,,0.3209,18,,,654.4,1,0,7,4,2947.28,19892.76,17604.71,20,5,1,0,0,25
C01991,2026-01-26,Nakuru,Hospitality,Self_Employed,F,44,Tier1,358,0,Personal_Loan,244230.34,,,0.2043,24,1264640.25,0.1931,714.2,1,2,2,3,29326.08,88678.75,108076.37,12,3,1,0,0,5
C01992,2026-01-26,Nairobi,Transport,Self_Employed,F,40,Tier2,340,0,Personal_Loan,437978.56,,,0.2251,36,241423.38,1.8142,632.3,1,0,27,5,112.75,20557.23,15480.84,16,5,0,0,0,15
C01994,2026-01-26,Meru,Transport,Self_Employed,M,49,Tier3,417,1,SME_Loan,335565.72,,,0.1724,36,683357.95,0.4911,678.4,1,3,6,0,0.0,76214.6,88216.17,24,5,0,0,0,23
C01995,2026-01-26,Kisumu,Agribusiness,Self_Employed,F,54,Tier2,282,0,Personal_Loan,180752.97,,,0.2725,24,413945.02,0.4367,576.6,1,0,1,1,131.59,766.59,735.69,16,3,1,0,0,18
C01996,2026-01-26,Nyeri,SME_Trade,Micro_Enterprise,M,21,Tier2,456,1,Personal_Loan,578952.05,,,0.2316,24,480981.61,1.2037,554.4,1,1,26,4,6802.59,39221.05,54837.36,22,2,1,0,0,6
C01997,2026-01-26,Meru,SME_Trade,Self_Employed,F,45,Tier3,466,1,Personal_Loan,606768.05,,,0.1822,12,297588.46,2.039,580.4,1,1,9,3,0.0,27824.6,10505.8,33,7,1,0,0,8
C01998,2026-01-26,Nairobi,Transport,Self_Employed,M,65,Tier2,401,1,SME_Loan,535882.65,,,0.1802,36,736779.12,0.7273,633.6,4,0,6,2,7098.69,27071.4,29296.1,13,6,1,0,0,28
C01999,2026-01-26,Machakos,SME_Trade,Self_Employed,F,33,Tier2,405,1,Overdraft,104688.24,222399.26,0.4433,0.2259,0,43851.55,2.3873,686.2,2,3,7,3,29025.38,95898.93,100364.41,8,5,1,0,0,27
C02000,2026-01-26,Uasin Gishu,Salaried,Permanent,F,33,Tier2,413,1,Personal_Loan,284870.07,,,0.2734,36,402517.56,0.7077,517.3,2,1,3,4,15466.28,84021.14,27479.44,23,5,0,0,0,19
C02001,2026-01-26,Nakuru,Salaried,Permanent,F,60,Tier2,431,1,Personal_Loan,624061.75,,,0.2679,12,412043.81,1.5146,746.2,1,1,35,6,6068.34,35999.43,41770.38,25,7,1,0,0,6
C02002,2026-01-26,Nakuru,Salaried,Permanent,M,23,Tier2,390,1,Overdraft,284071.01,190179.71,1.4971,0.1663,0,55345.11,5.0,483.5,2,0,30,6,24566.17,76546.9,83065.02,29,7,0,1,0,219
C02004,2026-01-26,Uasin Gishu,Salaried,Permanent,M,41,Tier2,441,1,SME_Loan,923658.72,,,0.1465,12,628173.57,1.4704,657.2,3,1,0,0,16039.53,94792.4,49225.49,27,3,0,0,0,22
C02007,2026-01-26,Kisumu,Transport,Self_Employed,F,40,Tier2,425,1,Overdraft,85302.52,265642.05,0.2881,0.2566,0,,,718.2,2,1,0,0,17238.26,119633.43,114859.7,24,5,0,0,0,15
C02008,2026-01-26,Kakamega,SME_Trade,Self_Employed,F,27,Tier3,413,0,Personal_Loan,43341.2,,,0.219,24,509360.63,0.0851,491.9,1,0,25,6,11306.12,53104.29,59674.7,16,4,3,1,1,159
C02009,2026-01-26,Kiambu,Hospitality,Self_Employed,M,56,Tier1,409,1,Personal_Loan,272448.85,,,0.2143,12,464922.25,0.586,533.6,1,2,5,6,254.53,8165.44,11056.22,18,4,2,0,0,22
C02010,2026-01-26,Nairobi,Construction,Micro_Enterprise,F,49,Tier1,394,1,Personal_Loan,356888.92,,,0.2005,18,500979.13,0.7124,411.5,2,0,33,2,2819.6,19827.93,18904.54,18,4,1,0,0,33
C02011,2026-01-26,Kakamega,Salaried,Permanent,M,43,Tier2,409,1,Personal_Loan,135054.04,,,0.2595,24,652576.99,0.207,742.3,1,1,0,1,18409.19,78150.06,45950.56,36,4,0,0,0,34
C02013,2026-01-26,Nakuru,Salaried,Permanent,F,27,Tier3,465,1,SME_Loan,1034521.3,,,0.1254,36,0.0,5.0,525.2,1,0,0,0,19592.55,90437.62,63700.72,32,6,0,0,0,5
C02014,2026-01-26,Nairobi,Transport,Self_Employed,F,62,Tier2,451,0,Overdraft,504236.6,93651.0,1.8,0.2349,0,114994.34,4.3849,657.4,1,1,7,3,0.0,0.0,0.0,17,3,1,0,0,25
C02017,2026-01-26,Mombasa,Salaried,Contract,M,39,Tier2,416,1,Overdraft,167115.15,236575.76,0.6804,0.2862,0,177477.02,0.9416,540.1,1,0,2,1,12671.01,54536.66,70071.87,32,8,0,0,0,24
C02021,2026-01-26,Meru,Salaried,Contract,M,34,Tier3,368,1,Overdraft,0.0,166333.53,0.0,0.2185,0,181397.33,0.05,652.5,1,0,0,0,14506.89,47615.48,30885.46,38,7,0,0,0,15
C02022,2026-01-26,Kakamega,Salaried,Contract,M,50,Tier2,456,1,SME_Loan,507182.01,,,0.1243,24,0.0,5.0,570.3,1,0,18,2,29689.02,96365.96,92191.75,33,6,1,0,0,8
C02023,2026-01-26,Nairobi,SME_Trade,Micro_Enterprise,M,50,Tier2,263,0,Credit_Card,0.0,201648.09,0.0,0.274,0,,,514.2,1,1,35,1,28416.0,136208.4,164017.06,19,3,2,0,0,33
C02024,2026-01-26,Nairobi,SME_Services,Micro_Enterprise,M,47,Tier1,377,0,Personal_Loan,294626.47,,,0.2407,12,253073.15,1.1642,582.9,1,0,0,1,2230.17,29048.2,24001.3,17,6,2,0,0,34
C02029,2026-01-26,Uasin Gishu,Agribusiness,Micro_Enterprise,M,44,Tier1,439,0,Personal_Loan,585685.0,,,0.2346,36,645206.56,0.9077,557.7,1,1,9,2,6506.17,52144.41,39004.06,12,6,2,0,0,26
C02030,2026-01-26,Kiambu,SME_Trade,Self_Employed,M,36,Tier2,415,1,SME_Loan,763150.01,,,0.1627,36,690323.34,1.1055,694.9,3,2,0,1,26660.04,131206.95,111338.22,14,3,2,0,0,15
C02031,2026-01-26,Kiambu,SME_Trade,Self_Employed,F,46,Tier1,381,1,Personal_Loan,372657.52,,,0.2034,12,33051.88,5.0,454.9,1,0,13,4,26103.7,140684.29,76700.38,15,5,1,0,0,18
C02032,2026-01-26,Nairobi,SME_Services,Self_Employed,M,28,Tier3,474,0,Overdraft,39841.86,285804.83,0.0999,0.2637,0,,,691.8,2,2,15,4,5659.81,44402.82,52554.28,20,3,3,0,0,14
C02037,2026-01-26,Machakos,Agribusiness,Self_Employed,M,47,Tier2,314,0,SME_Loan,914231.83,,,0.2127,36,279873.77,3.2666,643.2,3,1,22,4,0.0,0.0,0.0,24,2,1,0,0,16
C02039,2026-01-26,Nakuru,Salaried,Permanent,F,65,Tier3,374,1,SME_Loan,1023745.26,,,0.2409,12,,,720.2,2,1,0,0,6487.27,33167.48,38339.64,29,11,2,0,0,31
C02040,2026-01-26,Nairobi,Salaried,Permanent,M,41,Tier1,403,1,SME_Loan,993795.56,,,0.2391,24,355291.88,2.7971,655.5,1,0,1,2,11779.94,39614.3,37744.57,27,5,1,0,0,26
C02046,2026-01-26,Nyeri,SME_Services,Micro_Enterprise,M,65,Tier2,364,0,Personal_Loan,533561.95,,,0.2098,36,814791.16,0.6548,562.9,2,0,0,2,0.0,85838.4,44722.16,17,3,2,0,0,32
C02047,2026-01-26,Kiambu,Salaried,Permanent,M,41,Tier3,363,1,SME_Loan,492635.38,,,0.1901,24,574958.69,0.8568,577.2,5,0,39,4,11969.92,53578.93,57296.02,22,9,0,0,0,12
C02049,2026-01-26,Kakamega,Hospitality,Self_Employed,F,54,Tier1,401,1,Personal_Loan,307389.87,,,0.2353,36,,,632.4,1,0,0,2,1958.0,53852.44,57834.78,17,3,4,1,0,18
C02050,2026-01-26,Kiambu,Construction,Self_Employed,F,50,Tier2,485,1,Overdraft,156971.02,334897.55,0.4413,0.2745,0,,,591.1,1,0,1,0,1544.15,98781.51,104313.22,20,3,2,0,0,19
C02054,2026-01-26,Kisumu,Salaried,Permanent,F,63,Tier2,222,1,SME_Loan,713280.8,,,0.2259,48,588482.82,1.2121,826.7,1,4,0,1,0.0,0.0,0.0,25,7,0,0,0,19
C02057,2026-01-26,Nairobi,Salaried,Permanent,M,54,Tier1,461,1,SME_Loan,753025.92,,,0.1633,12,95528.93,5.0,661.2,1,0,1,3,26115.29,131125.37,126146.77,26,7,0,0,0,15
C02060,2026-01-26,Mombasa,Hospitality,Self_Employed,M,39,Tier2,491,1,Overdraft,121721.11,213531.55,0.5352,0.1832,0,223659.52,0.5442,608.0,1,2,0,0,4217.94,27456.08,25675.87,18,0,0,0,0,14
C02062,2026-01-26,Nairobi,SME_Services,Self_Employed,F,46,Tier3,341,0,SME_Loan,234555.41,,,0.1546,36,52846.81,4.4384,597.5,2,1,7,4,1107.87,30411.45,31942.07,19,1,1,0,0,28
C02069,2026-01-26,Kisumu,Salaried,Permanent,M,35,Tier2,374,1,Overdraft,3121.3,213875.32,0.0,0.2669,0,51045.81,0.0611,623.9,2,2,1,4,8536.67,109592.08,112281.18,27,3,0,0,0,34
C02073,2026-01-26,Mombasa,Salaried,Contract,M,39,Tier2,463,1,Credit_Card,121399.12,233157.59,0.5257,0.2908,0,,,646.4,1,1,4,1,6037.49,32282.35,19725.59,29,5,1,0,0,32
C02077,2026-01-26,Nyeri,Agribusiness,Self_Employed,F,41,Tier1,388,1,Personal_Loan,404743.07,,,0.1893,18,231714.52,1.7467,683.7,1,1,5,2,2581.37,13814.82,11582.32,19,7,2,0,0,27
C02078,2026-01-26,Kisumu,SME_Trade,Self_Employed,F,40,Tier2,426,1,Personal_Loan,361959.88,,,0.18,36,0.0,5.0,488.3,4,1,17,5,0.0,0.0,0.0,20,8,4,0,0,32
C02079,2026-01-26,Nairobi,SME_Services,Micro_Enterprise,M,32,Tier2,432,1,Personal_Loan,328675.92,,,0.2283,24,59105.46,5.0,655.2,1,2,0,1,50.91,76841.84,42616.33,24,4,1,0,0,26
C02081,2026-01-26,Nairobi,Agribusiness,Self_Employed,M,58,Tier2,406,1,Personal_Loan,119736.94,,,0.2026,18,384345.31,0.3115,539.7,1,0,0,0,3832.48,26599.48,18553.41,21,4,1,0,0,29
C02082,2026-01-26,Kakamega,Salaried,Permanent,M,25,Tier1,490,1,Personal_Loan,311934.93,,,0.1935,24,0.0,5.0,667.2,2,0,0,1,5158.56,26816.88,32154.53,23,8,1,0,0,11
C02083,2026-01-26,Mombasa,Salaried,Permanent,F,35,Tier2,428,1,Overdraft,194294.1,64544.7,1.8,0.289,0,58872.01,3.3003,691.1,1,1,0,1,8055.68,96182.15,99027.32,27,3,0,0,0,148
C02084,2026-01-26,Kiambu,Agribusiness,Self_Employed,M,51,Tier1,467,0,Personal_Loan,480064.19,,,0.2469,18,395839.26,1.2128,640.6,1,0,5,2,11493.22,72002.34,60361.96,13,3,1,0,0,23
C02085,2026-01-26,Mombasa,Salaried,Permanent,F,26,Tier2,452,1,Personal_Loan,324738.26,,,0.2502,36,897438.7,0.3619,730.9,1,0,0,0,908.67,5188.22,2644.35,21,6,0,0,0,30
C02086,2026-01-26,Kakamega,Salaried,Permanent,F,50,Tier3,408,1,SME_Loan,294366.83,,,0.2297,24,229741.85,1.2813,683.0,2,0,0,0,4479.44,47870.08,43535.69,26,5,0,0,0,28
C02090,2026-01-26,Kakamega,Agribusiness,Self_Employed,F,21,Tier2,401,1,Overdraft,189461.78,350292.63,0.4635,0.2046,0,34593.66,5.0,681.7,1,1,0,0,9340.28,35701.94,42111.58,24,3,2,0,0,16
C02093,2026-01-26,Meru,Salaried,Permanent,M,57,Tier2,396,1,Personal_Loan,324211.71,,,0.2041,12,436761.71,0.7423,698.5,1,1,5,3,13766.92,63831.53,54268.97,28,5,2,0,0,6
C02095,2026-01-26,Mombasa,Salaried,Permanent,M,28,Tier2,466,1,Personal_Loan,57001.17,,,0.3051,12,0.0,5.0,628.6,2,2,0,3,0.0,0.0,0.0,20,4,1,0,0,11
C02098,2026-01-26,Kisumu,Salaried,Contract,M,59,Tier1,510,1,Overdraft,136840.51,321537.88,0.5115,0.1764,0,62876.21,2.1763,621.2,1,2,13,4,45413.04,149898.47,65476.03,28,5,1,0,0,33
C02099,2026-01-26,Nairobi,Transport,Micro_Enterprise,F,54,Tier1,404,0,Personal_Loan,164085.66,,,0.248,36,264915.17,0.6194,599.1,1,2,22,3,0.0,74624.89,31804.23,21,2,0,0,0,15
C02103,2026-01-26,Nyeri,SME_Services,Self_Employed,F,28,Tier1,452,0,Overdraft,183738.81,381034.35,0.4715,0.243,0,100424.28,1.8296,584.2,1,1,0,0,1794.12,10613.79,10029.78,26,6,0,0,0,19
C02104,2026-01-26,Nakuru,Agribusiness,Self_Employed,F,26,Tier1,476,0,Personal_Loan,351883.46,,,0.2548,18,129644.86,2.7142,660.6,1,1,14,4,8998.26,53180.84,38663.65,26,2,0,0,0,14
C02112,2026-01-26,Machakos,Agribusiness,Self_Employed,F,51,Tier3,313,0,Personal_Loan,302131.77,,,0.1343,18,273685.5,1.1039,652.5,2,1,0,1,3685.29,21117.95,15599.13,16,2,2,0,0,14
C02114,2026-01-26,Meru,Salaried,Permanent,F,61,Tier2,418,1,Personal_Loan,385004.03,,,0.2495,24,101054.67,3.8099,529.6,1,1,0,0,11806.5,108934.97,72065.59,31,3,0,0,0,16
C02116,2026-01-26,Nairobi,Salaried,Permanent,F,30,Tier2,362,1,Personal_Loan,417590.11,,,0.2456,12,21640.02,5.0,602.7,2,1,0,0,10957.68,117991.89,99689.92,27,3,0,0,0,30
C02117,2026-01-26,Nairobi,Salaried,Contract,M,64,Tier2,380,1,Overdraft,222152.42,141023.97,1.38,0.2175,0,62912.63,3.5311,706.8,1,1,0,1,9399.37,95147.73,79020.34,30,8,1,0,0,14
C02118,2026-01-26,Machakos,Salaried,Contract,F,45,Tier1,500,1,Credit_Card,14783.31,195173.29,0.0881,0.339,0,,,570.8,1,0,0,1,66591.52,245901.06,69600.91,25,10,1,0,0,20
C02122,2026-01-26,Meru,Salaried,Permanent,F,63,Tier3,397,1,SME_Loan,1637668.91,,,0.14,24,,,559.7,3,1,23,6,0.0,126040.8,148656.26,36,5,0,0,0,9
C02127,2026-01-26,Nairobi,Salaried,Permanent,F,34,Tier1,460,1,Overdraft,54495.7,91255.38,0.9118,0.2194,0,70880.54,0.7688,582.9,1,1,0,2,24295.7,104040.88,88564.36,27,11,2,0,0,7
C02135,2026-01-26,Nairobi,Construction,Self_Employed,M,40,Tier2,437,1,SME_Loan,877162.34,,,0.2302,36,286408.57,3.0626,532.7,2,0,0,0,22454.03,94365.96,72987.79,27,3,2,0,0,32
C02138,2026-01-26,Nairobi,Transport,Self_Employed,M,22,Tier2,455,0,Personal_Loan,7046.43,,,0.2754,18,1001470.62,0.05,611.1,1,0,2,4,1809.39,71135.24,97875.06,17,1,3,0,0,25
C02139,2026-01-26,Nairobi,Salaried,Permanent,M,45,Tier3,418,1,SME_Loan,421694.6,,,0.2065,24,596032.67,0.7075,638.5,2,0,12,6,9111.31,52233.19,33942.77,32,4,0,0,0,29
C02141,2026-01-26,Nairobi,Salaried,Permanent,F,52,Tier1,464,1,Personal_Loan,293654.47,,,0.1329,12,194753.38,1.5078,600.1,2,1,21,3,0.0,40619.51,39688.3,35,6,0,0,0,18
C02142,2026-01-26,Nairobi,Salaried,Permanent,M,60,Tier2,425,1,SME_Loan,565356.55,,,0.2594,36,844054.32,0.6698,711.5,1,2,4,1,8071.47,62171.48,98788.04,23,7,3,0,0,26
C02143,2026-01-26,Nairobi,Construction,Self_Employed,M,64,Tier3,286,0,Credit_Card,164991.5,30000.0,1.8,0.264,0,,,662.8,1,1,0,0,3551.21,102113.37,101519.46,20,3,0,0,0,21
C02144,2026-01-26,Kiambu,SME_Trade,Micro_Enterprise,M,48,Tier1,315,0,Credit_Card,0.0,94160.53,0.1093,0.2713,0,,,635.7,1,1,0,0,4866.67,25547.25,27891.99,19,1,3,0,0,13
C02145,2026-01-26,Meru,Agribusiness,Micro_Enterprise,M,37,Tier1,403,0,SME_Loan,732290.26,,,0.2241,48,728692.05,1.0049,587.7,2,0,33,5,3544.71,10258.65,7090.1,12,5,0,0,0,153
C02146,2026-01-26,Kakamega,Other,Self_Employed,M,40,Tier3,425,1,Overdraft,18117.0,96644.17,0.0,0.2917,0,281191.66,0.0644,679.8,1,1,0,2,499.56,22921.81,27404.0,14,3,0,0,0,27
C02150,2026-01-26,Machakos,Salaried,Permanent,F,59,Tier2,470,1,Overdraft,198524.65,126126.43,1.5165,0.2664,0,,,586.8,2,0,13,1,6246.82,104830.21,46409.78,22,7,1,0,0,5
C02154,2026-01-26,Nakuru,SME_Trade,Micro_Enterprise,M,45,Tier1,407,1,Personal_Loan,326494.98,,,0.151,12,832240.84,0.3923,558.8,1,0,17,5,15902.29,63056.41,65708.78,24,6,1,0,0,17
C02156,2026-01-26,Nairobi,Salaried,Contract,M,43,Tier1,344,1,Personal_Loan,305393.64,,,0.2408,12,42803.16,5.0,574.8,2,0,1,1,1856.66,57966.13,14830.16,25,4,2,0,0,25
C02158,2026-01-26,Nakuru,Salaried,Permanent,M,49,Tier2,487,1,SME_Loan,707374.01,,,0.1879,24,102795.1,5.0,602.5,2,0,0,0,36421.14,140331.11,150178.85,20,5,1,0,0,31
C02159,2026-01-26,Uasin Gishu,Transport,Self_Employed,M,57,Tier2,409,0,Personal_Loan,95044.46,,,0.2105,18,762973.91,0.1246,714.4,1,0,0,2,22239.8,136667.92,97516.38,25,3,3,0,0,26
C02160,2026-01-26,Nairobi,Hospitality,Micro_Enterprise,M,36,Tier3,428,0,Personal_Loan,419464.98,,,0.2642,18,,,664.1,4,0,0,1,8984.4,75601.78,39003.77,26,2,2,0,0,12
C02163,2026-01-26,Nairobi,SME_Services,Self_Employed,M,39,Tier2,386,0,SME_Loan,607359.82,,,0.1644,24,541798.06,1.121,540.9,2,0,0,0,23268.16,167883.15,97731.22,18,1,2,0,0,25
C02164,2026-01-26,Uasin Gishu,SME_Services,Micro_Enterprise,F,62,Tier3,360,0,Credit_Card,92614.28,334088.25,0.3098,0.1843,0,,,669.4,1,0,9,3,5363.76,105380.9,156037.36,27,3,0,0,0,18
C02165,2026-01-26,Kiambu,Hospitality,Self_Employed,F,63,Tier2,470,0,Personal_Loan,516319.78,,,0.1616,24,0.0,5.0,765.6,1,0,0,2,1814.49,16832.32,14272.86,17,5,2,0,0,28
C02166,2026-01-26,Meru,Other,Self_Employed,F,62,Tier2,382,0,Personal_Loan,285483.84,,,0.2261,12,1005468.2,0.2839,490.5,4,2,17,5,12562.22,62741.66,39035.61,24,5,0,0,0,26
C02167,2026-01-26,Nairobi,SME_Trade,Micro_Enterprise,M,35,Tier2,426,0,SME_Loan,416890.43,,,0.1688,48,0.0,5.0,675.3,1,1,4,5,17071.23,57982.99,22172.19,17,4,0,0,0,24
C02169,2026-01-26,Kisumu,Transport,Self_Employed,M,63,Tier2,435,0,Credit_Card,18312.91,130757.83,0.0,0.275,0,,,607.3,4,0,0,3,0.0,225424.05,118822.46,20,4,2,0,0,11
C02176,2026-01-26,Nairobi,Salaried,Permanent,M,55,Tier2,352,1,Personal_Loan,327184.02,,,0.2634,36,0.0,5.0,505.7,1,2,24,2,10156.96,78370.41,59076.28,37,4,0,0,0,140
C02177,2026-01-26,Nyeri,SME_Services,Self_Employed,M,25,Tier2,507,1,Personal_Loan,145684.39,,,0.214,24,213545.14,0.6822,645.4,3,0,0,0,709.79,12187.73,9968.46,7,4,1,0,0,27
C02179,2026-01-26,Uasin Gishu,Construction,Self_Employed,F,49,Tier2,481,0,SME_Loan,813801.62,,,0.2041,12,,,416.4,3,1,28,6,5512.64,74374.36,71278.92,20,1,1,0,1,183
C02180,2026-01-26,Kakamega,Salaried,Permanent,M,41,Tier2,401,1,Personal_Loan,238635.48,,,0.1932,12,136823.28,1.7441,654.7,1,1,7,2,16540.33,108771.17,120370.64,31,5,0,0,0,18
C02185,2026-01-26,Nairobi,SME_Trade,Self_Employed,M,49,Tier1,465,0,Personal_Loan,341128.55,,,0.2303,12,242522.9,1.4066,653.9,1,0,0,2,87.56,1644.52,1085.2,15,4,1,0,0,16
C02187,2026-01-26,Nairobi,Transport,Self_Employed,F,34,Tier1,478,0,SME_Loan,494435.26,,,0.1937,36,457361.79,1.0811,632.4,3,0,0,1,3923.38,26759.88,23198.72,28,2,1,0,0,22
C02190,2026-01-26,Kakamega,Hospitality,Micro_Enterprise,F,47,Tier2,434,0,SME_Loan,993586.47,,,0.1537,36,,,588.8,1,0,24,3,2718.61,25006.35,31158.83,26,7,0,0,0,26
C02195,2026-01-26,Nairobi,Hospitality,Micro_Enterprise,F,50,Tier2,321,1,SME_Loan,1045014.85,,,0.1583,36,106257.72,5.0,581.7,3,0,0,0,0.0,40.96,42.82,15,10,0,0,0,26
C02196,2026-01-26,Kiambu,Hospitality,Self_Employed,M,57,Tier3,448,0,SME_Loan,407062.06,,,0.1983,48,500205.84,0.8138,554.6,2,1,13,4,52.56,1866.74,1480.73,32,1,1,0,0,33
C02197,2026-01-26,Kiambu,Other,Micro_Enterprise,F,34,Tier2,422,0,SME_Loan,496611.53,,,0.2857,12,712971.93,0.6965,448.1,3,0,37,6,20013.09,90391.68,87053.73,23,5,1,0,0,185
C02200,2026-01-26,Nakuru,Salaried,Permanent,F,28,Tier3,402,1,SME_Loan,323375.63,,,0.3005,36,,,538.0,2,1,2,3,1356.42,48738.41,39984.1,35,11,1,0,0,13
C02204,2026-01-26,Uasin Gishu,Agribusiness,Self_Employed,M,36,Tier2,421,0,Personal_Loan,382304.68,,,0.2923,18,635965.57,0.6011,636.9,1,1,0,0,25322.67,91805.0,82480.77,24,4,0,0,0,21
C02205,2026-01-26,Nyeri,Hospitality,Micro_Enterprise,F,41,Tier3,430,0,Personal_Loan,279470.76,,,0.2598,18,288918.48,0.9673,516.1,3,0,19,2,2877.15,14788.83,20961.83,22,4,0,1,1,201
C02206,2026-01-26,Nakuru,Other,Self_Employed,M,56,Tier1,434,0,Personal_Loan,456948.62,,,0.2512,12,605641.21,0.7545,594.3,1,0,18,4,20111.86,90972.7,77656.85,9,7,3,0,0,32
C02208,2026-01-26,Machakos,SME_Services,Self_Employed,M,58,Tier3,400,0,Personal_Loan,471536.14,,,0.1572,12,272314.63,1.7316,620.4,3,0,4,2,6264.17,82977.02,89292.68,22,4,2,0,0,27
C02211,2026-01-26,Nakuru,Salaried,Permanent,F,52,Tier2,497,1,Personal_Loan,408155.17,,,0.2004,12,181695.54,2.2464,592.1,1,0,5,5,18447.84,66085.15,66304.85,24,2,0,0,0,27
C02212,2026-01-26,Nakuru,Salaried,Permanent,F,55,Tier3,254,1,Credit_Card,14863.6,163130.15,0.2057,0.1986,0,,,567.4,1,2,13,2,9816.11,174756.85,94341.57,33,10,0,0,0,22
C02213,2026-01-26,Nairobi,Other,Micro_Enterprise,M,48,Tier2,384,0,SME_Loan,721244.1,,,0.3115,36,181062.82,3.9834,639.9,5,1,29,5,0.0,80372.21,71828.53,16,4,1,0,0,10
C02216,2026-01-26,Nairobi,Salaried,Permanent,F,38,Tier2,477,1,SME_Loan,856929.83,,,0.3004,36,504934.8,1.6971,625.6,2,1,54,6,0.0,0.0,0.0,26,3,1,0,0,29
C02221,2026-01-26,Nairobi,SME_Services,Self_Employed,M,63,Tier3,470,0,Personal_Loan,249785.24,,,0.1731,24,359433.16,0.6949,549.7,1,0,12,3,24513.95,89934.9,99750.45,23,3,1,0,0,23
C02222,2026-01-26,Machakos,Construction,Self_Employed,F,27,Tier2,276,1,Credit_Card,21191.79,69554.29,0.4804,0.2412,0,,,492.5,2,2,23,4,9120.66,130662.54,105719.51,23,3,0,0,0,9
C02227,2026-01-26,Nakuru,SME_Trade,Self_Employed,F,60,Tier2,469,0,Personal_Loan,447631.23,,,0.2258,24,368246.46,1.2156,659.5,2,1,0,1,743.12,7014.97,5884.04,12,8,1,0,0,18
C02231,2026-01-26,Nakuru,Salaried,Permanent,F,49,Tier3,465,1,SME_Loan,610293.48,,,0.189,24,286989.02,2.1265,632.6,2,1,0,0,26869.15,125822.19,164159.66,31,8,0,0,0,13
C02235,2026-01-26,Nairobi,Agribusiness,Self_Employed,F,47,Tier2,401,0,Credit_Card,55792.13,125644.08,0.6163,0.3545,0,,,626.8,1,1,0,1,5193.59,21916.77,16827.13,19,5,2,0,0,19
C02236,2026-01-26,Machakos,Salaried,Permanent,F,56,Tier2,340,1,SME_Loan,893234.19,,,0.1537,36,558075.4,1.6006,543.8,3,1,17,3,2795.92,134183.43,128267.51,26,9,0,0,0,30
C02238,2026-01-26,Nairobi,Other,Micro_Enterprise,M,33,Tier2,477,1,Personal_Loan,105002.34,,,0.1114,24,840720.69,0.1249,684.8,1,1,1,1,15784.85,93966.32,107314.86,17,3,1,1,0,14
C02239,2026-01-26,Nairobi,Salaried,Permanent,M,42,Tier2,363,1,Overdraft,173242.88,267173.3,0.5715,0.2103,0,191106.8,0.9065,611.0,1,1,0,0,2061.99,25272.22,29569.27,22,11,1,0,0,14
C02240,2026-01-26,Nairobi,Construction,Self_Employed,M,60,Tier3,441,0,Overdraft,201385.21,411496.32,0.4769,0.2197,0,222666.81,0.9044,591.2,3,0,1,0,0.0,0.0,0.0,19,5,0,0,0,6
C02244,2026-01-26,Nairobi,Salaried,Contract,F,26,Tier2,288,1,Personal_Loan,506492.81,,,0.2372,36,0.0,5.0,678.9,3,0,5,3,3901.12,13866.85,13090.03,36,4,1,0,0,33
C02247,2026-01-26,Mombasa,Salaried,Contract,F,46,Tier2,404,1,Overdraft,18642.7,323286.83,0.1212,0.2551,0,178608.58,0.1044,612.4,3,1,19,3,23797.09,99831.72,85876.26,27,8,0,0,0,5
C02249,2026-01-26,Kiambu,SME_Services,Self_Employed,F,28,Tier3,469,0,Personal_Loan,659497.95,,,0.1732,36,645608.29,1.0215,718.9,2,0,16,2,19331.67,185540.73,71650.57,25,2,5,0,0,14
C02251,2026-01-26,Nakuru,Transport,Self_Employed,M,43,Tier1,500,0,SME_Loan,521812.2,,,0.2508,24,801087.07,0.6514,599.6,3,0,13,2,7977.11,55478.97,41901.42,23,7,1,0,0,21
C02252,2026-01-26,Kiambu,Salaried,Contract,F,45,Tier2,398,1,SME_Loan,371244.1,,,0.209,36,568725.09,0.6528,558.1,2,0,0,0,22890.8,174779.0,154364.71,27,4,1,0,0,21
C02253,2026-01-26,Nairobi,Construction,Self_Employed,M,31,Tier3,440,1,SME_Loan,657794.79,,,0.1389,36,709875.31,0.9266,730.9,1,1,9,6,3850.7,49878.83,54582.04,22,2,1,0,0,11
C02257,2026-01-26,Nyeri,Transport,Micro_Enterprise,M,56,Tier3,404,0,Credit_Card,29858.94,161619.42,0.0,0.1826,0,,,634.8,1,1,19,6,55370.39,165804.45,191824.38,24,4,0,0,0,8
C02258,2026-01-26,Meru,SME_Services,Self_Employed,F,50,Tier2,338,0,Overdraft,170733.42,313583.23,0.7647,0.1785,0,84158.16,2.0287,712.2,2,2,0,0,44292.94,251806.05,241826.42,19,1,1,0,0,15
C02260,2026-01-26,Uasin Gishu,Construction,Micro_Enterprise,M,65,Tier1,447,1,SME_Loan,998304.03,,,0.2801,48,,,596.3,4,3,0,0,5901.61,37223.32,32804.0,17,2,1,0,0,31
C02261,2026-01-26,Uasin Gishu,SME_Services,Micro_Enterprise,F,22,Tier2,429,0,Personal_Loan,229054.08,,,0.2415,36,93841.25,2.4409,487.1,2,0,47,5,1222.76,17726.49,18008.03,14,5,1,1,0,143
C02264,2026-01-26,Kiambu,Salaried,Permanent,F,44,Tier1,299,1,Overdraft,87017.06,351626.8,0.2561,0.2465,0,282345.9,0.3082,625.0,2,0,0,0,0.0,0.0,0.0,26,10,0,0,0,20
C02265,2026-01-26,Kiambu,Other,Self_Employed,M,25,Tier1,464,0,Credit_Card,64736.0,335972.62,0.1562,0.1763,0,,,559.1,2,0,3,1,2972.84,17966.3,24756.08,17,2,1,0,0,34
C02267,2026-01-26,Meru,SME_Trade,Micro_Enterprise,F,51,Tier3,442,0,Overdraft,170181.21,115451.05,1.5855,0.2483,0,1527.2,5.0,624.6,2,0,11,3,15326.34,155630.37,34595.08,22,2,1,0,0,13
C02270,2026-01-26,Nairobi,Agribusiness,Micro_Enterprise,M,64,Tier2,391,0,Personal_Loan,367075.96,,,0.2555,12,1105435.58,0.3321,391.3,1,1,43,1,26789.65,121129.01,91653.55,19,5,1,1,1,159
C02274,2026-01-26,Nairobi,Agribusiness,Micro_Enterprise,M,41,Tier2,355,0,SME_Loan,772614.1,,,0.2408,36,606851.76,1.2732,562.6,1,1,16,2,4140.27,14309.83,4582.31,15,5,1,0,0,15
C02276,2026-01-26,Nairobi,Agribusiness,Micro_Enterprise,M,40,Tier3,397,0,Personal_Loan,459409.47,,,0.2112,36,800268.47,0.5741,754.4,1,0,0,0,9161.46,42862.85,31377.69,22,2,3,0,0,31
C02277,2026-01-26,Machakos,Salaried,Contract,M,30,Tier2,494,1,SME_Loan,653164.68,,,0.1171,24,432503.5,1.5102,670.7,1,1,5,5,9400.3,72570.21,79901.38,32,7,0,0,0,14
C02278,2026-01-26,Machakos,Transport,Micro_Enterprise,M,23,Tier1,438,1,Overdraft,196331.22,435828.36,0.5502,0.2436,0,185372.06,1.0591,648.8,1,1,7,1,21893.72,155232.7,185485.97,20,5,1,0,0,11
C02279,2026-01-26,Mombasa,SME_Trade,Self_Employed,M,37,Tier2,397,0,Personal_Loan,124419.37,,,0.2852,18,376361.34,0.3306,681.3,1,1,5,4,13758.33,72969.69,79599.84,22,1,2,0,0,15
C02284,2026-01-26,Nairobi,SME_Trade,Self_Employed,M,56,Tier3,490,0,SME_Loan,599213.58,,,0.2932,36,,,569.3,3,0,11,4,12451.93,92400.8,104268.59,20,1,2,0,0,6
C02286,2026-01-26,Nyeri,Hospitality,Micro_Enterprise,F,58,Tier1,350,0,Personal_Loan,181685.46,,,0.1663,18,116320.07,1.5619,572.5,1,1,14,5,14639.29,46682.93,33557.35,21,9,3,0,0,33
C02289,2026-01-26,Nairobi,SME_Services,Micro_Enterprise,F,63,Tier3,406,0,Overdraft,167874.26,215657.13,0.8088,0.2201,0,147979.68,1.1344,698.4,1,0,29,3,685.05,17558.66,17707.16,16,1,1,0,0,17
C02290,2026-01-26,Nairobi,Transport,Micro_Enterprise,M,39,Tier2,504,1,Overdraft,119125.41,308586.33,0.2304,0.306,0,74834.62,1.5918,655.2,1,1,5,6,16712.23,100764.91,83796.56,17,7,1,1,0,185
C02291,2026-01-26,Nyeri,Other,Micro_Enterprise,F,38,Tier1,464,0,SME_Loan,603357.86,,,0.216,12,0.0,5.0,666.3,2,2,36,3,27005.68,106477.57,118092.89,24,6,2,0,0,13
C02296,2026-01-26,Mombasa,Transport,Self_Employed,F,57,Tier1,507,0,SME_Loan,272255.92,,,0.234,24,820474.76,0.3318,665.4,1,0,27,5,12011.98,53793.59,32913.65,20,2,0,0,0,24
C02298,2026-01-26,Nairobi,SME_Trade,Self_Employed,F,43,Tier2,408,0,SME_Loan,339747.17,,,0.176,36,814470.87,0.4171,633.6,1,1,50,4,0.0,154051.95,148981.47,21,4,2,0,0,31
C02302,2026-01-26,Kiambu,Salaried,Permanent,M,27,Tier2,422,1,Overdraft,41183.67,126040.22,0.5058,0.2253,0,162028.49,0.2542,615.9,3,1,1,6,0.0,22869.76,15715.38,24,4,1,0,0,32
C02303,2026-01-26,Nairobi,Construction,Self_Employed,M,46,Tier3,386,1,SME_Loan,494312.76,,,0.1574,12,174770.54,2.8284,692.2,3,1,2,4,0.0,0.0,0.0,26,2,2,0,0,32
C02304,2026-01-26,Nairobi,SME_Trade,Micro_Enterprise,F,60,Tier1,464,1,Overdraft,120733.96,355435.65,0.2934,0.2931,0,292410.7,0.4129,649.4,1,1,12,4,11130.2,106425.69,117685.96,13,2,0,1,0,236
C02305,2026-01-26,Kiambu,Salaried,Permanent,M,62,Tier1,414,1,Personal_Loan,475362.54,,,0.3153,12,610505.81,0.7786,660.0,1,1,1,1,22447.98,100752.87,57696.13,20,5,0,1,0,8
C02309,2026-01-26,Meru,Hospitality,Self_Employed,F,34,Tier3,369,1,SME_Loan,945343.79,,,0.1421,24,615570.97,1.5357,407.8,3,0,45,5,5871.42,23924.95,23038.94,27,3,0,0,0,191
C02310,2026-01-26,Kakamega,Salaried,Permanent,M,45,Tier3,429,1,SME_Loan,635344.41,,,0.1621,12,444967.67,1.4278,547.0,1,0,28,4,15352.5,83782.99,127013.91,36,6,0,1,0,228
C02314,2026-01-26,Kisumu,Salaried,Permanent,M,23,Tier2,462,1,Overdraft,62358.85,423032.25,0.1608,0.2776,0,137384.54,0.4539,527.2,1,3,1,2,0.0,0.0,0.0,22,3,0,0,0,21
C02317,2026-01-26,Nairobi,Construction,Micro_Enterprise,F,24,Tier1,384,0,Credit_Card,71645.63,309832.56,0.2749,0.2742,0,,,615.9,1,1,5,1,3720.28,63306.27,97658.46,16,4,0,0,0,11
C02318,2026-01-26,Uasin Gishu,SME_Trade,Self_Employed,M,40,Tier2,473,0,SME_Loan,774085.48,,,0.2031,24,0.0,5.0,550.9,1,1,27,3,9329.7,78554.13,66515.55,19,3,1,0,0,9
C02320,2026-01-26,Nyeri,SME_Trade,Micro_Enterprise,F,55,Tier2,409,0,Personal_Loan,98904.34,,,0.1724,24,178660.17,0.5536,586.4,1,2,0,2,4245.88,59528.79,37717.37,19,4,2,0,0,20
C02321,2026-01-26,Kiambu,Other,Micro_Enterprise,F,25,Tier2,322,0,Overdraft,148627.21,233008.37,0.655,0.2821,0,339039.21,0.4384,692.6,1,0,0,0,11082.77,109512.12,96152.22,22,5,0,0,0,8
C02325,2026-01-26,Nairobi,Hospitality,Self_Employed,F,54,Tier2,289,1,Overdraft,152645.5,147129.75,0.8541,0.2697,0,,,595.2,1,1,41,2,2088.78,27968.33,36924.11,11,3,0,1,1,155
C02326,2026-01-26,Nyeri,Salaried,Permanent,F,58,Tier3,417,1,Personal_Loan,165671.29,,,0.2099,18,948302.11,0.1747,685.3,2,2,0,5,22311.0,167281.72,167468.48,32,10,2,0,0,12
C02328,2026-01-26,Nairobi,SME_Trade,Self_Employed,M,28,Tier2,444,0,Personal_Loan,501882.2,,,0.2281,12,254026.07,1.9757,697.5,2,2,22,3,5875.32,20556.56,17325.23,11,7,4,1,0,31
C02330,2026-01-26,Mombasa,Agribusiness,Self_Employed,F,27,Tier3,393,0,SME_Loan,1111821.36,,,0.2393,12,502038.53,2.2146,700.1,1,2,2,2,15388.01,121419.04,98630.17,19,4,1,0,0,34
C02332,2026-01-26,Meru,Agribusiness,Self_Employed,F,59,Tier2,415,1,Personal_Loan,348945.4,,,0.1879,36,320667.68,1.0882,506.5,2,0,35,6,6967.88,37058.78,44331.97,14,1,1,0,0,26
C02333,2026-01-26,Nairobi,Salaried,Permanent,M,33,Tier3,319,1,Personal_Loan,416169.22,,,0.1148,12,0.0,5.0,535.2,1,0,5,3,8552.27,157342.08,219656.33,22,5,0,1,0,172
C02334,2026-01-26,Machakos,Agribusiness,Micro_Enterprise,F,58,Tier2,490,1,Personal_Loan,130020.7,,,0.3022,12,634736.79,0.2048,716.4,1,0,0,0,7743.26,68466.99,46184.27,23,3,2,0,0,26
C02335,2026-01-26,Nakuru,Salaried,Permanent,M,45,Tier3,250,1,Overdraft,89840.9,248607.01,0.3544,0.1752,0,160625.38,0.5593,580.9,1,0,14,4,14070.96,80578.27,43444.47,31,6,0,0,0,22
C02336,2026-01-26,Mombasa,Other,Self_Employed,M,45,Tier1,350,0,SME_Loan,658652.2,,,0.2984,24,739360.82,0.8908,599.7,3,0,0,1,2432.81,22085.81,26086.71,18,2,0,0,0,9
C02337,2026-01-26,Nairobi,Agribusiness,Micro_Enterprise,M,41,Tier1,440,1,Overdraft,180926.87,145686.82,1.0551,0.2426,0,,,545.3,1,1,17,4,8359.78,46010.55,61582.76,14,4,1,1,1,176
C02338,2026-01-26,Nyeri,SME_Services,Self_Employed,M,57,Tier3,368,0,Personal_Loan,302802.3,,,0.2347,24,439782.74,0.6885,537.5,2,0,31,3,35845.51,163830.62,163362.8,19,3,0,0,0,21
C02343,2026-01-26,Meru,SME_Services,Micro_Enterprise,M,45,Tier2,433,0,Personal_Loan,101010.42,,,0.222,18,7562.07,5.0,518.8,3,2,0,0,6144.81,35484.01,46959.79,11,5,1,0,0,26
C02344,2026-01-26,Machakos,Salaried,Contract,F,54,Tier2,453,1,Personal_Loan,14980.28,,,0.202,18,176419.85,0.0849,450.3,2,1,34,2,22183.94,112047.59,52436.02,25,9,3,0,0,14
C02349,2026-01-26,Kisumu,Salaried,Permanent,M,30,Tier2,492,1,SME_Loan,918240.73,,,0.143,24,458687.31,2.0019,620.3,2,3,19,4,39654.01,207514.24,166357.46,32,6,1,0,0,9
C02350,2026-01-26,Uasin Gishu,SME_Trade,Micro_Enterprise,M,43,Tier2,459,1,Overdraft,0.0,107845.91,0.0,0.2019,0,10407.48,0.05,573.8,1,1,0,2,2987.81,12112.59,11282.49,15,2,3,0,0,17
C02351,2026-01-26,Nyeri,Construction,Micro_Enterprise,F,45,Tier2,422,0,Overdraft,78633.96,337865.83,0.3144,0.2051,0,225614.15,0.3485,672.0,1,0,0,2,12201.5,86845.3,91960.52,18,5,2,0,0,29
C02353,2026-01-26,Nakuru,SME_Services,Self_Employed,M,53,Tier1,441,1,Personal_Loan,468299.69,,,0.2177,36,569544.21,0.8222,641.2,3,0,7,5,4010.51,35394.16,39249.89,26,4,0,0,0,146
C02355,2026-01-26,Kakamega,Construction,Micro_Enterprise,M,34,Tier1,207,1,Overdraft,63284.76,63576.11,1.5162,0.3432,0,112145.54,0.5643,624.7,1,0,0,3,13815.33,163493.05,115078.67,22,5,1,0,0,6
C02356,2026-01-26,Nyeri,Salaried,Contract,F,37,Tier2,464,1,Overdraft,141426.51,282474.33,0.5024,0.1893,0,62456.2,2.2644,675.3,3,2,1,2,28411.33,156845.56,161075.56,27,6,0,1,1,213
C02361,2026-01-26,Machakos,SME_Trade,Self_Employed,F,50,Tier2,478,0,SME_Loan,222770.76,,,0.1979,36,434871.86,0.5123,640.2,2,0,0,0,11206.54,75085.44,50690.22,19,2,1,0,0,12
C02366,2026-01-26,Machakos,SME_Trade,Self_Employed,F,24,Tier1,467,1,Personal_Loan,463146.11,,,0.2275,12,242457.97,1.9102,676.1,3,0,6,6,1920.92,14532.3,8552.63,11,1,0,0,0,27
C02370,2026-01-26,Meru,SME_Services,Self_Employed,M,28,Tier2,378,1,Overdraft,155381.17,425981.02,0.3548,0.2628,0,230204.74,0.675,580.2,1,1,23,6,27505.9,97911.26,96632.7,12,4,2,1,0,30
C02374,2026-01-26,Nairobi,Salaried,Permanent,F,38,Tier1,494,1,Personal_Loan,440827.05,,,0.199,24,338809.68,1.3011,543.0,2,0,14,4,9351.85,188083.03,149117.9,28,3,2,0,0,29
C02375,2026-01-26,Kisumu,Hospitality,Micro_Enterprise,M,52,Tier2,405,0,SME_Loan,740249.39,,,0.1883,12,,,620.4,2,0,2,1,43176.41,134257.1,196741.68,24,3,2,0,0,5
C02377,2026-01-26,Nyeri,Salaried,Permanent,M,59,Tier2,373,1,SME_Loan,796544.79,,,0.1001,36,671990.32,1.1854,546.4,4,1,16,2,500.32,42623.13,76771.56,25,4,1,1,1,219
C02385,2026-01-26,Nairobi,Transport,Self_Employed,M,29,Tier3,460,0,Personal_Loan,205894.67,,,0.2757,12,594368.41,0.3464,452.9,2,2,40,6,6765.68,48512.17,55616.85,27,4,0,1,1,172
C02386,2026-01-26,Nairobi,Hospitality,Micro_Enterprise,F,60,Tier1,446,1,Personal_Loan,433171.08,,,0.2337,12,578434.59,0.7489,577.3,1,3,4,2,16788.11,59743.43,74999.62,14,2,1,0,0,31
C02387,2026-01-26,Nakuru,Construction,Micro_Enterprise,M,63,Tier2,396,1,Personal_Loan,456112.61,,,0.1232,36,,,675.1,1,2,29,4,8506.56,57279.09,29861.4,15,3,1,0,0,11
C02389,2026-01-26,Nakuru,SME_Trade,Self_Employed,M,64,Tier2,484,0,Personal_Loan,113925.07,,,0.2612,24,217820.5,0.523,603.5,3,2,2,1,1420.34,37483.97,47487.56,12,4,3,0,0,9
C02391,2026-01-26,Nairobi,Salaried,Permanent,F,41,Tier2,391,1,Personal_Loan,373686.64,,,0.2834,12,63089.35,5.0,613.4,1,4,0,2,9655.71,45492.66,41877.62,20,6,0,0,0,13
C02392,2026-01-26,Kakamega,Salaried,Permanent,M,29,Tier2,442,1,Personal_Loan,339606.44,,,0.1788,36,410890.31,0.8265,534.8,1,4,2,2,7401.83,54870.67,22013.99,27,9,1,0,0,25
C02394,2026-01-26,Kiambu,Salaried,Permanent,F,30,Tier1,353,1,SME_Loan,887516.24,,,0.2514,12,347352.28,2.5551,699.3,2,0,0,0,40232.16,205342.65,260712.31,26,3,0,1,0,32
C02401,2026-01-26,Machakos,Salaried,Permanent,F,21,Tier2,424,1,Personal_Loan,438469.21,,,0.2015,36,765730.58,0.5726,551.1,4,2,25,1,49728.74,157957.52,160479.56,26,8,0,0,0,22
C02408,2026-01-26,Machakos,Construction,Self_Employed,F,52,Tier2,376,1,SME_Loan,402736.91,,,0.1992,36,0.0,5.0,636.8,3,0,0,1,0.0,99111.27,70776.33,11,2,2,0,0,7
C02411,2026-01-26,Kisumu,Salaried,Permanent,M,44,Tier2,315,1,SME_Loan,406012.21,,,0.2064,12,598810.28,0.678,697.7,4,1,1,5,5523.58,74403.89,52688.74,22,11,1,0,0,18
C02413,2026-01-26,Kiambu,Salaried,Permanent,M,62,Tier3,493,1,Overdraft,96558.35,67907.89,1.0012,0.2891,0,110637.29,0.8727,571.1,1,2,6,6,1637.66,27311.38,28892.41,28,5,0,1,0,153
C02414,2026-01-26,Kakamega,Hospitality,Self_Employed,F,48,Tier2,470,0,SME_Loan,1154301.72,,,0.158,36,,,486.5,1,2,61,3,8203.62,32238.01,24848.04,14,3,1,0,0,24
C02415,2026-01-26,Nairobi,Transport,Self_Employed,M,37,Tier2,422,0,SME_Loan,0.0,,,0.237,36,160603.42,0.05,530.2,3,1,12,0,0.0,0.0,0.0,16,1,0,0,0,32
C02418,2026-01-26,Mombasa,Construction,Micro_Enterprise,F,32,Tier2,425,1,Personal_Loan,312193.11,,,0.1685,36,,,791.7,1,0,0,0,4194.76,118724.75,135408.76,15,3,1,0,0,23
C02420,2026-01-26,Nakuru,Transport,Self_Employed,F,39,Tier2,464,0,Personal_Loan,468890.58,,,0.2685,24,256943.35,1.8249,479.2,1,0,0,2,6504.18,32993.32,32181.18,28,3,3,0,0,21
C02426,2026-01-26,Nakuru,SME_Trade,Self_Employed,M,46,Tier1,447,0,Personal_Loan,269104.32,,,0.1894,18,363445.06,0.7404,563.1,1,0,0,0,2772.03,26206.05,21098.06,16,7,0,0,0,17
C02427,2026-01-26,Nairobi,SME_Trade,Self_Employed,M,28,Tier1,464,1,Overdraft,262895.93,348959.56,0.7447,0.1867,0,71242.61,3.6902,671.8,1,1,7,2,36724.0,168668.73,129076.2,23,4,0,0,0,11
C02431,2026-01-26,Nyeri,Salaried,Contract,M,26,Tier2,478,1,Personal_Loan,387527.96,,,0.247,24,323622.99,1.1975,675.4,1,2,0,1,18765.54,104444.28,111339.75,25,10,1,0,0,24
C02432,2026-01-26,Kiambu,Salaried,Permanent,F,44,Tier2,476,1,Credit_Card,9853.9,64539.87,0.8127,0.2355,0,,,606.3,1,0,0,1,19457.32,154696.41,82780.35,26,8,0,0,0,5
C02434,2026-01-26,Meru,Construction,Micro_Enterprise,M,35,Tier3,328,1,Credit_Card,18088.13,98917.21,0.5804,0.2613,0,,,667.5,1,1,20,1,15400.96,135515.51,114722.62,21,6,2,1,0,126
C02435,2026-01-26,Nairobi,Salaried,Permanent,M,41,Tier2,365,1,Personal_Loan,178191.69,,,0.2016,24,883589.27,0.2017,598.4,1,0,0,0,9248.74,44382.22,43606.82,29,10,0,0,0,18
C02436,2026-01-26,Meru,SME_Trade,Micro_Enterprise,M,46,Tier1,360,0,Personal_Loan,198426.54,,,0.1989,18,0.0,5.0,488.8,1,1,82,6,27138.61,116193.47,131671.6,28,3,0,0,0,198
C02442,2026-01-26,Kisumu,Salaried,Permanent,M,21,Tier1,480,1,SME_Loan,615256.78,,,0.066,12,105133.95,5.0,572.0,1,1,15,5,6726.22,33615.75,38942.24,18,5,1,0,0,34
C02443,2026-01-26,Kisumu,SME_Services,Micro_Enterprise,M,21,Tier1,398,0,SME_Loan,297646.34,,,0.2756,36,603101.29,0.4935,535.9,1,2,33,5,0.0,89938.7,87714.3,15,6,1,0,1,233
C02444,2026-01-26,Nairobi,SME_Services,Self_Employed,M,30,Tier2,507,0,Personal_Loan,436317.52,,,0.2489,18,671133.56,0.6501,598.8,1,1,19,4,1952.65,10667.14,7499.67,9,8,1,0,0,18
C02448,2026-01-26,Meru,Salaried,Contract,M,50,Tier1,500,1,Personal_Loan,368553.13,,,0.2388,18,,,593.8,4,1,24,5,11133.42,47335.04,37587.11,27,5,0,0,0,26
C02449,2026-01-26,Nairobi,Salaried,Permanent,F,56,Tier3,463,1,Personal_Loan,486723.31,,,0.2199,36,83173.96,5.0,743.7,1,1,2,2,32588.08,123069.22,143028.54,36,7,1,0,0,21
C02452,2026-01-26,Nakuru,Salaried,Permanent,M,61,Tier2,391,1,Personal_Loan,243907.99,,,0.2441,18,604227.65,0.4037,462.1,1,1,5,4,7525.61,62279.13,74349.36,29,9,0,0,0,28
C02454,2026-01-26,Kiambu,Salaried,Permanent,M,42,Tier1,475,1,Personal_Loan,45094.7,,,0.269,24,1131505.96,0.05,649.7,1,0,0,1,3271.86,36239.27,36026.82,17,8,2,0,0,11
C02456,2026-01-26,Nakuru,Salaried,Permanent,M,42,Tier2,470,1,Personal_Loan,416547.18,,,0.2307,12,510480.28,0.816,548.7,1,1,11,6,3270.55,62620.23,76568.18,25,6,0,0,1,26
C02458,2026-01-26,Kisumu,SME_Services,Self_Employed,F,63,Tier3,421,0,Overdraft,186748.35,569885.56,0.3358,0.2551,0,25727.03,5.0,642.9,3,3,3,2,37068.52,224878.51,116673.31,25,3,1,0,0,30
C02459,2026-01-26,Mombasa,Transport,Self_Employed,F,42,Tier1,413,0,Credit_Card,71492.21,175422.92,0.4721,0.1921,0,,,710.9,3,2,2,1,339.65,3461.08,3632.04,16,5,3,0,0,15
C02461,2026-01-26,Kisumu,SME_Services,Self_Employed,M,36,Tier1,401,0,Personal_Loan,94578.25,,,0.2485,18,330023.18,0.2866,592.3,1,1,22,6,2024.88,21154.71,17716.1,23,5,2,0,0,6
C02464,2026-01-26,Nairobi,Salaried,Permanent,F,47,Tier1,342,1,SME_Loan,550683.66,,,0.1494,36,,,596.1,4,1,7,4,8047.82,53150.89,51977.58,23,5,0,0,0,34
C02468,2026-01-26,Meru,Salaried,Permanent,F,51,Tier1,438,1,Personal_Loan,360808.89,,,0.1617,12,18512.62,5.0,586.2,1,2,1,4,41792.91,258692.31,243015.12,19,6,2,1,0,10
C02469,2026-01-26,Machakos,SME_Trade,Self_Employed,M,22,Tier2,363,1,Credit_Card,0.0,347959.86,0.0,0.3282,0,,,538.2,1,0,0,6,25585.45,123053.47,105818.84,13,4,1,0,0,132
C02476,2026-01-26,Mombasa,Salaried,Permanent,M,40,Tier2,358,1,SME_Loan,408368.29,,,0.2471,48,585157.24,0.6979,613.7,1,3,8,6,22780.45,112305.43,83036.17,23,5,2,0,0,18
C02481,2026-01-26,Kiambu,Salaried,Permanent,M,50,Tier1,441,1,Personal_Loan,263014.26,,,0.245,36,,,526.2,1,0,42,2,0.0,0.0,0.0,29,9,0,0,0,12
C02482,2026-01-26,Kisumu,Other,Self_Employed,F,59,Tier2,414,0,Personal_Loan,208542.32,,,0.2244,24,,,439.2,1,1,10,6,13527.35,135723.93,113636.96,13,2,0,0,0,25
C02484,2026-01-26,Nairobi,Transport,Micro_Enterprise,M,35,Tier2,462,1,Personal_Loan,129167.52,,,0.2136,12,74841.47,1.7259,734.7,2,1,4,6,21954.69,146806.13,99780.58,29,5,0,0,0,23
C02487,2026-01-26,Kiambu,SME_Trade,Micro_Enterprise,F,31,Tier2,335,0,Personal_Loan,120737.1,,,0.1958,12,412111.83,0.293,572.0,1,0,15,4,5280.01,33428.39,33171.8,17,1,1,0,1,17
C02488,2026-01-26,Kisumu,Agribusiness,Self_Employed,M,23,Tier2,444,0,Personal_Loan,393122.62,,,0.2321,12,870195.92,0.4518,562.5,2,2,27,0,468.31,22557.78,30146.99,22,5,1,0,0,11
C02489,2026-01-26,Nairobi,Agribusiness,Self_Employed,M,44,Tier2,431,0,Personal_Loan,341798.5,,,0.2494,18,,,600.5,1,0,1,2,14460.22,54938.17,57541.58,29,4,2,1,0,29
C02491,2026-01-26,Nakuru,Transport,Micro_Enterprise,M,36,Tier2,380,0,Personal_Loan,70338.54,,,0.1386,12,381658.19,0.1843,569.0,1,0,9,3,12854.61,123598.4,79831.83,19,3,0,0,0,237
C02492,2026-01-26,Kisumu,Salaried,Permanent,M,32,Tier1,461,1,SME_Loan,415245.47,,,0.2263,12,,,400.6,3,2,44,6,21997.44,154798.42,76807.32,28,8,1,0,0,15
C02493,2026-01-26,Machakos,SME_Trade,Micro_Enterprise,M,62,Tier2,461,0,Personal_Loan,221159.77,,,0.2084,24,316221.09,0.6994,576.0,1,0,7,5,2237.06,22276.88,16282.68,24,2,0,0,0,16
C02496,2026-01-26,Uasin Gishu,SME_Trade,Micro_Enterprise,F,30,Tier2,450,0,SME_Loan,577889.4,,,0.2624,36,4416.47,5.0,647.9,3,1,0,1,39738.06,273235.61,271610.92,18,2,2,0,0,13
C02497,2026-01-26,Nakuru,Salaried,Permanent,M,57,Tier2,479,1,Personal_Loan,143946.11,,,0.147,36,24428.64,5.0,633.4,1,1,20,6,5327.92,46008.67,28637.76,27,4,0,0,0,19
C02498,2026-01-26,Kiambu,SME_Trade,Self_Employed,F,60,Tier2,419,0,Overdraft,39594.03,93085.21,0.2946,0.213,0,191752.58,0.2065,596.7,1,0,5,6,4928.07,46312.05,58319.93,20,2,1,1,0,228
C02499,2026-01-26,Nairobi,Salaried,Contract,F,22,Tier3,455,1,SME_Loan,307259.07,,,0.2031,12,,,531.4,2,0,35,6,26074.54,201840.54,143264.81,27,7,1,0,0,15
C02501,2026-01-26,Meru,SME_Trade,Self_Employed,F,52,Tier2,482,0,SME_Loan,171336.45,,,0.1924,36,477158.67,0.3591,458.3,2,1,24,2,4839.36,19153.32,11832.52,14,1,2,0,0,5
C02502,2026-01-26,Nairobi,Transport,Self_Employed,F,25,Tier1,267,0,Personal_Loan,314963.9,,,0.2149,12,606807.31,0.5191,690.0,1,0,5,2,4875.03,45299.42,29524.39,16,7,0,0,0,5
C02504,2026-01-26,Meru,Salaried,Contract,M,25,Tier1,402,1,Personal_Loan,269101.83,,,0.2703,36,355307.27,0.7574,634.1,1,0,0,0,5370.82,28426.55,19873.05,29,7,1,0,0,14
C02506,2026-01-26,Kakamega,Salaried,Contract,F,26,Tier2,407,1,SME_Loan,1289465.85,,,0.2214,36,978880.61,1.3173,679.2,3,3,4,5,1072.89,42629.79,41919.7,31,7,0,0,0,14
C02508,2026-01-26,Nairobi,Salaried,Contract,M,48,Tier2,358,1,Overdraft,116061.74,294980.74,0.3895,0.1999,0,120027.68,0.967,683.2,4,0,0,1,13504.73,51741.61,26704.83,32,3,1,0,0,23
C02510,2026-01-26,Nakuru,Salaried,Permanent,F,26,Tier2,484,1,SME_Loan,386902.95,,,0.1379,36,277283.61,1.3953,670.8,2,2,0,0,1503.44,56636.41,31031.52,28,4,0,0,0,24
C02512,2026-01-26,Nyeri,Construction,Self_Employed,M,59,Tier2,331,0,Personal_Loan,412926.56,,,0.2034,36,3800.79,5.0,525.4,3,2,17,3,0.0,0.0,0.0,23,6,2,0,0,17
C02517,2026-01-26,Kiambu,SME_Services,Self_Employed,F,52,Tier2,407,0,SME_Loan,849940.63,,,0.2519,36,509304.18,1.6688,632.1,1,1,1,1,1579.08,20955.58,22629.98,23,2,1,1,1,165
C02520,2026-01-26,Kiambu,Salaried,Permanent,M,65,Tier2,312,1,Personal_Loan,261122.05,,,0.2829,24,417991.79,0.6247,654.6,3,2,23,6,0.0,87763.26,108507.34,22,7,0,0,0,30
C02524,2026-01-26,Nyeri,Salaried,Permanent,M,39,Tier2,365,1,Credit_Card,67977.67,163665.78,0.434,0.2303,0,,,643.5,1,1,15,3,22563.46,101731.29,70020.93,28,5,1,0,0,13
C02525,2026-01-26,Kiambu,Salaried,Contract,F,23,Tier1,433,1,Personal_Loan,158414.6,,,0.1793,12,29068.69,5.0,557.3,3,1,18,3,18062.36,127522.14,108895.84,28,6,1,0,0,24
C02527,2026-01-26,Nairobi,Salaried,Permanent,F,42,Tier2,497,1,Overdraft,29203.5,401777.72,0.0812,0.1412,0,109360.06,0.267,648.3,1,1,7,1,22123.34,76319.35,98255.84,24,6,0,0,0,34
C02530,2026-01-26,Kiambu,Salaried,Permanent,M,46,Tier2,495,1,SME_Loan,594468.7,,,0.2451,12,513427.91,1.1578,628.8,1,1,18,3,18710.42,156247.72,141177.9,36,9,1,0,0,29
C02531,2026-01-26,Machakos,Salaried,Permanent,F,62,Tier1,417,1,Personal_Loan,344995.18,,,0.2153,18,621959.98,0.5547,659.0,2,0,0,0,10262.16,137570.08,158689.95,24,10,1,0,0,23
C02533,2026-01-26,Nakuru,SME_Trade,Self_Employed,M,62,Tier3,387,1,Overdraft,153888.2,402134.19,0.4061,0.2745,0,259592.03,0.5928,630.2,1,1,21,2,3639.08,22986.55,26263.21,30,1,1,0,0,33
C02534,2026-01-26,Nairobi,Salaried,Contract,F,28,Tier2,411,1,Personal_Loan,404527.96,,,0.1728,36,451233.39,0.8965,573.5,1,0,37,6,4419.18,73274.91,80926.97,26,4,1,1,1,168
C02541,2026-01-26,Kiambu,Transport,Micro_Enterprise,F,34,Tier2,358,0,SME_Loan,642072.46,,,0.1493,36,,,426.7,1,1,24,2,7168.79,53958.1,79995.43,17,3,1,0,0,32
C02542,2026-01-26,Nakuru,Salaried,Permanent,F,64,Tier2,502,1,SME_Loan,522774.86,,,0.2329,36,0.0,5.0,668.3,4,1,11,5,10354.79,102002.27,89130.18,21,6,0,0,0,17
C02543,2026-01-26,Nairobi,Salaried,Contract,F,64,Tier3,494,1,Overdraft,259178.06,220356.03,1.1215,0.2171,0,103056.35,2.5149,584.1,2,0,18,4,27023.37,211686.82,252674.9,35,9,0,0,0,16
C02544,2026-01-26,Kisumu,SME_Services,Micro_Enterprise,M,38,Tier2,172,0,Personal_Loan,156675.35,,,0.1782,24,,,663.8,3,5,4,1,3057.62,83732.91,105113.21,19,4,1,0,0,33
C02546,2026-01-26,Kiambu,Construction,Micro_Enterprise,F,38,Tier3,417,0,Overdraft,16856.51,502042.23,0.0406,0.2171,0,85822.16,0.1964,536.3,1,1,0,1,43230.24,187361.24,148843.93,17,6,3,0,0,7
C02549,2026-01-26,Mombasa,Agribusiness,Micro_Enterprise,M,42,Tier3,459,0,Personal_Loan,255299.76,,,0.2178,12,408083.89,0.6256,685.5,1,0,0,0,12134.07,28293.63,28518.26,34,1,1,0,0,32
C02551,2026-01-26,Nairobi,SME_Trade,Self_Employed,M,50,Tier2,503,1,Credit_Card,156234.98,193947.46,0.7644,0.295,0,,,772.5,1,1,0,0,18847.84,53739.13,39582.02,13,4,0,0,0,17
C02552,2026-01-26,Machakos,Other,Micro_Enterprise,M,35,Tier1,306,1,SME_Loan,1248838.77,,,0.1566,24,218965.48,5.0,532.0,3,0,6,2,13317.16,57421.64,41766.51,24,5,0,0,0,12
C02554,2026-01-26,Nakuru,Transport,Self_Employed,F,29,Tier2,492,1,Credit_Card,66523.37,170105.12,0.5167,0.278,0,,,684.8,1,0,33,6,0.0,10741.57,14208.33,21,1,1,1,0,10
C02556,2026-01-26,Kiambu,SME_Services,Micro_Enterprise,F,25,Tier2,394,0,SME_Loan,199045.26,,,0.1811,36,,,514.8,2,0,54,5,2876.69,13421.66,18368.96,18,2,1,0,0,201
C02564,2026-01-26,Nairobi,Salaried,Permanent,M,39,Tier1,398,1,SME_Loan,915344.41,,,0.2,12,883686.67,1.0358,674.7,2,0,0,0,9774.93,42455.32,43901.19,26,7,1,0,0,16
C02565,2026-01-26,Nakuru,Salaried,Permanent,F,40,Tier1,238,1,Overdraft,418294.13,75037.68,1.8,0.1753,0,88769.7,4.7121,527.1,1,1,13,5,7920.8,44926.02,39342.25,25,2,1,0,0,20
C02567,2026-01-26,Nakuru,Salaried,Permanent,M,57,Tier1,382,1,Credit_Card,60239.03,193795.09,0.394,0.342,0,,,612.0,1,0,13,3,28910.39,134869.3,142561.82,31,8,2,0,0,31
C02568,2026-01-26,Kiambu,Salaried,Contract,M,49,Tier3,431,1,Personal_Loan,397347.0,,,0.2554,24,95632.14,4.155,513.3,1,3,36,4,3269.45,20670.08,15615.71,33,7,0,0,0,27
C02571,2026-01-26,Kiambu,Salaried,Permanent,M,57,Tier3,485,1,Personal_Loan,343777.98,,,0.2396,36,,,499.2,3,0,0,0,973.95,10409.73,8429.11,28,4,1,0,0,14
C02573,2026-01-26,Mombasa,SME_Trade,Self_Employed,M,53,Tier3,286,0,Overdraft,146642.91,335125.64,0.5145,0.2709,0,9742.42,5.0,585.4,1,1,0,2,12518.54,56088.85,60370.86,26,4,0,0,0,6
C02576,2026-01-26,Nairobi,Salaried,Permanent,M,35,Tier2,358,1,Personal_Loan,263894.26,,,0.1985,24,147140.9,1.7935,563.2,2,2,41,3,6011.76,147902.58,205359.99,36,6,0,1,1,135
C02578,2026-01-26,Nairobi,Salaried,Permanent,M,41,Tier2,454,1,Personal_Loan,282647.72,,,0.2247,18,736481.04,0.3838,551.9,3,0,5,4,0.0,0.0,0.0,25,3,1,1,0,29
C02579,2026-01-26,Machakos,Transport,Self_Employed,M,64,Tier2,398,0,SME_Loan,443133.88,,,0.1527,36,765057.36,0.5792,725.1,4,1,18,4,23229.17,96105.04,82244.05,15,1,0,0,0,11
C02581,2026-01-26,Nyeri,SME_Services,Self_Employed,F,38,Tier1,439,1,Personal_Loan,333274.75,,,0.2831,18,170765.59,1.9517,547.5,1,1,22,6,13766.54,104967.47,73568.54,19,3,0,0,0,30
C02586,2026-01-26,Mombasa,Salaried,Permanent,F,45,Tier2,497,1,Personal_Loan,170030.55,,,0.2218,24,720423.03,0.236,655.4,1,0,14,6,1915.78,24984.29,23248.71,24,8,0,0,0,164
C02588,2026-01-26,Kiambu,SME_Trade,Self_Employed,F,35,Tier2,426,0,Overdraft,103217.23,260197.52,0.536,0.2456,0,151599.76,0.6809,673.6,2,2,1,4,0.0,42250.56,42796.62,29,4,2,0,0,19
C02590,2026-01-26,Mombasa,Salaried,Permanent,M,36,Tier2,406,1,Credit_Card,89225.4,228658.13,0.2283,0.17,0,,,604.6,2,3,0,3,3823.04,25428.85,27275.5,23,4,1,0,0,15
C02592,2026-01-26,Nairobi,Salaried,Permanent,F,38,Tier2,331,1,Credit_Card,45881.71,365136.07,0.1193,0.2467,0,,,755.9,2,1,0,0,35696.24,153655.89,107684.88,20,7,0,0,0,23
C02598,2026-01-26,Nairobi,Salaried,Permanent,M,53,Tier2,415,1,Overdraft,105556.98,143842.75,0.917,0.3027,0,257349.04,0.4102,666.7,1,0,0,3,9566.09,88296.67,76819.24,22,8,1,0,0,14
C02601,2026-01-26,Nakuru,Salaried,Permanent,F,59,Tier2,509,1,Overdraft,0.0,253899.91,0.0,0.2028,0,125890.76,0.05,577.4,2,0,18,1,16859.67,139184.82,136253.15,31,5,0,0,0,23
C02603,2026-01-26,Uasin Gishu,Salaried,Permanent,M,56,Tier2,343,1,SME_Loan,456895.4,,,0.1586,24,660249.54,0.692,517.4,2,0,0,1,2526.01,19160.35,16721.45,24,5,0,0,0,26
C02605,2026-01-26,Nairobi,SME_Trade,Micro_Enterprise,M,55,Tier2,430,0,SME_Loan,827493.57,,,0.2298,24,1155208.04,0.7163,680.2,1,1,27,5,7552.42,61111.49,69786.5,18,5,0,1,1,122
C02606,2026-01-26,Machakos,Salaried,Permanent,M,54,Tier1,423,1,Personal_Loan,413944.94,,,0.2074,12,365616.79,1.1322,689.6,1,0,0,0,11736.39,66956.95,59078.91,29,4,1,0,0,31
C02607,2026-01-26,Nairobi,SME_Trade,Micro_Enterprise,M,44,Tier1,299,1,Personal_Loan,253918.35,,,0.181,12,0.0,5.0,609.7,1,2,0,1,14861.3,62085.41,60599.67,15,0,1,0,0,28
C02609,2026-01-26,Meru,Salaried,Permanent,M,44,Tier1,504,1,Personal_Loan,648469.19,,,0.1874,18,266153.88,2.4364,678.9,2,0,0,1,0.0,74042.03,56872.95,24,9,0,0,1,32
C02610,2026-01-26,Machakos,Salaried,Permanent,M,58,Tier1,383,1,SME_Loan,442842.82,,,0.1762,48,,,687.2,3,2,0,0,16658.18,161048.13,120570.57,22,5,1,0,0,30
C02613,2026-01-26,Nairobi,Construction,Self_Employed,M,29,Tier1,290,1,SME_Loan,535975.29,,,0.1161,24,364300.04,1.4712,663.2,2,1,16,1,16532.23,90347.2,71218.3,20,6,1,1,0,177
C02616,2026-01-26,Kisumu,Hospitality,Self_Employed,F,51,Tier2,480,0,Overdraft,165326.54,382453.59,0.394,0.2273,0,134622.88,1.2281,634.5,1,0,0,0,4107.02,45969.75,31459.77,23,10,1,0,0,14
C02619,2026-01-26,Uasin Gishu,SME_Services,Self_Employed,F,50,Tier1,470,0,SME_Loan,608127.18,,,0.2892,48,686501.79,0.8858,569.3,1,0,13,1,11884.45,72532.24,74693.65,14,5,1,0,0,11
C02620,2026-01-26,Kiambu,Transport,Self_Employed,F,63,Tier2,432,1,Personal_Loan,300267.98,,,0.2413,24,494985.04,0.6066,473.6,1,0,41,6,2900.46,11056.12,4737.99,24,3,2,0,0,9
C02621,2026-01-26,Nairobi,Salaried,Permanent,F,59,Tier2,365,1,Personal_Loan,549776.18,,,0.1914,12,170051.49,3.233,605.0,1,1,0,0,1081.85,16089.46,11285.39,26,7,0,0,0,23
C02624,2026-01-26,Nairobi,Other,Self_Employed,F,62,Tier2,430,1,Personal_Loan,341585.46,,,0.231,12,407179.63,0.8389,625.2,1,0,30,2,1173.7,59751.8,24875.86,17,3,1,0,0,10
C02626,2026-01-26,Nairobi,Salaried,Permanent,F,47,Tier2,277,1,Personal_Loan,92176.22,,,0.2161,18,1120423.58,0.0823,626.1,1,2,0,2,15184.7,48808.68,28997.28,19,10,1,0,0,10
C02628,2026-01-26,Machakos,Salaried,Permanent,F,21,Tier2,509,1,Personal_Loan,114983.91,,,0.2497,36,491658.21,0.2339,678.8,2,2,2,3,7603.17,108045.78,113701.06,23,9,0,0,0,7
C02629,2026-01-26,Nyeri,SME_Services,Self_Employed,M,48,Tier3,455,0,Personal_Loan,763611.06,,,0.2434,18,357687.57,2.1349,723.7,1,0,0,0,11243.75,66384.23,48028.11,21,3,0,0,0,10
C02631,2026-01-26,Nairobi,SME_Services,Self_Employed,M,63,Tier1,485,0,SME_Loan,626095.75,,,0.1232,36,662769.13,0.9447,544.6,2,1,32,3,5823.15,20534.51,12772.23,23,7,2,1,0,24
C02639,2026-01-26,Kiambu,Salaried,Contract,M,27,Tier3,431,1,SME_Loan,648808.25,,,0.1213,48,640597.13,1.0128,689.8,2,0,14,4,30356.34,161279.07,172610.7,21,7,0,0,0,20
C02641,2026-01-26,Nakuru,Salaried,Contract,F,31,Tier1,421,1,Credit_Card,144469.81,203382.69,0.6446,0.2974,0,,,624.7,3,0,10,4,6740.93,95447.89,152111.44,18,6,0,0,0,19
C02642,2026-01-26,Kakamega,SME_Trade,Self_Employed,M,43,Tier1,421,0,Personal_Loan,400773.75,,,0.2337,36,48992.16,5.0,541.0,1,3,27,6,13753.68,153921.2,94354.72,14,6,1,0,0,6
C02644,2026-01-26,Nairobi,SME_Trade,Micro_Enterprise,M,41,Tier3,223,0,Credit_Card,43001.01,123852.98,0.6559,0.2873,0,,,741.6,1,2,0,0,0.0,57945.57,51871.55,23,2,0,0,0,8
C02647,2026-01-26,Uasin Gishu,Transport,Self_Employed,F,46,Tier2,454,1,Personal_Loan,89653.3,,,0.2389,36,,,637.5,1,0,0,0,2722.08,12016.1,14316.86,12,4,2,0,0,10
C02648,2026-01-26,Nairobi,Agribusiness,Self_Employed,M,56,Tier2,456,0,SME_Loan,300814.76,,,0.183,36,215062.82,1.3987,638.9,3,0,1,6,18445.73,87396.16,78832.2,19,6,1,0,0,214
C02649,2026-01-26,Nyeri,Salaried,Permanent,F,63,Tier3,487,1,SME_Loan,328303.59,,,0.1413,48,498092.39,0.6591,632.2,2,1,0,2,6162.06,30396.79,23743.86,44,7,0,0,0,24
C02650,2026-01-26,Mombasa,Other,Micro_Enterprise,M,35,Tier2,405,0,Personal_Loan,289539.72,,,0.218,12,324975.63,0.891,619.7,2,0,0,0,11266.57,54510.19,70112.5,19,7,0,0,0,11
C02652,2026-01-26,Uasin Gishu,SME_Services,Self_Employed,M,60,Tier2,337,0,Credit_Card,70942.7,104741.62,0.6894,0.2772,0,,,595.8,2,0,0,0,10521.78,61176.77,31113.05,22,6,2,0,0,24
C02654,2026-01-26,Kiambu,Salaried,Permanent,F,37,Tier1,399,1,Personal_Loan,306158.82,,,0.216,24,496962.5,0.6161,553.1,2,1,7,4,12980.68,63615.14,61395.4,30,3,0,0,0,31
C02655,2026-01-26,Nyeri,SME_Services,Self_Employed,M,59,Tier1,418,1,SME_Loan,679429.42,,,0.2877,24,339590.27,2.0007,687.9,2,1,7,0,11918.75,91813.26,111121.71,19,3,2,1,0,11
C02656,2026-01-26,Nairobi,SME_Trade,Micro_Enterprise,M,46,Tier2,413,0,SME_Loan,118833.73,,,0.1667,24,417168.35,0.2849,709.6,5,4,9,6,4983.88,27301.41,20917.81,14,4,2,0,0,21
C02658,2026-01-26,Meru,Salaried,Permanent,F,33,Tier2,404,1,Overdraft,190127.69,248962.09,0.7477,0.2905,0,145429.87,1.3073,505.0,1,1,28,1,7868.81,70499.18,65763.6,25,4,0,1,0,31
C02659,2026-01-26,Nakuru,SME_Trade,Self_Employed,M,51,Tier1,483,0,Personal_Loan,273120.54,,,0.2451,24,284910.66,0.9586,455.5,1,0,66,3,14084.54,86212.87,76323.62,15,2,0,1,1,122
C02661,2026-01-26,Nyeri,Salaried,Permanent,F,40,Tier3,382,1,Overdraft,39751.68,306660.23,0.1099,0.2976,0,241699.39,0.1645,418.2,3,1,25,5,6449.26,35102.01,31524.63,30,5,0,1,0,29
C02665,2026-01-26,Kakamega,Hospitality,Self_Employed,F,30,Tier1,376,0,Personal_Loan,62362.2,,,0.2165,24,162545.5,0.3837,667.1,1,0,10,4,3725.05,22532.35,13468.05,13,3,0,0,0,27
C02668,2026-01-26,Nairobi,SME_Trade,Self_Employed,F,64,Tier2,346,0,Personal_Loan,155737.0,,,0.198,12,228742.43,0.6808,594.1,1,0,0,0,17345.53,72027.17,72696.63,18,5,0,0,0,6
C02669,2026-01-26,Kakamega,Transport,Micro_Enterprise,F,24,Tier2,454,1,Credit_Card,107428.06,30000.0,1.8,0.2373,0,,,679.7,1,1,0,0,23698.04,96816.15,84463.22,15,1,0,0,0,26
C02670,2026-01-26,Kisumu,Hospitality,Self_Employed,M,64,Tier1,475,0,Personal_Loan,203192.67,,,0.155,18,,,649.5,1,1,14,6,7887.62,46078.0,40985.9,21,6,1,0,0,6
C02675,2026-01-26,Meru,Salaried,Permanent,M,62,Tier2,496,1,Personal_Loan,738236.5,,,0.2044,24,210739.8,3.5031,595.2,1,2,9,4,8096.18,61419.82,36580.0,25,9,4,1,0,9
C02676,2026-01-26,Nairobi,Agribusiness,Micro_Enterprise,F,47,Tier1,343,0,Overdraft,179692.58,368426.44,0.3563,0.2108,0,34077.33,5.0,711.8,1,0,0,0,629.11,2976.31,1915.8,23,4,2,0,0,30
C02678,2026-01-26,Kisumu,Salaried,Contract,F,60,Tier3,399,1,Personal_Loan,271779.6,,,0.2605,12,189854.57,1.4315,579.1,1,3,2,2,4576.0,31163.01,34739.9,21,7,2,0,0,30
C02681,2026-01-26,Nairobi,Salaried,Permanent,F,26,Tier2,406,1,Personal_Loan,430662.44,,,0.2259,36,448293.64,0.9607,565.5,1,0,0,0,18720.25,111248.54,98726.84,29,9,1,0,0,23
C02682,2026-01-26,Nakuru,Salaried,Permanent,M,25,Tier2,384,1,SME_Loan,359560.82,,,0.1787,24,1029630.67,0.3492,559.9,3,0,22,1,6493.55,49392.83,44647.96,25,9,0,0,0,23
C02684,2026-01-26,Nairobi,Transport,Self_Employed,F,57,Tier2,436,0,SME_Loan,664876.15,,,0.2458,36,0.0,5.0,530.9,1,0,15,6,1619.63,7605.76,4840.57,18,5,0,1,0,205
C02685,2026-01-26,Uasin Gishu,SME_Trade,Micro_Enterprise,M,43,Tier3,401,0,Personal_Loan,506850.09,,,0.1486,36,404810.6,1.2521,637.7,1,1,0,2,0.0,43533.3,39916.4,20,1,1,0,0,17
C02689,2026-01-26,Nairobi,Agribusiness,Micro_Enterprise,F,49,Tier1,486,0,Personal_Loan,362920.02,,,0.1902,18,54871.79,5.0,592.7,1,0,26,4,17113.06,61593.54,40604.07,16,3,0,0,0,31
C02690,2026-01-26,Uasin Gishu,Transport,Self_Employed,F,65,Tier1,444,0,Personal_Loan,326246.75,,,0.2216,24,0.0,5.0,543.6,1,0,7,6,0.0,15137.63,11209.06,16,2,0,0,0,32
C02691,2026-01-26,Nairobi,Salaried,Permanent,F,53,Tier3,483,1,Personal_Loan,0.0,,,0.2377,24,314407.24,0.05,641.3,2,1,5,6,15466.6,82634.59,62601.85,26,4,0,0,0,33
C02692,2026-01-26,Mombasa,Salaried,Contract,F,48,Tier1,431,1,Personal_Loan,571985.78,,,0.2052,24,1069930.79,0.5346,603.9,1,1,0,0,16228.97,122496.48,134682.98,33,5,1,0,0,7
C02693,2026-01-26,Kiambu,Salaried,Permanent,M,61,Tier1,361,1,Overdraft,0.0,277980.0,0.0758,0.2792,0,89342.08,0.05,568.0,1,0,0,1,43385.84,193523.42,151866.81,27,6,1,1,0,16
C02695,2026-01-26,Uasin Gishu,Salaried,Permanent,F,63,Tier3,342,1,SME_Loan,603328.42,,,0.1465,12,455216.01,1.3254,628.2,1,1,1,1,2321.31,38284.51,44497.68,37,5,0,0,0,29
C02697,2026-01-26,Kakamega,Transport,Self_Employed,F,26,Tier2,460,0,Overdraft,0.0,307305.61,0.0137,0.2186,0,99571.51,0.05,564.0,1,2,9,3,10968.28,85925.49,80929.62,15,6,1,0,1,132
C02703,2026-01-26,Kakamega,Salaried,Permanent,M,30,Tier2,354,1,Credit_Card,18551.92,71986.74,0.2472,0.1888,0,,,606.2,2,0,1,1,4735.32,19852.03,23497.78,23,7,0,0,0,9
C02704,2026-01-26,Nairobi,Salaried,Permanent,M,58,Tier3,473,1,Overdraft,0.0,104823.16,0.1781,0.3038,0,34003.5,0.05,404.4,1,2,53,3,4769.2,176726.42,141591.5,20,3,3,0,0,128
C02705,2026-01-26,Meru,Agribusiness,Micro_Enterprise,M,24,Tier3,320,0,Personal_Loan,251931.12,,,0.2597,12,186455.78,1.3512,688.8,1,0,1,1,3047.56,46029.46,37828.16,20,5,1,0,0,12
C02706,2026-01-26,Kiambu,Salaried,Permanent,F,33,Tier3,394,1,Personal_Loan,59308.23,,,0.2649,24,420588.2,0.141,539.3,2,1,0,4,10124.38,39810.89,27079.03,28,4,0,0,0,16
C02709,2026-01-26,Nairobi,Construction,Micro_Enterprise,F,53,Tier3,440,0,Personal_Loan,507113.88,,,0.2303,24,,,549.5,1,0,0,0,8470.57,55617.94,52543.91,25,3,1,0,0,7
C02712,2026-01-26,Nairobi,SME_Trade,Self_Employed,F,22,Tier2,434,1,Personal_Loan,257308.5,,,0.1955,24,0.0,5.0,511.0,1,2,0,0,7634.83,40609.67,26977.99,19,6,0,0,0,11
C02714,2026-01-26,Kiambu,Salaried,Contract,M,44,Tier2,446,1,Personal_Loan,338569.8,,,0.2069,12,0.0,5.0,356.2,5,1,85,6,6830.58,121566.23,137757.4,25,6,1,0,0,203
C02717,2026-01-26,Nakuru,SME_Trade,Micro_Enterprise,F,40,Tier2,433,0,SME_Loan,695041.44,,,0.228,48,1115946.2,0.6228,671.8,1,1,0,0,0.0,258342.93,275614.72,15,6,2,1,0,32
C02718,2026-01-26,Meru,Salaried,Permanent,M,52,Tier1,401,1,SME_Loan,1050059.41,,,0.184,24,400626.03,2.621,602.9,1,2,10,2,0.0,0.0,0.0,25,8,0,0,0,7
C02719,2026-01-26,Nairobi,Transport,Micro_Enterprise,M,47,Tier3,342,0,Overdraft,156764.22,186002.2,0.9716,0.2988,0,,,651.8,1,0,19,5,24279.82,133888.32,94117.28,29,3,2,1,0,19
C02720,2026-01-26,Nairobi,Agribusiness,Micro_Enterprise,F,28,Tier2,504,0,Personal_Loan,351240.9,,,0.2236,24,455498.95,0.7711,558.0,2,1,18,3,0.0,0.0,0.0,16,5,1,0,0,20
C02721,2026-01-26,Uasin Gishu,SME_Trade,Micro_Enterprise,M,49,Tier2,476,0,Personal_Loan,158628.44,,,0.2201,24,385590.77,0.4114,649.7,3,0,0,4,16584.91,82595.28,77550.14,9,2,0,0,0,32
C02722,2026-01-26,Nairobi,Salaried,Permanent,F,51,Tier2,436,1,SME_Loan,846228.78,,,0.2627,24,125812.77,5.0,595.9,5,0,10,5,23368.43,79037.69,59951.94,23,8,2,0,0,11
C02723,2026-01-26,Nakuru,Salaried,Permanent,M,26,Tier3,442,1,Overdraft,11718.3,50000.0,0.0727,0.1601,0,,,612.1,1,1,41,5,0.0,0.0,0.0,26,6,0,0,0,7
C02724,2026-01-26,Nairobi,Salaried,Contract,F,37,Tier2,466,1,Personal_Loan,230845.02,,,0.2453,18,713729.91,0.3234,695.6,1,0,0,0,1242.34,15404.41,17091.2,25,9,2,0,0,29
C02725,2026-01-26,Machakos,Salaried,Permanent,M,56,Tier2,378,1,SME_Loan,535218.2,,,0.2016,36,450459.84,1.1882,500.2,1,0,42,3,0.0,109234.79,104661.59,37,5,2,0,0,20
C02730,2026-01-26,Kisumu,Transport,Micro_Enterprise,M,41,Tier1,433,0,Overdraft,149588.14,381679.19,0.3617,0.264,0,169039.59,0.8849,556.7,1,1,0,0,33601.19,136011.51,114044.06,17,5,1,0,0,12
C02732,2026-01-26,Kakamega,SME_Services,Micro_Enterprise,M,44,Tier2,421,0,Overdraft,93208.42,232582.27,0.3495,0.2519,0,162885.23,0.5722,627.2,1,0,0,1,21490.82,102148.35,90353.4,17,10,0,0,0,29
C02733,2026-01-26,Kakamega,Salaried,Contract,M,62,Tier2,435,1,Personal_Loan,516376.06,,,0.2165,12,663654.23,0.7781,679.6,1,0,4,6,9623.29,46639.73,62614.63,27,12,0,1,0,179
C02736,2026-01-26,Nairobi,SME_Trade,Micro_Enterprise,F,27,Tier2,443,0,SME_Loan,86324.65,,,0.1492,48,,,639.6,1,3,9,1,9630.81,163899.57,154789.4,9,2,0,0,1,11
C02738,2026-01-26,Nyeri,Construction,Self_Employed,F,29,Tier1,496,1,Overdraft,14540.82,50000.0,0.1769,0.2346,0,40500.11,0.359,627.8,6,2,0,4,1344.35,55868.33,49238.95,10,4,0,0,0,30
C02742,2026-01-26,Nyeri,Salaried,Permanent,M,25,Tier3,434,1,SME_Loan,824624.93,,,0.1231,24,447568.0,1.8425,583.9,2,0,25,2,19160.82,106962.45,120260.35,31,5,1,0,0,10
C02743,2026-01-26,Nairobi,Salaried,Permanent,M,44,Tier1,421,1,Personal_Loan,368841.74,,,0.2346,24,275834.49,1.3372,712.4,1,0,0,0,10707.89,58997.41,55586.76,28,11,3,0,0,22
C02745,2026-01-26,Nairobi,Agribusiness,Micro_Enterprise,F,29,Tier2,364,1,Credit_Card,163876.45,94688.66,1.4171,0.3011,0,,,555.8,1,0,22,1,0.0,49789.57,56619.39,22,8,0,0,0,27
C02748,2026-01-26,Kisumu,Other,Self_Employed,M,57,Tier2,444,1,SME_Loan,449393.32,,,0.2644,36,428042.89,1.0499,678.0,1,0,0,0,0.0,0.0,0.0,18,1,0,1,0,19
C02751,2026-01-26,Nakuru,SME_Trade,Self_Employed,F,32,Tier2,402,1,Personal_Loan,287809.77,,,0.2408,36,209297.53,1.3751,395.5,1,0,25,4,4281.42,49991.09,45919.91,22,2,0,0,0,10
C02753,2026-01-26,Nairobi,SME_Trade,Self_Employed,M,47,Tier2,388,0,Overdraft,8905.42,361438.25,0.0,0.2338,0,44651.58,0.1994,595.9,2,0,16,3,339.48,7059.95,9512.49,16,5,0,0,0,25
C02755,2026-01-26,Machakos,Construction,Self_Employed,F,65,Tier2,508,0,Personal_Loan,365799.9,,,0.2198,36,493468.26,0.7413,612.4,1,2,28,4,7835.84,53058.77,61479.09,22,6,0,0,0,27
C02759,2026-01-26,Meru,Construction,Self_Employed,M,37,Tier2,247,1,Personal_Loan,260429.28,,,0.2635,18,304711.48,0.8547,604.9,2,1,6,5,296.16,26506.54,26282.54,16,10,0,1,0,10
C02760,2026-01-26,Uasin Gishu,Salaried,Permanent,F,40,Tier3,504,1,Overdraft,133923.18,453881.97,0.358,0.2628,0,148832.98,0.8998,592.4,2,0,16,2,30301.61,112224.7,80146.32,28,2,0,0,0,12
C02762,2026-01-26,Kiambu,Other,Self_Employed,M,40,Tier2,373,1,SME_Loan,184347.9,,,0.2853,48,393800.78,0.4681,517.1,4,2,4,2,0.0,38562.48,36139.55,13,6,0,0,0,11
C02763,2026-01-26,Kiambu,SME_Services,Micro_Enterprise,M,37,Tier3,322,0,Personal_Loan,539379.83,,,0.2449,36,581033.29,0.9283,660.2,1,0,22,4,0.0,0.0,0.0,22,4,0,1,0,179
C02764,2026-01-26,Mombasa,Salaried,Permanent,F,22,Tier1,426,1,Overdraft,121990.9,202677.82,0.658,0.2443,0,0.0,5.0,693.9,1,1,0,2,6894.02,94024.22,60414.49,27,6,3,1,0,21
C02766,2026-01-26,Nairobi,Salaried,Contract,F,45,Tier2,431,1,Overdraft,26245.58,138101.1,0.2435,0.1963,0,7589.8,3.458,553.3,2,1,0,2,0.0,0.0,0.0,32,3,0,1,0,186
C02772,2026-01-26,Nairobi,Salaried,Contract,F,22,Tier1,445,1,Personal_Loan,225251.51,,,0.2039,12,0.0,5.0,621.8,1,0,3,0,0.0,106878.9,158573.31,26,7,1,0,0,19
C02773,2026-01-26,Nyeri,Construction,Micro_Enterprise,M,30,Tier3,350,0,Personal_Loan,354412.14,,,0.223,18,432569.21,0.8193,665.2,2,2,1,2,4259.45,36089.95,23875.64,22,2,3,1,0,187
C02775,2026-01-26,Nairobi,Construction,Micro_Enterprise,M,45,Tier2,421,0,Credit_Card,172840.6,288214.04,0.6298,0.2405,0,,,651.9,1,1,0,0,2968.01,42427.15,48741.24,17,4,0,0,0,19
C02776,2026-01-26,Nakuru,Transport,Micro_Enterprise,M,34,Tier2,286,0,Overdraft,149097.05,159573.05,0.9921,0.319,0,25320.26,5.0,684.2,1,0,0,2,43279.18,160732.6,107848.24,19,8,2,0,0,30
C02777,2026-01-26,Mombasa,Salaried,Permanent,M,44,Tier1,460,1,Overdraft,184688.11,57437.09,1.8,0.229,0,204002.03,0.9053,594.4,1,1,14,3,20300.94,140612.71,124015.4,24,9,0,0,0,184
C02781,2026-01-26,Uasin Gishu,SME_Services,Micro_Enterprise,M,34,Tier3,407,0,Personal_Loan,402522.44,,,0.1917,24,681788.97,0.5904,587.8,1,0,19,1,29618.6,195508.55,274327.81,22,8,0,0,0,25
C02782,2026-01-26,Mombasa,Salaried,Permanent,F,63,Tier3,492,1,Personal_Loan,538014.58,,,0.2378,36,776485.4,0.6929,686.5,1,4,2,6,2749.96,28108.29,29115.86,34,4,0,0,0,9
C02784,2026-01-26,Mombasa,Agribusiness,Self_Employed,M,58,Tier3,360,1,Overdraft,122764.85,317178.69,0.2764,0.2533,0,158131.41,0.7763,633.3,2,0,0,0,0.0,40632.31,30700.85,28,4,1,0,0,11
C02785,2026-01-26,Nairobi,Salaried,Contract,M,62,Tier2,305,1,Overdraft,2917.01,309183.54,0.0,0.279,0,126435.41,0.05,772.8,1,1,0,4,0.0,163196.9,111577.95,14,4,1,1,0,210
C02786,2026-01-26,Meru,Salaried,Permanent,F,26,Tier1,466,1,Credit_Card,67517.01,178748.04,0.2905,0.2083,0,,,537.2,1,0,32,6,6847.18,24643.83,25185.09,17,8,0,0,0,7
C02796,2026-01-26,Nairobi,Agribusiness,Micro_Enterprise,F,62,Tier2,422,1,Personal_Loan,312312.17,,,0.2896,18,117843.8,2.6502,654.6,4,0,0,3,9311.59,66335.46,32897.46,27,5,2,0,0,9
C02797,2026-01-26,Kiambu,SME_Services,Self_Employed,M,60,Tier1,421,0,SME_Loan,343683.07,,,0.1379,36,825076.41,0.4165,654.4,1,0,5,3,17846.65,67985.13,53930.28,14,3,1,1,0,10
C02800,2026-01-26,Kiambu,SME_Services,Micro_Enterprise,F,38,Tier2,396,1,Overdraft,49117.75,119175.77,0.52,0.2647,0,210858.26,0.2329,660.1,1,1,0,0,21890.02,70538.24,64308.76,15,0,2,0,0,5
C02802,2026-01-26,Machakos,Construction,Micro_Enterprise,M,41,Tier2,417,1,Overdraft,361083.92,240646.2,1.2357,0.1935,0,0.0,5.0,497.5,2,0,10,3,8466.01,40087.55,35686.99,18,5,3,1,1,137
C02803,2026-01-26,Kakamega,SME_Services,Self_Employed,F,65,Tier1,436,1,SME_Loan,697495.33,,,0.1821,24,277415.32,2.5143,478.4,1,1,46,6,6276.31,20766.25,19075.87,21,6,1,0,0,8
C02804,2026-01-26,Kiambu,Salaried,Permanent,M,23,Tier2,407,1,Personal_Loan,214166.1,,,0.3183,12,105899.59,2.0224,611.4,1,0,20,3,13517.18,89747.61,98806.37,23,4,1,0,0,25
C02808,2026-01-26,Mombasa,Other,Micro_Enterprise,M,34,Tier1,438,1,Personal_Loan,366250.57,,,0.1838,18,571300.08,0.6411,578.0,1,0,26,6,2518.98,9253.53,11298.93,20,4,1,0,0,10
C02816,2026-01-26,Nairobi,SME_Trade,Micro_Enterprise,M,25,Tier2,401,0,SME_Loan,1103473.65,,,0.1334,24,37498.04,5.0,536.9,1,4,38,5,5218.68,74678.36,76042.43,16,3,1,0,0,11
C02817,2026-01-26,Nairobi,SME_Trade,Micro_Enterprise,M,51,Tier2,501,0,SME_Loan,591603.6,,,0.1539,48,375322.19,1.5763,703.2,3,0,0,0,16203.06,114473.0,124111.54,18,4,5,0,0,32
C02819,2026-01-26,Nairobi,SME_Trade,Self_Employed,M,26,Tier3,503,0,Personal_Loan,230221.36,,,0.1776,24,,,542.9,1,0,0,2,1355.54,14776.71,6146.2,28,2,2,0,0,11
C02820,2026-01-26,Nyeri,SME_Services,Self_Employed,M,52,Tier2,413,1,SME_Loan,313692.55,,,0.209,12,690298.66,0.4544,715.1,3,0,0,2,0.0,81546.23,71320.89,21,4,3,0,0,17
C02822,2026-01-26,Nakuru,Other,Micro_Enterprise,M,58,Tier2,432,0,Personal_Loan,214990.88,,,0.2216,24,295187.75,0.7283,585.6,1,0,21,3,3302.89,12883.26,13555.13,13,1,0,0,0,33
C02828,2026-01-26,Nairobi,Salaried,Permanent,F,63,Tier1,422,1,Personal_Loan,195229.91,,,0.1808,36,448985.3,0.4348,731.2,1,0,20,3,17502.56,108789.6,46042.76,18,8,2,0,0,7
C02829,2026-01-26,Nyeri,SME_Services,Micro_Enterprise,M,49,Tier3,412,0,Personal_Loan,135883.45,,,0.2085,18,237832.32,0.5713,628.3,1,0,0,0,13270.73,45256.65,45071.19,22,7,1,0,0,30
C02830,2026-01-26,Nyeri,SME_Services,Self_Employed,F,26,Tier2,501,0,Personal_Loan,404308.49,,,0.1859,12,139257.09,2.9033,542.1,1,0,0,0,6407.54,44450.65,41267.87,15,3,1,0,0,19
C02831,2026-01-26,Nairobi,SME_Trade,Self_Employed,M,62,Tier1,500,0,SME_Loan,93526.52,,,0.1822,36,571646.7,0.1636,638.7,1,1,0,2,25227.05,145051.3,117503.73,21,5,1,0,0,16
C02834,2026-01-26,Nakuru,SME_Trade,Micro_Enterprise,M,45,Tier3,509,0,Credit_Card,178713.83,279430.14,0.8092,0.2433,0,,,602.7,1,1,26,4,6009.81,14549.56,12421.44,23,0,0,0,0,13
C02837,2026-01-26,Kakamega,Agribusiness,Self_Employed,M,64,Tier1,421,1,Personal_Loan,395034.79,,,0.1903,12,590299.57,0.6692,572.1,1,1,11,4,21689.75,78552.05,77547.22,18,6,1,0,0,30
C02838,2026-01-26,Nairobi,Salaried,Permanent,M,61,Tier1,400,1,Personal_Loan,212892.77,,,0.2442,24,106359.76,2.0016,590.8,2,1,0,0,23439.94,80038.74,41878.44,37,4,2,0,0,7
C02840,2026-01-26,Nairobi,Salaried,Permanent,M,64,Tier1,438,1,Credit_Card,221628.17,248966.32,0.9559,0.2019,0,,,503.5,1,0,36,6,45655.39,179172.92,150921.04,23,8,2,0,0,33
C02842,2026-01-26,Nairobi,Salaried,Permanent,M,52,Tier2,415,1,SME_Loan,219499.95,,,0.217,36,,,691.7,1,0,0,1,259.64,44241.01,44956.43,23,2,0,0,0,31
C02843,2026-01-26,Nairobi,Construction,Self_Employed,M,55,Tier2,332,0,Personal_Loan,539219.63,,,0.2631,24,,,703.8,3,0,8,4,0.0,50435.36,51406.97,19,2,1,0,0,24
C02844,2026-01-26,Nyeri,SME_Services,Micro_Enterprise,F,42,Tier1,365,0,Personal_Loan,299220.67,,,0.1489,12,545229.88,0.5488,583.8,1,6,3,5,13937.03,116073.33,110571.16,17,5,1,1,0,166
C02846,2026-01-26,Meru,Salaried,Contract,M,41,Tier1,480,1,Personal_Loan,387500.07,,,0.3211,18,,,541.9,1,0,44,6,0.0,125906.8,138362.38,21,7,1,0,0,29
C02847,2026-01-26,Nairobi,SME_Trade,Micro_Enterprise,F,59,Tier1,464,0,SME_Loan,691456.38,,,0.257,36,,,605.7,3,0,0,1,1222.07,11663.4,9787.61,13,1,2,0,0,22
C02851,2026-01-26,Nairobi,Transport,Micro_Enterprise,M,29,Tier3,353,0,Personal_Loan,308575.24,,,0.2504,24,0.0,5.0,555.0,1,0,32,5,12506.54,52226.83,36317.0,21,5,2,0,0,28
C02853,2026-01-26,Machakos,Salaried,Permanent,M,26,Tier1,443,1,SME_Loan,311983.67,,,0.22,36,897519.34,0.3476,593.7,2,0,11,4,46575.53,285818.12,126909.29,33,5,1,0,0,14
C02854,2026-01-26,Kiambu,Other,Self_Employed,M,25,Tier2,470,1,SME_Loan,790485.62,,,0.2001,24,432327.96,1.8284,600.0,3,0,4,4,0.0,18367.08,21069.59,26,3,5,0,0,5
C02855,2026-01-26,Kiambu,Salaried,Permanent,M,53,Tier2,500,1,Credit_Card,0.0,139078.37,0.0,0.3259,0,,,660.7,2,1,7,4,50220.93,194295.45,121531.35,22,8,0,0,0,5
C02856,2026-01-26,Nairobi,Salaried,Permanent,F,24,Tier1,469,1,Personal_Loan,442584.32,,,0.2031,24,358382.63,1.2349,668.4,3,1,0,1,3859.12,76492.82,72887.79,22,2,0,0,0,22
C02857,2026-01-26,Nairobi,SME_Services,Self_Employed,M,46,Tier2,417,0,Personal_Loan,490780.15,,,0.2053,36,689626.36,0.7117,636.1,3,0,0,3,37858.65,135736.29,107486.67,23,5,2,0,0,22
C02861,2026-01-26,Nairobi,Salaried,Permanent,M,29,Tier2,495,1,Personal_Loan,133198.22,,,0.2645,36,,,714.0,2,1,0,1,5878.76,33508.38,20949.15,23,6,2,0,0,11
C02863,2026-01-26,Nyeri,Salaried,Contract,M,58,Tier2,371,1,Personal_Loan,223441.63,,,0.2812,18,228997.22,0.9757,707.2,1,0,0,0,7484.53,119296.43,129283.52,31,6,0,0,0,14
C02868,2026-01-26,Mombasa,Salaried,Contract,M,28,Tier2,485,1,Personal_Loan,252697.35,,,0.263,12,189487.73,1.3336,628.7,3,0,6,1,3764.46,42251.92,46629.79,23,5,2,0,0,5
C02869,2026-01-26,Mombasa,Salaried,Permanent,F,59,Tier2,445,1,Personal_Loan,350775.29,,,0.2347,24,342232.99,1.025,689.5,2,1,2,4,2617.47,7886.37,5118.8,37,9,1,1,1,227
C02872,2026-01-26,Nakuru,Salaried,Permanent,M,64,Tier3,433,1,SME_Loan,187338.95,,,0.2022,24,1018691.09,0.1839,635.3,2,0,0,0,9963.31,140154.34,128440.37,30,7,0,0,0,18
C02875,2026-01-26,Nyeri,Transport,Self_Employed,F,38,Tier2,266,0,Personal_Loan,178110.36,,,0.2431,36,494186.82,0.3604,554.6,1,0,5,2,5583.93,27008.48,23246.79,19,4,0,0,0,7
C02876,2026-01-26,Mombasa,Salaried,Permanent,M,44,Tier2,371,1,Overdraft,128939.42,99264.96,0.992,0.2094,0,128303.4,1.005,551.0,1,0,39,2,9731.0,70667.67,95440.76,29,5,1,0,0,28
C02877,2026-01-26,Kisumu,Salaried,Contract,M,50,Tier2,410,1,SME_Loan,220011.51,,,0.1716,36,0.0,5.0,736.7,2,0,0,0,10304.1,74574.82,55562.47,21,8,1,0,0,13
C02879,2026-01-26,Uasin Gishu,Salaried,Permanent,F,60,Tier1,315,1,SME_Loan,796058.76,,,0.1913,36,819451.86,0.9715,520.5,2,0,12,3,0.0,0.0,0.0,24,4,1,0,0,22
C02883,2026-01-26,Machakos,Salaried,Permanent,F,46,Tier2,316,1,SME_Loan,687498.58,,,0.204,36,435901.38,1.5772,668.2,2,0,16,2,34979.17,119050.19,85944.34,31,4,1,0,0,30
C02886,2026-01-26,Kisumu,SME_Trade,Self_Employed,F,27,Tier2,429,0,Personal_Loan,295643.88,,,0.224,36,986674.22,0.2996,571.2,1,1,0,1,7547.52,85272.39,85616.77,15,3,3,0,0,17
C02889,2026-01-26,Machakos,Hospitality,Micro_Enterprise,F,27,Tier2,400,0,SME_Loan,738030.59,,,0.2424,36,605816.94,1.2182,641.4,3,0,12,6,4059.24,22671.19,23408.41,15,6,0,0,0,14
C02891,2026-01-26,Nairobi,Agribusiness,Self_Employed,F,27,Tier1,415,0,Personal_Loan,629714.47,,,0.2295,24,925001.42,0.6808,676.6,1,1,4,6,4956.37,34553.68,29171.91,18,5,2,0,0,7
C02893,2026-01-26,Nairobi,SME_Trade,Self_Employed,M,37,Tier2,485,0,Credit_Card,82633.62,81676.17,0.8961,0.3955,0,,,665.7,1,0,0,0,2398.8,29980.73,13228.08,16,5,1,0,0,14
C02894,2026-01-26,Mombasa,SME_Services,Self_Employed,F,62,Tier2,440,0,Personal_Loan,297179.2,,,0.2587,36,356857.19,0.8328,554.8,2,0,29,0,5724.82,19163.43,13140.73,20,3,1,1,0,168
C02895,2026-01-26,Uasin Gishu,SME_Services,Self_Employed,F,32,Tier2,383,1,Overdraft,90863.52,90901.74,0.7164,0.2722,0,177688.68,0.5114,662.0,2,1,0,2,3930.7,51369.54,50323.88,19,3,0,0,0,22
C02897,2026-01-26,Nairobi,SME_Services,Micro_Enterprise,M,50,Tier2,453,0,Personal_Loan,358806.82,,,0.2035,12,156295.03,2.2957,534.3,1,1,25,4,0.0,72594.21,89814.77,22,8,0,0,0,29
C02901,2026-01-26,Nakuru,SME_Trade,Self_Employed,M,43,Tier2,443,0,Personal_Loan,110665.92,,,0.2285,24,28579.96,3.8722,546.7,1,0,51,5,12005.4,61940.99,51367.19,15,6,3,0,0,25
C02904,2026-01-26,Kakamega,SME_Services,Self_Employed,F,48,Tier1,447,0,Personal_Loan,90348.12,,,0.2053,36,,,568.3,1,1,8,5,0.0,40605.97,52935.15,26,7,1,0,0,175
C02908,2026-01-26,Nairobi,SME_Services,Self_Employed,F,63,Tier1,465,1,SME_Loan,789323.04,,,0.172,36,607445.99,1.2994,639.7,5,1,0,0,63773.7,175396.96,118782.15,18,6,1,0,0,23
C02910,2026-01-26,Mombasa,Other,Self_Employed,F,36,Tier2,350,0,SME_Loan,147063.05,,,0.2391,24,53043.53,2.7725,625.0,3,0,0,0,615.29,4753.25,3872.16,22,4,0,0,0,13
C02912,2026-01-26,Nakuru,SME_Trade,Self_Employed,M,25,Tier1,432,1,Personal_Loan,343954.88,,,0.194,36,212266.48,1.6204,538.5,1,3,25,2,18305.78,70287.33,65028.84,25,0,0,0,0,18
C02914,2026-01-26,Nairobi,SME_Trade,Self_Employed,F,31,Tier2,441,0,Credit_Card,75683.27,92663.14,0.8565,0.3212,0,,,725.3,1,1,0,2,0.0,9270.62,11161.65,19,3,3,0,0,33
C02915,2026-01-26,Mombasa,Agribusiness,Self_Employed,M,39,Tier2,432,0,Personal_Loan,200103.14,,,0.2626,18,5197.54,5.0,543.6,2,1,0,0,2806.84,20483.8,10353.06,9,3,0,0,0,34
C02916,2026-01-26,Kiambu,SME_Services,Self_Employed,F,40,Tier2,407,1,Personal_Loan,371639.5,,,0.1992,18,25807.54,5.0,514.8,3,1,24,4,5922.21,140213.71,142657.46,15,5,0,1,0,222
C02918,2026-01-26,Nyeri,Construction,Micro_Enterprise,F,63,Tier3,504,0,Overdraft,180340.27,294067.82,0.7184,0.2703,0,73637.0,2.449,626.7,4,0,12,5,3122.59,32079.57,23946.6,15,6,0,1,0,217
C02920,2026-01-26,Mombasa,SME_Services,Micro_Enterprise,F,38,Tier2,381,0,Overdraft,84146.23,202277.7,0.2416,0.2797,0,,,565.6,1,2,0,2,9398.23,36698.23,33422.03,22,6,3,0,0,27
C02921,2026-01-26,Nyeri,SME_Trade,Self_Employed,F,35,Tier3,429,0,SME_Loan,599795.05,,,0.1656,36,604078.76,0.9929,481.3,6,1,22,6,461.16,2575.22,1261.71,15,5,0,1,0,182
C02924,2026-01-26,Nakuru,Agribusiness,Micro_Enterprise,F,45,Tier2,443,1,SME_Loan,704156.47,,,0.118,24,147233.93,4.7826,615.3,3,1,0,3,23906.37,87317.58,80185.04,17,1,1,0,0,23
C02925,2026-01-26,Nairobi,Salaried,Permanent,M,40,Tier3,395,1,Personal_Loan,164549.39,,,0.2989,24,0.0,5.0,655.2,2,1,26,6,2494.24,46479.34,30703.7,45,5,0,0,0,9
C02927,2026-01-26,Uasin Gishu,Salaried,Permanent,F,48,Tier2,462,1,Personal_Loan,498612.45,,,0.1654,36,0.0,5.0,616.5,2,0,13,4,551.47,22739.18,28935.28,27,8,0,0,0,23
C02930,2026-01-26,Mombasa,Salaried,Permanent,M,50,Tier2,394,1,Personal_Loan,185086.55,,,0.1399,36,,,754.8,3,1,5,6,7829.65,159886.77,170674.57,27,6,0,0,0,6
C02932,2026-01-26,Machakos,SME_Trade,Micro_Enterprise,F,51,Tier2,343,1,Overdraft,154019.91,138612.79,1.034,0.272,0,145154.06,1.0611,642.0,1,1,5,6,10243.5,27222.85,32072.52,17,5,1,0,0,19
C02933,2026-01-26,Nakuru,Construction,Micro_Enterprise,M,28,Tier1,393,0,Overdraft,60016.02,74177.57,1.2958,0.1855,0,0.0,5.0,533.2,1,0,16,4,2322.14,66442.94,76811.76,15,4,2,0,0,23
C02935,2026-01-26,Mombasa,Transport,Micro_Enterprise,M,57,Tier3,418,1,Personal_Loan,416786.25,,,0.2464,24,,,601.8,1,0,7,2,3841.27,117498.98,70255.18,11,3,3,0,0,20
C02936,2026-01-26,Kakamega,Transport,Self_Employed,F,31,Tier1,484,0,Personal_Loan,18972.81,,,0.1886,12,103467.75,0.1834,728.2,1,1,20,6,17808.61,65410.7,74195.46,18,4,1,0,0,11
C02938,2026-01-26,Kisumu,Salaried,Contract,F,53,Tier2,510,1,Overdraft,0.0,178544.52,0.0838,0.2119,0,155617.8,0.05,629.1,2,2,14,5,19216.65,61931.74,62756.08,25,6,1,0,0,16
C02941,2026-01-26,Kiambu,Salaried,Permanent,M,53,Tier2,461,1,Personal_Loan,697089.86,,,0.1948,12,528818.44,1.3182,519.3,1,1,26,2,0.0,0.0,0.0,20,7,0,0,0,15
C02942,2026-01-26,Meru,Agribusiness,Self_Employed,F,63,Tier2,424,0,SME_Loan,324117.0,,,0.256,12,31822.58,5.0,592.4,1,1,27,6,6321.6,53360.74,18421.31,24,5,1,0,0,22
C02943,2026-01-26,Nairobi,Salaried,Permanent,M,55,Tier2,435,1,Personal_Loan,253264.41,,,0.1993,24,0.0,5.0,510.6,2,0,0,0,0.0,122911.97,201256.78,21,7,2,0,0,15
C02944,2026-01-26,Kakamega,Salaried,Permanent,M,29,Tier2,448,1,Personal_Loan,81834.87,,,0.2491,36,740803.84,0.1105,557.8,1,0,11,3,4838.9,33885.55,21692.74,29,3,3,0,0,33
C02945,2026-01-26,Kakamega,Salaried,Permanent,F,57,Tier2,365,1,Personal_Loan,0.0,,,0.2474,18,465751.06,0.05,511.5,2,0,1,0,45931.6,194829.39,184690.33,32,5,0,0,0,5
C02948,2026-01-26,Nairobi,SME_Trade,Self_Employed,M,43,Tier2,307,0,Personal_Loan,332493.88,,,0.1757,24,19621.63,5.0,547.0,3,1,17,6,0.0,0.0,0.0,15,3,2,0,0,6
C02949,2026-01-26,Kisumu,Transport,Self_Employed,M,44,Tier2,431,0,Personal_Loan,159823.8,,,0.1996,18,115844.88,1.3796,598.5,2,0,0,2,6310.3,36007.54,54206.63,20,4,2,0,0,16
C02956,2026-01-26,Mombasa,SME_Trade,Micro_Enterprise,F,65,Tier2,437,1,Personal_Loan,329997.2,,,0.2206,12,107163.69,3.0794,694.5,1,1,2,0,5169.38,27635.62,29303.85,21,0,0,0,0,11
C02958,2026-01-26,Mombasa,Salaried,Contract,F,42,Tier1,509,1,SME_Loan,281566.23,,,0.2415,36,0.0,5.0,524.3,1,3,10,6,22647.53,91854.62,45395.88,29,6,1,0,0,26
C02964,2026-01-26,Uasin Gishu,Salaried,Permanent,M,24,Tier2,337,1,SME_Loan,559476.36,,,0.1791,36,15564.51,5.0,549.1,2,1,0,0,7833.66,74429.33,34088.94,37,9,2,0,0,22
C02968,2026-01-26,Nakuru,Agribusiness,Micro_Enterprise,M,31,Tier1,460,1,Overdraft,59650.32,272384.97,0.325,0.2478,0,0.0,5.0,687.1,2,1,0,0,5118.75,26742.68,19631.84,26,2,0,0,0,30
C02970,2026-01-26,Machakos,Other,Self_Employed,F,49,Tier1,425,1,Personal_Loan,413965.67,,,0.2007,36,910773.89,0.4545,595.6,1,1,2,6,8717.03,61085.11,26743.23,16,1,0,0,0,5
C02972,2026-01-26,Machakos,SME_Services,Micro_Enterprise,M,23,Tier2,320,0,Personal_Loan,303267.63,,,0.2251,18,,,601.0,2,0,4,3,16471.39,58436.7,64456.22,21,4,0,0,0,34
C02973,2026-01-26,Mombasa,SME_Services,Micro_Enterprise,F,47,Tier3,423,0,Credit_Card,0.0,88433.28,0.3245,0.3145,0,,,659.2,1,2,0,0,0.0,0.0,0.0,15,2,2,0,0,29
C02974,2026-01-26,Kakamega,Salaried,Permanent,M,65,Tier3,473,1,Personal_Loan,204709.66,,,0.1794,24,296475.92,0.6905,517.6,2,0,3,4,10873.3,131429.57,68050.15,33,6,1,0,0,5
C02978,2026-01-26,Nairobi,Agribusiness,Micro_Enterprise,F,61,Tier1,304,0,Personal_Loan,272779.98,,,0.2155,36,31320.1,5.0,564.5,1,1,0,2,6162.31,46347.34,59503.18,14,8,2,0,0,26
C02979,2026-01-26,Nyeri,Agribusiness,Self_Employed,M,33,Tier2,358,0,Personal_Loan,159159.04,,,0.2527,18,1109783.27,0.1434,680.3,1,1,0,1,0.0,2231.87,826.52,17,7,1,0,0,5
C02980,2026-01-26,Kiambu,Salaried,Permanent,F,42,Tier2,399,1,Personal_Loan,211630.4,,,0.2224,18,4538.39,5.0,468.6,1,1,3,1,0.0,120756.88,161736.15,27,6,0,0,0,8
C02983,2026-01-26,Kakamega,Other,Self_Employed,F,57,Tier3,406,0,SME_Loan,477185.63,,,0.1764,48,,,675.3,1,1,0,0,26416.02,207216.48,175090.9,28,3,3,0,0,26
C02987,2026-01-26,Kakamega,Transport,Micro_Enterprise,M,54,Tier1,358,0,Credit_Card,50786.35,364251.88,0.0802,0.4481,0,,,658.5,1,4,0,1,9965.95,58254.18,60080.38,18,4,0,0,0,33
C02989,2026-01-26,Kiambu,Salaried,Permanent,F,61,Tier2,499,1,Personal_Loan,327122.52,,,0.2574,18,437111.95,0.7484,645.6,1,0,0,0,7794.33,29419.82,24351.61,22,7,0,0,0,10
C02991,2026-01-26,Nairobi,SME_Services,Micro_Enterprise,F,41,Tier2,406,1,Personal_Loan,226143.06,,,0.2213,18,376059.59,0.6013,751.1,1,1,26,2,49943.57,263503.85,300435.99,21,1,1,1,0,27
C02992,2026-01-26,Nyeri,SME_Trade,Micro_Enterprise,F,49,Tier1,480,0,SME_Loan,321967.73,,,0.2179,48,362966.26,0.887,649.4,3,2,0,0,18764.57,87156.67,97316.45,13,4,1,1,0,8
C02995,2026-01-26,Nyeri,SME_Trade,Micro_Enterprise,F,55,Tier2,435,1,SME_Loan,271412.72,,,0.1445,36,344284.08,0.7883,510.0,1,1,38,2,0.0,0.0,0.0,16,4,0,0,0,160
C02998,2026-01-26,Nairobi,Salaried,Permanent,M,36,Tier2,415,1,Overdraft,25712.12,106424.66,0.0,0.2778,0,45877.18,0.5605,690.0,2,0,0,1,6673.21,55801.61,51192.16,25,4,0,1,0,14
C03000,2026-01-26,Nairobi,Agribusiness,Self_Employed,F,50,Tier2,482,1,Personal_Loan,403824.87,,,0.1941,36,1098414.19,0.3676,409.7,1,0,23,4,6102.83,97459.98,76964.98,16,2,1,1,1,186
C03003,2026-01-26,Kiambu,SME_Services,Micro_Enterprise,F,62,Tier3,375,1,Personal_Loan,306085.91,,,0.1937,12,739407.78,0.414,670.0,1,0,1,0,3892.01,21235.44,26593.88,26,2,0,0,0,29
C03005,2026-01-26,Kiambu,SME_Services,Self_Employed,M,52,Tier1,422,1,Overdraft,144739.24,273704.76,0.5951,0.3622,0,56489.28,2.5622,454.4,1,0,6,3,12459.52,40389.91,29696.08,16,1,3,0,0,30
C03011,2026-01-26,Mombasa,SME_Trade,Self_Employed,M,37,Tier2,441,1,Overdraft,123795.24,556849.17,0.2318,0.1812,0,235784.92,0.525,444.8,1,1,0,1,0.0,60404.25,39019.36,19,9,3,0,0,24
C03013,2026-01-26,Meru,Salaried,Permanent,M,23,Tier2,473,1,Overdraft,220161.05,323836.26,0.6774,0.1143,0,43759.61,5.0,471.8,1,2,50,6,37040.65,147184.96,176732.79,23,6,0,0,0,121
C03014,2026-01-26,Kakamega,Salaried,Permanent,M,54,Tier2,439,1,Personal_Loan,95883.7,,,0.2348,12,603675.77,0.1588,647.0,1,0,16,4,31137.63,199437.28,264319.33,24,3,1,0,0,7
C03017,2026-01-26,Kakamega,SME_Services,Self_Employed,M,44,Tier1,414,0,Overdraft,132579.41,308996.35,0.2557,0.2505,0,3013.4,5.0,703.2,1,2,0,2,18453.82,116786.29,151534.42,18,6,2,0,0,15
C03018,2026-01-26,Nairobi,Agribusiness,Self_Employed,M,30,Tier3,422,0,Personal_Loan,117480.01,,,0.2495,24,1289691.97,0.0911,551.6,1,1,20,1,17380.82,64475.86,42556.5,18,6,0,0,0,19
C03019,2026-01-26,Kiambu,Salaried,Permanent,F,47,Tier2,411,1,Personal_Loan,247156.58,,,0.2362,12,373227.52,0.6622,614.8,1,3,0,2,30766.07,194806.86,163878.37,28,3,1,1,0,17
C03020,2026-01-26,Mombasa,Salaried,Permanent,M,54,Tier3,164,1,Overdraft,41881.95,291873.0,0.2365,0.2004,0,160642.6,0.2607,584.7,1,0,31,5,0.0,145046.23,211021.81,37,7,0,0,0,33
C03022,2026-01-26,Nairobi,SME_Trade,Micro_Enterprise,F,26,Tier2,406,0,Credit_Card,173578.56,291763.37,0.5574,0.2363,0,,,646.5,2,0,4,4,0.0,71666.38,84836.48,28,11,1,0,0,13
C03028,2026-01-26,Machakos,Salaried,Permanent,F,54,Tier2,260,1,Personal_Loan,399093.26,,,0.2509,12,474378.87,0.8413,602.5,1,0,2,2,900.87,21505.51,19482.88,20,6,3,1,0,21
C03036,2026-01-26,Nairobi,Salaried,Permanent,M,64,Tier1,317,1,Personal_Loan,429259.74,,,0.1797,12,757080.34,0.567,638.9,1,0,0,3,18170.97,129363.51,130791.6,26,6,3,0,0,23
C03038,2026-01-26,Kakamega,Salaried,Permanent,M,27,Tier1,404,1,Personal_Loan,123308.08,,,0.1662,36,0.0,5.0,668.4,1,0,0,1,21452.18,95665.66,71730.6,30,8,0,0,0,9
C03039,2026-01-26,Mombasa,Agribusiness,Micro_Enterprise,F,33,Tier3,468,0,SME_Loan,280736.51,,,0.2859,36,,,648.6,2,0,0,0,2121.48,13931.63,6963.26,18,3,1,0,0,21
C03042,2026-01-26,Nyeri,SME_Services,Self_Employed,F,34,Tier3,313,0,Personal_Loan,558351.37,,,0.2281,18,380431.43,1.4677,581.8,3,1,0,0,1139.17,21814.27,21446.69,18,2,0,1,0,134
C03046,2026-01-26,Kisumu,Agribusiness,Self_Employed,F,60,Tier3,307,0,Personal_Loan,361307.41,,,0.2416,36,262162.06,1.3782,608.0,2,0,0,0,0.0,86243.96,87090.39,24,6,0,0,0,26
C03048,2026-01-26,Nairobi,Salaried,Permanent,M,55,Tier2,500,1,Credit_Card,41591.46,123867.45,0.0,0.2585,0,,,706.8,1,1,0,0,0.0,0.0,0.0,17,7,1,0,0,8
C03049,2026-01-26,Nairobi,Salaried,Permanent,M,28,Tier3,352,1,Personal_Loan,366046.92,,,0.2447,18,0.0,5.0,525.6,1,0,3,4,6931.2,34079.42,30918.43,34,5,0,1,0,123
C03053,2026-01-26,Nairobi,Agribusiness,Micro_Enterprise,F,54,Tier1,500,0,SME_Loan,456896.7,,,0.2246,24,560521.29,0.8151,624.4,4,1,17,4,1212.09,55711.11,66879.4,21,4,2,0,0,18
C03054,2026-01-26,Kisumu,Agribusiness,Self_Employed,M,37,Tier2,369,1,Personal_Loan,271983.12,,,0.123,36,660381.71,0.4119,640.2,1,1,0,2,4272.63,21812.25,22091.99,20,3,2,0,0,8
C03055,2026-01-26,Machakos,SME_Services,Self_Employed,M,56,Tier2,434,0,Personal_Loan,341722.01,,,0.2112,12,560762.28,0.6094,607.9,2,0,17,6,6812.77,133244.79,98566.43,12,3,1,0,0,203
C03056,2026-01-26,Nairobi,SME_Services,Micro_Enterprise,M,42,Tier2,395,0,Overdraft,26662.98,408451.22,0.0263,0.2331,0,0.0,5.0,740.6,1,0,2,0,8933.28,51986.55,40459.51,18,5,1,0,0,11
C03057,2026-01-26,Kiambu,SME_Services,Self_Employed,F,57,Tier3,373,0,Personal_Loan,405702.43,,,0.1633,18,309571.89,1.3105,775.6,2,0,4,2,0.0,0.0,0.0,22,4,3,0,0,29
C03058,2026-01-26,Kiambu,SME_Trade,Micro_Enterprise,M,27,Tier1,404,1,SME_Loan,432867.18,,,0.2479,36,0.0,5.0,667.0,3,0,2,2,27381.59,100626.21,63710.08,17,3,2,0,0,31
C03065,2026-01-26,Nairobi,SME_Trade,Self_Employed,F,52,Tier2,406,0,Personal_Loan,143606.12,,,0.2762,36,534666.48,0.2686,502.0,1,0,35,6,1951.46,14441.45,16407.6,22,3,1,0,0,12
C03067,2026-01-26,Kakamega,SME_Services,Micro_Enterprise,F,58,Tier2,472,0,SME_Loan,382859.82,,,0.1026,36,80880.22,4.7337,773.3,1,0,0,2,8851.93,138273.37,123136.79,14,3,2,0,0,24
C03068,2026-01-26,Meru,Salaried,Permanent,M,52,Tier1,448,1,Overdraft,300558.91,282399.69,1.0991,0.3018,0,96068.74,3.1286,608.0,1,1,0,0,8207.59,54361.81,25304.38,29,6,0,0,0,22
C03070,2026-01-26,Kisumu,SME_Trade,Self_Employed,M,24,Tier2,466,1,Overdraft,114886.14,84987.54,1.2984,0.2619,0,199708.87,0.5753,510.2,2,0,41,6,8741.88,41956.04,57332.83,15,6,4,1,0,234
C03076,2026-01-26,Nairobi,Salaried,Permanent,F,54,Tier2,372,1,Overdraft,8435.36,50000.0,0.092,0.2745,0,185675.97,0.05,736.6,1,1,0,0,1978.23,21293.1,12123.28,27,3,2,0,0,16
C03085,2026-01-26,Nairobi,Salaried,Permanent,F,36,Tier1,420,1,Overdraft,56231.02,311850.29,0.2108,0.3116,0,0.0,5.0,673.6,1,0,26,4,12666.72,93011.29,123333.23,24,4,1,0,0,8
C03086,2026-01-26,Kiambu,Construction,Self_Employed,M,37,Tier2,498,0,Personal_Loan,591813.11,,,0.2849,18,0.0,5.0,614.4,1,0,0,1,843.72,19351.53,7009.78,17,4,0,0,0,34
C03088,2026-01-26,Nairobi,Hospitality,Self_Employed,F,28,Tier2,482,0,Credit_Card,0.0,265342.55,0.0995,0.2042,0,,,500.2,1,0,55,4,3174.19,85446.18,82740.08,19,4,0,0,0,15
C03093,2026-01-26,Kiambu,SME_Services,Self_Employed,F,53,Tier2,418,1,SME_Loan,574872.02,,,0.2945,12,107615.56,5.0,576.7,1,1,2,6,3747.01,14981.62,7720.45,19,6,1,0,0,30
C03095,2026-01-26,Meru,SME_Trade,Self_Employed,F,61,Tier2,440,0,Personal_Loan,44241.98,,,0.2047,36,799589.59,0.0553,620.0,5,0,0,0,10798.8,55044.68,49431.76,16,6,1,0,0,7
C03097,2026-01-26,Uasin Gishu,Agribusiness,Self_Employed,F,28,Tier3,431,1,Personal_Loan,342517.54,,,0.2306,12,219603.46,1.5597,464.7,3,0,36,4,0.0,102834.51,138078.36,24,10,2,1,0,177
C03100,2026-01-26,Nairobi,Salaried,Permanent,M,33,Tier1,311,1,Personal_Loan,467635.34,,,0.2397,24,116620.81,4.0099,358.0,2,0,28,4,8268.6,31004.26,27085.57,26,12,0,1,1,234
C03102,2026-01-26,Kakamega,Salaried,Permanent,M,26,Tier2,221,1,Personal_Loan,214764.07,,,0.2052,18,337687.84,0.636,627.2,2,0,19,4,788.47,12309.66,10244.18,24,5,0,0,0,239
C03103,2026-01-26,Machakos,Salaried,Contract,M,21,Tier2,314,1,SME_Loan,824210.63,,,0.1531,24,273922.29,3.0089,624.0,1,1,0,1,22533.32,71153.7,56342.77,28,7,0,0,0,7
C03104,2026-01-26,Nairobi,Construction,Micro_Enterprise,F,40,Tier2,510,1,Personal_Loan,203572.01,,,0.2285,18,,,674.1,2,2,20,3,7267.98,37284.33,22890.45,11,3,2,0,0,29
C03106,2026-01-26,Machakos,Salaried,Permanent,M,34,Tier2,412,1,Overdraft,196684.69,315261.95,0.7588,0.2701,0,141224.49,1.3927,670.3,1,2,5,2,18386.99,78148.33,48260.82,30,5,0,0,0,30
C03107,2026-01-26,Kiambu,Salaried,Permanent,M,59,Tier2,471,1,SME_Loan,508501.52,,,0.2165,24,572029.63,0.8889,568.0,3,0,27,5,8722.65,100016.43,116520.81,21,8,0,0,0,7
C03110,2026-01-26,Nairobi,SME_Trade,Self_Employed,F,31,Tier3,387,0,SME_Loan,1005254.12,,,0.1795,24,156243.45,5.0,550.1,2,0,0,0,6.05,24.9,29.47,34,2,0,0,0,31
C03111,2026-01-26,Nairobi,Hospitality,Micro_Enterprise,M,45,Tier2,476,0,Personal_Loan,100248.17,,,0.1696,36,491371.03,0.204,399.5,3,1,46,5,4976.42,142521.25,49303.66,17,4,1,1,0,202
C03112,2026-01-26,Kakamega,Other,Self_Employed,M,55,Tier1,509,1,Credit_Card,30130.97,313655.87,0.176,0.2271,0,,,715.8,1,1,0,3,0.0,0.0,0.0,12,4,0,0,0,34
C03113,2026-01-26,Nakuru,Transport,Micro_Enterprise,F,23,Tier3,500,0,Personal_Loan,610048.73,,,0.1617,36,431863.6,1.4126,693.3,1,1,24,2,5441.27,133246.7,127545.39,18,4,1,0,0,24
C03116,2026-01-26,Nyeri,SME_Services,Micro_Enterprise,F,43,Tier1,477,1,Overdraft,101832.09,249149.1,0.4042,0.2938,0,4050.48,5.0,641.5,3,0,0,4,5862.46,48174.97,49099.49,22,3,0,0,0,5
C03120,2026-01-26,Nairobi,Salaried,Permanent,M,60,Tier1,414,1,Overdraft,41676.01,275618.68,0.137,0.2016,0,138454.15,0.301,588.6,1,0,0,0,915.7,87162.57,72815.84,21,5,0,0,0,32
C03125,2026-01-26,Uasin Gishu,SME_Trade,Micro_Enterprise,M,40,Tier1,323,1,Personal_Loan,602464.93,,,0.2942,12,591118.6,1.0192,525.2,1,0,14,6,13101.16,59887.54,75875.36,15,5,0,0,0,26
C03126,2026-01-26,Nakuru,Salaried,Permanent,M,61,Tier2,174,1,Credit_Card,173604.19,266840.25,0.617,0.2432,0,,,537.4,1,3,12,2,6357.09,41003.09,18045.96,31,12,0,0,0,18
C03128,2026-01-26,Meru,Salaried,Permanent,M,61,Tier1,371,1,Personal_Loan,310206.57,,,0.1523,12,335971.92,0.9233,630.1,1,0,19,3,20879.2,143531.49,170483.02,31,4,0,0,0,16
C03129,2026-01-26,Kisumu,Salaried,Permanent,F,43,Tier2,403,1,Personal_Loan,446270.53,,,0.2515,36,559762.06,0.7973,768.2,1,1,7,2,28744.53,116041.86,66344.87,31,13,1,0,0,32
C03130,2026-01-26,Kisumu,SME_Services,Micro_Enterprise,F,56,Tier2,462,1,Personal_Loan,247545.75,,,0.2105,18,234788.46,1.0543,636.5,1,2,0,0,37694.24,100653.71,106867.83,16,2,4,0,0,23
C03132,2026-01-26,Nakuru,Transport,Self_Employed,M,41,Tier2,510,1,Overdraft,257592.12,279538.08,0.8942,0.2483,0,72314.53,3.5621,589.5,3,0,8,2,3324.66,22802.3,14174.0,20,5,0,0,0,24
C03133,2026-01-26,Nairobi,SME_Services,Micro_Enterprise,M,55,Tier2,450,0,SME_Loan,971640.51,,,0.1108,48,51735.62,5.0,613.3,2,0,0,0,9418.14,32158.04,33468.94,11,4,3,0,0,19
C03134,2026-01-26,Mombasa,Hospitality,Micro_Enterprise,F,24,Tier2,397,1,Personal_Loan,488486.57,,,0.1605,24,799783.74,0.6108,615.9,1,1,20,3,2407.35,18819.73,21609.49,20,2,0,0,0,30
C03138,2026-01-26,Uasin Gishu,Salaried,Permanent,M,42,Tier1,442,1,Personal_Loan,80892.31,,,0.2341,12,584433.18,0.1384,685.9,1,2,0,0,73185.94,280481.1,296706.0,32,9,0,0,0,27
C03146,2026-01-26,Nakuru,Salaried,Contract,M,45,Tier2,477,1,Credit_Card,114058.51,186685.6,0.6362,0.2638,0,,,676.4,1,0,0,0,8019.73,62274.53,57897.76,26,7,0,0,0,26
C03147,2026-01-26,Nakuru,Salaried,Contract,F,49,Tier2,402,1,Credit_Card,153534.66,262464.23,0.5342,0.2318,0,,,684.4,1,0,1,0,20116.12,124381.18,123610.01,27,4,1,0,0,8
C03151,2026-01-26,Nakuru,Salaried,Permanent,M,53,Tier2,402,1,Personal_Loan,405150.76,,,0.218,24,633618.42,0.6394,623.0,1,1,10,3,31668.69,147159.72,142368.83,34,9,0,0,0,14
C03153,2026-01-26,Uasin Gishu,SME_Trade,Self_Employed,F,29,Tier2,426,0,Credit_Card,0.0,43844.46,0.4505,0.1936,0,,,570.1,1,2,8,2,2294.75,11621.74,13190.61,21,5,2,1,0,20
C03157,2026-01-26,Nairobi,SME_Services,Self_Employed,M,55,Tier1,423,1,Overdraft,132194.28,273183.98,0.5943,0.1751,0,166604.31,0.7935,573.9,1,0,20,4,914.01,21390.99,11872.18,22,5,1,0,0,28
C03160,2026-01-26,Kiambu,SME_Services,Self_Employed,F,60,Tier2,412,0,Personal_Loan,309657.95,,,0.2447,24,310293.88,0.998,712.1,1,0,1,2,15157.39,76372.36,89566.43,11,3,0,0,0,33
C03161,2026-01-26,Kiambu,Construction,Micro_Enterprise,F,26,Tier1,336,0,SME_Loan,391627.74,,,0.1689,48,0.0,5.0,518.9,1,0,19,2,35979.8,109771.4,107863.95,21,2,0,0,0,5
C03163,2026-01-26,Uasin Gishu,Hospitality,Micro_Enterprise,F,28,Tier3,452,0,Overdraft,99622.97,167426.84,0.3538,0.3189,0,297174.57,0.3352,623.5,4,1,0,0,12100.42,131763.55,132259.19,29,3,1,0,0,12
C03165,2026-01-26,Nairobi,Other,Self_Employed,F,26,Tier2,400,1,Overdraft,140381.57,202504.3,0.7706,0.2492,0,82133.83,1.7092,644.5,1,0,4,2,0.0,126833.33,128689.97,14,1,0,0,0,11
C03167,2026-01-26,Nyeri,Transport,Self_Employed,M,54,Tier2,454,0,SME_Loan,425937.33,,,0.179,48,0.0,5.0,417.6,2,1,32,2,13326.19,145463.58,188862.36,30,1,2,0,0,190
C03168,2026-01-26,Meru,SME_Services,Micro_Enterprise,M,33,Tier2,451,0,SME_Loan,1652928.86,,,0.1573,12,148325.63,5.0,642.0,1,0,18,6,32419.42,128568.28,111121.22,29,0,1,0,0,21
C03169,2026-01-26,Mombasa,Other,Self_Employed,M,57,Tier1,434,0,Overdraft,310653.69,346634.91,0.8618,0.1905,0,205036.34,1.5151,715.7,1,0,1,2,2445.65,9860.02,11987.31,12,2,1,0,0,25
C03171,2026-01-26,Nairobi,Agribusiness,Micro_Enterprise,F,49,Tier3,461,1,SME_Loan,575653.99,,,0.241,36,0.0,5.0,655.4,3,0,2,1,4955.39,15741.4,17352.42,20,4,3,0,0,13
C03182,2026-01-26,Nairobi,SME_Services,Micro_Enterprise,M,29,Tier2,416,1,Personal_Loan,340920.0,,,0.1759,12,264139.55,1.2907,685.7,1,0,7,5,3567.33,19881.32,14078.72,16,3,2,0,0,29
C03183,2026-01-26,Kakamega,Salaried,Contract,M,54,Tier2,416,1,SME_Loan,568474.2,,,0.2049,24,0.0,5.0,662.3,1,1,0,2,9621.48,47414.2,25354.09,36,4,2,0,0,27
C03185,2026-01-26,Machakos,Construction,Self_Employed,M,49,Tier2,470,0,Personal_Loan,404263.82,,,0.2154,36,656384.56,0.6159,625.7,1,1,33,6,4228.31,19155.96,16404.8,12,2,0,0,0,17
C03186,2026-01-26,Machakos,SME_Services,Self_Employed,F,63,Tier2,271,1,Overdraft,230941.0,328258.46,0.7355,0.2959,0,216240.03,1.068,616.9,1,1,18,4,0.0,0.0,0.0,16,6,1,0,0,33
C03187,2026-01-26,Kisumu,Construction,Self_Employed,F,55,Tier1,282,0,Personal_Loan,248400.63,,,0.202,12,504303.89,0.4926,579.9,1,0,31,4,0.0,0.0,0.0,12,5,3,1,0,33
C03188,2026-01-26,Machakos,Other,Self_Employed,M,39,Tier3,470,0,Personal_Loan,337369.48,,,0.2224,18,210268.21,1.6045,634.0,1,1,4,4,13208.89,75226.94,64653.74,19,5,1,1,0,29
C03189,2026-01-26,Kakamega,Salaried,Contract,M,23,Tier2,323,1,SME_Loan,682302.76,,,0.2831,24,589151.74,1.1581,580.1,2,1,0,3,11572.07,88821.87,66369.87,30,5,2,0,0,28
C03190,2026-01-26,Nairobi,Agribusiness,Micro_Enterprise,F,58,Tier3,261,0,Personal_Loan,458073.25,,,0.2334,36,618130.74,0.7411,668.1,1,0,12,3,6790.55,80260.51,46556.53,22,4,1,0,0,34
C03192,2026-01-26,Mombasa,SME_Trade,Micro_Enterprise,F,51,Tier1,474,0,Personal_Loan,528921.98,,,0.2661,12,625045.76,0.8462,612.4,1,0,0,0,34900.4,150047.18,105437.02,19,5,0,0,0,23
C03195,2026-01-26,Meru,Salaried,Contract,M,54,Tier2,426,1,SME_Loan,498995.76,,,0.0757,24,453453.22,1.1004,666.3,2,0,0,1,9423.65,56065.31,56068.88,24,10,1,0,0,17
C03196,2026-01-26,Nairobi,SME_Services,Self_Employed,M,28,Tier3,344,0,Personal_Loan,289613.3,,,0.2445,18,162816.42,1.7788,672.3,3,0,25,2,88880.65,392372.52,284466.88,24,4,2,0,0,29
C03200,2026-01-26,Machakos,SME_Trade,Self_Employed,M,32,Tier2,367,0,Personal_Loan,636341.58,,,0.1807,24,16218.15,5.0,628.2,1,1,4,6,35825.43,115298.04,141399.37,25,9,0,0,0,31
C03201,2026-01-26,Nyeri,Construction,Self_Employed,F,62,Tier3,384,0,Personal_Loan,279284.59,,,0.1638,18,0.0,5.0,408.7,1,2,16,5,26550.8,133225.65,109565.42,20,4,1,1,0,185
C03202,2026-01-26,Nairobi,SME_Trade,Micro_Enterprise,M,62,Tier2,408,0,Personal_Loan,273115.67,,,0.1993,18,317545.25,0.8601,649.5,1,3,1,4,5707.56,46494.83,47741.3,17,6,0,0,0,14
C03203,2026-01-26,Nairobi,Salaried,Contract,F,55,Tier3,449,1,Personal_Loan,252874.52,,,0.2683,24,226906.82,1.1144,781.1,2,0,17,4,30612.69,181583.24,175209.45,43,6,0,0,0,34
C03204,2026-01-26,Nyeri,Other,Self_Employed,M,27,Tier1,460,0,Personal_Loan,341193.39,,,0.2694,24,0.0,5.0,567.2,1,0,0,0,775.48,26023.04,24024.62,19,5,1,0,0,5
C03206,2026-01-26,Nairobi,SME_Services,Micro_Enterprise,F,51,Tier2,443,0,Overdraft,194567.68,409001.22,0.4964,0.204,0,38050.34,5.0,486.2,1,0,41,6,14316.72,88869.61,98122.74,19,3,2,1,0,228
C03207,2026-01-26,Nyeri,Agribusiness,Micro_Enterprise,M,65,Tier2,458,0,SME_Loan,772752.66,,,0.1482,48,623935.62,1.2385,703.9,4,0,2,2,1392.06,26152.7,31805.97,11,6,1,0,0,14
C03208,2026-01-26,Kakamega,Salaried,Permanent,F,57,Tier1,439,1,SME_Loan,571824.04,,,0.1391,24,,,506.9,1,1,30,3,1601.75,35768.99,35984.92,25,2,1,0,0,30
C03211,2026-01-26,Kakamega,SME_Trade,Micro_Enterprise,F,64,Tier1,347,0,Credit_Card,0.0,266469.85,0.0052,0.2662,0,,,389.2,2,1,61,5,3586.17,33430.85,38923.95,21,3,1,0,0,124
C03214,2026-01-26,Meru,Salaried,Permanent,F,64,Tier1,218,1,SME_Loan,590812.24,,,0.2344,36,221556.68,2.6666,551.2,4,0,0,3,0.0,0.0,0.0,21,9,3,0,0,15
C03215,2026-01-26,Kiambu,Salaried,Contract,F,46,Tier2,435,1,Personal_Loan,197623.82,,,0.2626,36,654197.39,0.3021,609.5,3,0,0,1,1982.12,19872.55,5447.34,16,2,1,0,0,5
C03218,2026-01-26,Nakuru,Salaried,Permanent,F,40,Tier2,350,1,Overdraft,112313.82,400528.88,0.2783,0.2917,0,203368.48,0.5523,661.9,1,1,13,3,3596.09,91012.64,58046.2,32,6,2,0,0,30
C03221,2026-01-26,Kisumu,Agribusiness,Self_Employed,M,52,Tier2,472,0,SME_Loan,896378.26,,,0.179,36,57320.17,5.0,680.8,1,1,0,3,196.78,57617.77,40421.19,12,1,2,0,0,34
C03226,2026-01-26,Nairobi,Salaried,Permanent,F,55,Tier1,347,1,Overdraft,30164.2,283464.99,0.1038,0.2618,0,0.0,5.0,574.6,1,0,0,0,11210.61,126380.56,107070.16,34,5,1,0,0,5
C03227,2026-01-26,Machakos,Salaried,Permanent,M,47,Tier1,469,1,Credit_Card,38721.53,304134.9,0.1289,0.2448,0,,,673.3,1,0,10,5,1321.41,14424.38,13988.22,22,9,2,0,0,13
C03229,2026-01-26,Nairobi,Salaried,Permanent,M,54,Tier1,422,1,Personal_Loan,518075.18,,,0.2331,36,,,522.1,1,0,25,3,6815.49,28814.94,24902.53,18,4,2,1,0,189
C03230,2026-01-26,Machakos,Construction,Self_Employed,M,58,Tier2,378,0,SME_Loan,870658.55,,,0.1646,24,20202.31,5.0,632.0,2,1,0,0,16390.51,120906.06,112872.36,16,2,0,0,0,12
C03232,2026-01-26,Nairobi,Salaried,Permanent,F,30,Tier2,365,1,Personal_Loan,77726.97,,,0.2226,24,611801.16,0.127,545.7,1,1,38,4,23391.23,173596.01,169434.63,26,8,0,0,0,24
C03236,2026-01-26,Meru,Salaried,Contract,F,46,Tier2,395,1,Personal_Loan,251360.27,,,0.1843,12,578612.73,0.4344,704.3,1,0,3,2,12604.78,52524.12,65144.58,24,3,0,0,0,9
C03237,2026-01-26,Nyeri,Salaried,Permanent,M,37,Tier1,407,1,Personal_Loan,574817.15,,,0.29,12,142267.95,4.0404,663.6,1,1,0,0,15981.98,103538.2,80241.96,22,7,0,0,0,22
C03241,2026-01-26,Nairobi,Hospitality,Micro_Enterprise,F,30,Tier2,435,0,Personal_Loan,333148.3,,,0.2355,36,561378.44,0.5934,487.4,1,4,59,6,8992.86,39715.04,31860.31,18,7,0,0,0,228
C03242,2026-01-26,Kakamega,Salaried,Permanent,M,30,Tier2,373,1,Overdraft,171399.83,332476.52,0.5612,0.1911,0,0.0,5.0,670.5,2,1,0,2,493.9,36801.69,47374.78,25,4,1,0,0,31
C03246,2026-01-26,Nakuru,Transport,Micro_Enterprise,F,57,Tier3,451,0,SME_Loan,806833.73,,,0.2421,24,921171.68,0.8759,667.5,3,1,23,2,427.1,4797.32,6025.33,22,2,1,0,0,10
C03250,2026-01-26,Nairobi,SME_Services,Self_Employed,M,38,Tier2,459,0,Personal_Loan,93258.61,,,0.2428,12,965244.55,0.0966,638.5,1,1,0,2,21052.17,138768.45,125476.99,23,5,1,0,0,30
C03252,2026-01-26,Machakos,Salaried,Contract,M,54,Tier3,410,1,Overdraft,0.0,347914.97,0.0,0.2516,0,285391.03,0.05,597.3,1,1,0,0,23883.14,135314.56,116107.62,31,4,2,0,0,21
C03259,2026-01-26,Nyeri,Agribusiness,Self_Employed,M,46,Tier1,448,0,Overdraft,140937.83,133885.09,1.1478,0.257,0,0.0,5.0,526.8,1,0,56,3,0.0,49638.56,32981.95,18,4,0,0,0,32
C03263,2026-01-26,Nakuru,Construction,Micro_Enterprise,F,54,Tier2,497,0,SME_Loan,1227924.76,,,0.196,24,739065.86,1.6615,516.8,4,0,20,4,1902.99,22493.82,15735.22,22,3,2,0,0,26
C03265,2026-01-26,Mombasa,SME_Trade,Self_Employed,F,44,Tier1,446,1,Personal_Loan,203885.2,,,0.231,36,866685.47,0.2352,578.2,1,0,0,4,1004.19,9641.37,9986.75,13,1,2,0,0,23
C03266,2026-01-26,Nakuru,Salaried,Permanent,F,49,Tier2,487,1,Personal_Loan,377529.38,,,0.1731,12,178673.83,2.113,643.1,1,0,0,0,8582.37,111237.36,55728.35,34,6,0,0,0,34
C03269,2026-01-26,Nakuru,SME_Services,Self_Employed,M,27,Tier1,403,0,SME_Loan,794757.06,,,0.2387,36,765004.97,1.0389,652.5,1,0,2,2,7456.53,41806.12,31644.98,19,5,0,1,0,26
C03270,2026-01-26,Nairobi,Salaried,Permanent,F,65,Tier1,471,1,Personal_Loan,488967.83,,,0.2086,24,,,564.0,2,0,0,0,0.0,82283.03,72229.34,22,8,0,0,0,15
C03271,2026-01-26,Uasin Gishu,Salaried,Permanent,M,28,Tier3,420,1,Personal_Loan,212960.08,,,0.2208,24,497505.05,0.4281,580.5,1,1,0,0,15670.15,50687.43,50621.98,28,4,0,0,0,16
C03272,2026-01-26,Mombasa,SME_Trade,Micro_Enterprise,M,39,Tier2,371,0,SME_Loan,762601.51,,,0.1731,48,649532.55,1.1741,664.5,1,0,13,1,0.0,0.0,0.0,24,2,0,0,0,13
C03273,2026-01-26,Nyeri,Salaried,Permanent,M,50,Tier2,462,1,SME_Loan,565425.58,,,0.2466,24,490121.03,1.1536,615.0,3,1,0,0,16215.48,69062.56,78773.26,26,3,0,0,0,15
C03274,2026-01-26,Kisumu,Salaried,Permanent,M,39,Tier2,450,1,Personal_Loan,389891.8,,,0.227,12,376194.1,1.0364,542.4,2,1,7,4,2613.02,26247.79,28736.67,23,3,0,0,0,30
C03277,2026-01-26,Meru,Construction,Self_Employed,F,24,Tier1,478,0,Overdraft,155428.66,109024.8,1.5988,0.2868,0,87245.42,1.7815,529.8,4,2,21,6,12737.89,63967.17,56651.29,20,2,2,0,1,193
C03280,2026-01-26,Nairobi,SME_Trade,Self_Employed,F,53,Tier3,472,0,Personal_Loan,396274.13,,,0.2328,12,,,657.7,1,1,8,3,8953.24,150854.06,88414.57,16,2,2,0,0,6
C03281,2026-01-26,Kiambu,Salaried,Contract,F,24,Tier2,157,1,Personal_Loan,436069.43,,,0.2149,36,,,667.8,2,2,14,5,3701.68,94373.84,74576.89,18,4,2,0,0,23
C03282,2026-01-26,Nairobi,SME_Services,Micro_Enterprise,M,54,Tier2,463,0,Personal_Loan,136537.19,,,0.1824,12,377056.46,0.3621,522.3,1,0,9,6,17951.96,64917.21,49563.18,21,6,2,0,0,237
C03283,2026-01-26,Nairobi,Agribusiness,Self_Employed,F,64,Tier2,460,1,Personal_Loan,229526.25,,,0.2267,36,936577.32,0.2451,599.4,1,1,29,4,2978.28,13669.33,4338.3,21,4,0,0,0,25
C03285,2026-01-26,Kiambu,Salaried,Permanent,M,39,Tier3,393,1,Overdraft,51588.72,376806.5,0.1354,0.2555,0,,,523.0,1,1,20,2,0.0,62569.79,85115.74,37,3,2,0,0,26
C03286,2026-01-26,Nairobi,Construction,Self_Employed,F,42,Tier2,369,0,Personal_Loan,192644.22,,,0.2043,24,340229.8,0.5662,605.9,1,0,0,0,27472.65,78423.54,59977.18,15,4,2,0,0,22
C03288,2026-01-26,Nyeri,SME_Trade,Self_Employed,F,30,Tier1,494,1,Personal_Loan,342344.75,,,0.305,18,697746.42,0.4906,684.7,1,2,0,0,3299.12,42232.37,58962.84,14,5,1,1,1,183
C03289,2026-01-26,Nairobi,Agribusiness,Self_Employed,M,28,Tier2,204,0,Personal_Loan,259652.8,,,0.2274,12,778259.37,0.3336,523.5,3,0,5,2,13639.42,116467.1,94208.96,17,3,1,0,0,16
C03293,2026-01-26,Mombasa,Hospitality,Self_Employed,F,31,Tier2,405,0,Overdraft,43834.31,232989.09,0.15,0.249,0,0.0,5.0,722.8,1,2,12,1,2374.4,184903.64,181912.44,21,3,1,0,0,26
C03295,2026-01-26,Mombasa,Salaried,Contract,F,29,Tier2,505,1,Personal_Loan,173027.19,,,0.2404,24,810847.54,0.2134,582.5,1,1,16,3,2718.3,53868.93,40921.43,34,3,0,0,0,26
C03296,2026-01-26,Nakuru,Agribusiness,Self_Employed,M,56,Tier3,376,0,SME_Loan,319492.98,,,0.2293,48,545068.22,0.5862,569.2,3,0,8,6,0.0,0.0,0.0,14,7,1,0,0,10
C03297,2026-01-26,Machakos,SME_Services,Self_Employed,F,30,Tier2,435,0,Personal_Loan,451204.85,,,0.2087,24,481104.77,0.9379,521.6,1,1,31,5,2225.33,16218.79,5427.5,13,3,2,0,0,30
C03298,2026-01-26,Nakuru,SME_Trade,Self_Employed,M,61,Tier2,467,0,Overdraft,279978.49,114821.12,1.8,0.2548,0,40963.42,5.0,580.8,1,2,0,2,31.13,364.16,351.62,24,3,3,0,0,5
C03299,2026-01-26,Machakos,SME_Trade,Micro_Enterprise,F,45,Tier2,359,0,Overdraft,288726.63,380685.06,0.7442,0.1977,0,200352.85,1.4411,708.5,2,0,0,0,6067.08,154736.1,76408.15,12,5,1,0,0,23
C03300,2026-01-26,Kiambu,Agribusiness,Micro_Enterprise,M,57,Tier2,365,0,Personal_Loan,466395.4,,,0.1767,24,215758.78,2.1617,695.0,3,1,10,5,0.0,68371.69,97288.8,17,1,1,0,0,12
C03301,2026-01-26,Uasin Gishu,SME_Trade,Micro_Enterprise,F,49,Tier2,314,0,SME_Loan,689831.73,,,0.0731,36,354004.76,1.9487,510.9,3,0,14,2,760.03,14054.34,15007.07,19,7,1,0,0,28
C03305,2026-01-26,Machakos,Hospitality,Micro_Enterprise,M,26,Tier1,462,0,SME_Loan,716364.78,,,0.1678,24,893344.1,0.8019,578.9,4,0,17,4,0.0,55216.39,72974.74,14,3,3,0,0,16
C03306,2026-01-26,Nairobi,SME_Services,Self_Employed,F,32,Tier2,255,0,Personal_Loan,313900.36,,,0.239,18,998151.46,0.3145,605.6,2,0,0,0,4144.56,18129.79,17219.55,23,5,1,0,0,21
C03308,2026-01-26,Kiambu,Construction,Self_Employed,M,27,Tier2,451,0,Credit_Card,0.0,130366.87,0.2369,0.2663,0,,,648.9,1,3,3,2,2230.13,28975.8,28737.61,23,6,0,0,0,32
C03311,2026-01-26,Mombasa,Salaried,Permanent,F,44,Tier2,381,1,SME_Loan,911085.68,,,0.1473,24,,,656.4,2,1,25,2,78.28,96118.41,74557.23,18,5,2,0,0,21
C03312,2026-01-26,Nairobi,Agribusiness,Micro_Enterprise,F,39,Tier3,400,0,SME_Loan,1239788.61,,,0.2266,12,431107.2,2.8758,519.3,2,3,17,6,10141.84,59225.74,63094.56,24,5,0,0,0,20
C03314,2026-01-26,Nairobi,Transport,Micro_Enterprise,F,31,Tier3,457,1,SME_Loan,544868.09,,,0.1882,36,0.0,5.0,595.4,5,1,0,0,30894.9,121886.39,107714.45,21,4,0,0,0,19
C03316,2026-01-26,Mombasa,SME_Trade,Micro_Enterprise,M,59,Tier2,495,0,Credit_Card,319.6,114419.69,0.0,0.217,0,,,500.1,3,0,5,4,21756.53,65072.2,57622.47,16,4,0,0,0,24
C03320,2026-01-26,Machakos,SME_Services,Self_Employed,M,22,Tier2,444,0,Personal_Loan,900568.11,,,0.1979,18,680758.31,1.3229,675.3,1,3,0,2,8539.07,50244.49,67277.8,20,2,0,0,0,33
C03322,2026-01-26,Nyeri,Salaried,Contract,F,28,Tier3,394,1,SME_Loan,873875.95,,,0.1753,36,752800.86,1.1608,609.1,3,0,9,2,17236.57,160695.15,111773.79,34,6,1,0,0,21
C03326,2026-01-26,Nakuru,Other,Self_Employed,F,56,Tier1,358,0,Personal_Loan,292075.43,,,0.2305,12,419233.32,0.6967,734.0,2,0,3,0,620.13,21522.98,20024.34,16,5,2,0,0,22
C03327,2026-01-26,Nairobi,SME_Trade,Micro_Enterprise,M,28,Tier2,290,0,SME_Loan,788653.46,,,0.1502,48,335480.23,2.3508,619.1,2,0,3,4,5845.43,34515.02,19578.67,26,2,1,0,0,32
C03329,2026-01-26,Uasin Gishu,Salaried,Permanent,F,38,Tier1,429,1,Personal_Loan,424026.12,,,0.218,36,520107.54,0.8153,735.9,2,2,3,3,1005.72,36541.42,26994.24,17,4,1,0,0,20
C03331,2026-01-26,Uasin Gishu,Construction,Self_Employed,F,48,Tier2,408,0,Personal_Loan,420554.42,,,0.2548,18,199870.94,2.1041,588.9,2,1,17,2,3503.41,15086.23,17978.55,26,2,3,0,0,13
C03332,2026-01-26,Mombasa,Construction,Self_Employed,M,59,Tier1,375,0,Personal_Loan,332075.86,,,0.1896,12,198685.67,1.6714,505.2,1,2,22,5,2036.59,11877.95,11711.2,19,3,3,1,0,156
C03333,2026-01-26,Nakuru,Salaried,Permanent,F,32,Tier2,444,1,Credit_Card,0.0,235723.88,0.0063,0.3383,0,,,394.4,4,0,20,5,5939.13,77665.33,80594.18,23,9,1,0,0,10
C03334,2026-01-26,Nairobi,SME_Services,Self_Employed,F,59,Tier1,432,0,Overdraft,149753.85,267229.93,0.6283,0.2178,0,101336.36,1.4778,681.7,3,3,0,1,6730.61,35631.85,43541.01,13,3,1,0,0,20
C03339,2026-01-26,Nakuru,Salaried,Permanent,M,59,Tier2,465,1,SME_Loan,873411.25,,,0.1544,36,0.0,5.0,570.8,2,2,8,1,0.0,196194.47,240895.32,34,8,2,0,0,30
C03342,2026-01-26,Nairobi,Salaried,Permanent,M,34,Tier2,373,1,Credit_Card,0.0,253756.44,0.0211,0.2312,0,,,678.3,1,0,0,0,1737.01,99951.83,122717.42,20,2,2,0,0,17
C03344,2026-01-26,Kisumu,SME_Trade,Self_Employed,F,48,Tier2,394,1,SME_Loan,816095.34,,,0.2292,36,22967.39,5.0,489.3,2,0,58,3,25865.4,152644.89,229869.53,15,1,2,0,0,163
C03346,2026-01-26,Machakos,SME_Trade,Self_Employed,M,55,Tier2,431,0,SME_Loan,0.0,,,0.2072,12,468810.14,0.05,660.1,3,1,0,0,2029.6,13317.14,10393.97,17,8,2,0,0,14
C03352,2026-01-26,Nairobi,SME_Trade,Self_Employed,F,63,Tier2,500,1,Personal_Loan,401908.15,,,0.21,12,114251.21,3.5178,724.7,1,4,0,0,7487.52,47390.03,32579.16,16,4,0,0,0,26
C03353,2026-01-26,Nairobi,SME_Trade,Micro_Enterprise,F,25,Tier2,320,1,Overdraft,0.0,202236.77,0.1065,0.1973,0,31079.16,0.05,670.2,1,1,22,6,18318.66,119690.99,159676.63,17,3,1,0,0,34
C03355,2026-01-26,Kiambu,SME_Services,Self_Employed,M,64,Tier1,397,0,Personal_Loan,424017.46,,,0.2732,12,336803.16,1.2589,389.8,2,1,53,5,350.48,84296.68,46496.8,14,7,1,1,0,222
C03356,2026-01-26,Kisumu,SME_Services,Self_Employed,F,40,Tier1,368,0,Overdraft,127105.31,154940.76,0.7756,0.2934,0,,,686.8,2,1,0,2,16047.6,115957.92,102908.7,19,1,0,0,0,32
C03359,2026-01-26,Nairobi,Salaried,Permanent,M,29,Tier3,470,1,Personal_Loan,193149.12,,,0.2302,36,637992.3,0.3027,631.4,1,1,12,2,12107.7,84289.8,56099.56,28,15,0,0,0,13
C03363,2026-01-26,Kiambu,Agribusiness,Self_Employed,M,23,Tier2,383,0,SME_Loan,0.0,,,0.1749,48,535889.32,0.05,584.2,3,1,0,3,23790.18,86861.13,88419.51,17,7,0,0,0,32
C03364,2026-01-26,Nairobi,Salaried,Permanent,M,57,Tier2,467,1,Personal_Loan,407046.95,,,0.218,36,62414.69,5.0,707.8,1,0,18,6,0.0,0.0,0.0,29,2,0,0,0,25
C03365,2026-01-26,Nairobi,SME_Services,Micro_Enterprise,F,28,Tier1,441,0,Personal_Loan,71842.39,,,0.1995,24,179211.84,0.4009,627.2,1,2,0,0,9228.07,31314.58,22370.08,19,4,2,0,0,7
C03366,2026-01-26,Uasin Gishu,Salaried,Permanent,M,54,Tier1,488,1,SME_Loan,674488.78,,,0.2672,36,554572.72,1.2162,660.1,2,0,6,3,16943.55,69929.58,55219.22,26,4,1,0,0,33
C03369,2026-01-26,Nairobi,Salaried,Permanent,F,40,Tier2,396,1,SME_Loan,364991.68,,,0.1992,36,736315.02,0.4957,535.5,2,1,22,6,3925.15,25745.49,16635.99,14,4,1,0,0,27
C03370,2026-01-26,Kiambu,Salaried,Permanent,M,26,Tier2,418,1,Personal_Loan,127592.23,,,0.1785,36,63109.91,2.0217,622.9,2,0,0,0,5787.64,73728.82,53363.36,25,8,1,0,0,12
C03371,2026-01-26,Kakamega,SME_Trade,Micro_Enterprise,M,65,Tier2,405,0,Personal_Loan,157569.08,,,0.1914,24,718326.1,0.2194,717.7,2,1,4,2,20024.45,111941.06,147599.29,24,4,3,0,0,24
C03377,2026-01-26,Mombasa,Salaried,Permanent,F,43,Tier1,483,1,Overdraft,87770.83,281117.63,0.3595,0.2257,0,,,617.3,1,1,0,0,0.0,121077.37,111773.1,17,12,2,0,0,11
C03379,2026-01-26,Kisumu,Salaried,Permanent,M,59,Tier2,464,1,Personal_Loan,438211.5,,,0.2209,12,153138.37,2.8615,617.9,1,3,0,3,10416.04,98451.9,62287.01,31,3,0,0,0,173
C03381,2026-01-26,Nakuru,SME_Trade,Micro_Enterprise,F,58,Tier2,468,0,Personal_Loan,243063.6,,,0.2319,18,537042.2,0.4526,635.0,1,0,17,5,3172.52,23115.71,24023.84,18,5,3,1,0,13
C03382,2026-01-26,Nakuru,Salaried,Permanent,F,56,Tier3,428,1,Personal_Loan,99325.93,,,0.2769,36,102027.6,0.9735,617.3,1,0,0,1,3833.29,54074.3,52021.32,30,6,0,0,0,33
C03384,2026-01-26,Uasin Gishu,Transport,Micro_Enterprise,M,62,Tier2,462,0,Personal_Loan,40084.16,,,0.2644,18,302987.0,0.1323,572.2,2,0,0,0,3442.37,29023.65,35956.48,20,6,1,0,0,25
C03386,2026-01-26,Kisumu,SME_Trade,Micro_Enterprise,M,32,Tier2,385,1,Overdraft,64893.84,196485.16,0.2059,0.2485,0,90039.51,0.7207,723.8,1,1,6,1,1273.79,17174.66,13465.88,22,6,1,0,0,7
C03387,2026-01-26,Nairobi,SME_Trade,Micro_Enterprise,F,55,Tier3,472,1,SME_Loan,366683.76,,,0.1074,36,601555.38,0.6096,716.8,2,1,1,2,0.0,125049.42,141988.2,19,1,0,0,0,13
C03392,2026-01-26,Nyeri,SME_Services,Self_Employed,M,44,Tier3,397,0,SME_Loan,1007294.9,,,0.2124,24,626826.52,1.607,536.8,1,0,18,4,7750.3,40437.08,18150.65,23,2,1,0,0,29
C03393,2026-01-26,Nairobi,Construction,Self_Employed,F,56,Tier2,488,1,Personal_Loan,432742.75,,,0.2892,36,600466.48,0.7207,528.7,1,2,3,6,4144.76,54014.94,62525.69,18,4,0,0,0,21
C03394,2026-01-26,Mombasa,Salaried,Permanent,M,29,Tier2,454,1,SME_Loan,635323.25,,,0.2299,12,982724.69,0.6465,550.7,3,1,18,2,512.25,44101.94,41063.11,26,5,0,0,0,25
C03397,2026-01-26,Kiambu,SME_Trade,Self_Employed,M,41,Tier2,437,0,Overdraft,0.0,50000.0,0.0,0.3214,0,129701.54,0.05,571.7,2,3,0,0,5002.42,53150.11,31187.87,16,6,2,0,0,23
C03402,2026-01-26,Nyeri,Construction,Micro_Enterprise,F,62,Tier3,419,0,Personal_Loan,417530.02,,,0.1804,12,567290.98,0.736,730.1,1,2,12,6,14353.05,62220.91,60329.1,26,4,1,0,0,25
C03410,2026-01-26,Kisumu,Other,Micro_Enterprise,F,42,Tier2,305,0,Personal_Loan,389941.93,,,0.2674,36,788255.75,0.4947,657.3,1,2,16,2,1411.02,43973.95,55007.64,16,3,3,0,0,13
C03413,2026-01-26,Nyeri,Salaried,Contract,F,30,Tier2,404,1,SME_Loan,739609.7,,,0.1835,36,,,668.6,1,1,0,2,22380.83,88394.24,125890.62,29,1,1,0,1,157
C03414,2026-01-26,Kakamega,Agribusiness,Micro_Enterprise,F,25,Tier1,404,0,Credit_Card,158518.0,170590.02,1.0099,0.3365,0,,,658.5,1,0,0,2,4724.1,51849.3,44474.51,18,5,3,1,0,232
C03416,2026-01-26,Kiambu,Salaried,Permanent,M,39,Tier2,416,1,SME_Loan,567023.69,,,0.1443,24,,,676.4,3,2,0,2,0.0,90171.99,41097.3,30,11,1,1,0,160
C03417,2026-01-26,Kisumu,SME_Trade,Micro_Enterprise,F,48,Tier3,336,0,Credit_Card,286809.62,388676.85,0.6893,0.3014,0,,,618.3,3,1,15,5,5271.97,20761.19,18057.85,25,4,1,0,0,9
C03419,2026-01-26,Uasin Gishu,Salaried,Permanent,F,25,Tier3,396,1,Overdraft,44672.33,325322.68,0.0714,0.2016,0,271122.35,0.1648,629.5,1,0,13,6,0.0,0.0,0.0,35,3,1,0,0,5
C03424,2026-01-26,Nairobi,SME_Services,Self_Employed,F,38,Tier2,397,0,Personal_Loan,172355.38,,,0.2195,24,507688.72,0.3395,629.1,2,1,0,0,1103.39,57016.97,58407.55,19,7,3,0,0,34
C03425,2026-01-26,Nairobi,Hospitality,Self_Employed,F,48,Tier3,424,0,Personal_Loan,291532.53,,,0.231,12,484049.43,0.6023,611.7,1,1,0,5,3968.81,88696.82,81172.96,15,4,0,0,0,28
C03427,2026-01-26,Machakos,SME_Trade,Micro_Enterprise,F,42,Tier2,471,0,Personal_Loan,283832.61,,,0.1882,12,0.0,5.0,674.6,1,2,2,5,49592.39,225478.97,142592.45,28,7,1,0,1,190
C03429,2026-01-26,Machakos,Salaried,Permanent,M,56,Tier2,282,1,Personal_Loan,206895.14,,,0.2879,12,664401.45,0.3114,421.8,1,0,20,4,0.0,85390.12,65566.02,31,7,0,0,0,34
C03431,2026-01-26,Nairobi,Salaried,Permanent,M,32,Tier2,428,1,Personal_Loan,389394.28,,,0.1446,36,505226.28,0.7707,523.2,1,0,0,0,4915.21,48881.09,38535.26,17,6,2,0,0,31
C03433,2026-01-26,Machakos,Hospitality,Self_Employed,F,30,Tier1,402,0,Personal_Loan,296953.13,,,0.2185,18,642769.77,0.462,674.9,1,1,0,0,10035.29,102586.34,78405.07,23,4,1,0,0,32
C03435,2026-01-26,Nairobi,SME_Services,Self_Employed,F,31,Tier3,380,0,Credit_Card,59248.26,277229.77,0.2444,0.26,0,,,643.3,2,1,1,1,17790.18,84605.93,103184.09,28,3,2,0,0,13
C03437,2026-01-26,Machakos,Salaried,Contract,F,34,Tier3,461,1,SME_Loan,155585.98,,,0.1636,12,104266.89,1.4922,525.0,3,1,8,6,9565.34,98492.88,122941.24,30,5,0,0,0,7
C03439,2026-01-26,Nairobi,Salaried,Permanent,M,63,Tier2,427,1,Personal_Loan,466442.27,,,0.1364,18,628566.88,0.7421,675.0,1,0,0,0,2035.42,19884.64,20899.87,22,1,0,0,0,14
C03440,2026-01-26,Meru,Salaried,Contract,M,58,Tier2,191,1,Personal_Loan,195820.15,,,0.2338,36,583919.75,0.3354,665.7,1,0,3,5,0.0,95474.57,54961.14,25,7,0,0,0,16
C03441,2026-01-26,Nakuru,SME_Services,Self_Employed,M,63,Tier3,450,0,SME_Loan,320484.21,,,0.2821,24,282715.09,1.1336,576.6,2,2,0,2,6037.72,51480.69,38563.12,22,6,2,0,0,16
C03442,2026-01-26,Mombasa,Salaried,Permanent,M,22,Tier2,474,1,Overdraft,256578.67,172562.41,1.3802,0.2381,0,106961.98,2.3988,497.6,3,0,23,4,28859.02,85788.14,88486.93,32,10,2,0,0,20
C03443,2026-01-26,Nairobi,Salaried,Permanent,F,41,Tier2,407,1,Credit_Card,1618.48,260774.73,0.0,0.3194,0,,,646.6,3,0,0,2,0.0,0.0,0.0,33,7,0,0,0,8
C03449,2026-01-26,Nairobi,SME_Trade,Micro_Enterprise,M,48,Tier2,434,0,Personal_Loan,446462.74,,,0.2148,36,172222.3,2.5924,585.5,1,1,2,6,19073.05,70216.53,50919.87,16,6,4,0,0,10
C03450,2026-01-26,Nairobi,Agribusiness,Self_Employed,M,43,Tier2,449,0,Personal_Loan,373724.6,,,0.297,18,603887.51,0.6189,571.7,1,2,29,2,8773.44,47341.18,31449.02,9,4,1,1,1,234
C03452,2026-01-26,Nakuru,Agribusiness,Micro_Enterprise,F,23,Tier2,427,1,Overdraft,20620.18,203789.52,0.1417,0.2193,0,186773.32,0.1104,640.5,2,4,0,0,12560.92,89624.8,29122.77,27,5,2,0,0,19
C03454,2026-01-26,Mombasa,Construction,Micro_Enterprise,F,36,Tier2,405,1,SME_Loan,355148.99,,,0.3132,36,487874.41,0.728,587.4,1,0,18,4,18652.51,159510.96,162754.88,17,4,2,1,0,31
C03457,2026-01-26,Nairobi,SME_Trade,Micro_Enterprise,F,54,Tier1,254,0,Overdraft,35139.97,212371.02,0.2044,0.2399,0,14935.29,2.3528,711.5,1,3,6,2,58692.72,177589.11,141024.72,15,5,0,0,0,25
C03461,2026-01-26,Kiambu,Transport,Micro_Enterprise,F,39,Tier2,449,1,Overdraft,240427.26,149973.88,1.5701,0.2611,0,240096.99,1.0014,689.2,1,1,14,4,301.36,115524.19,117684.44,23,3,1,0,0,21
C03467,2026-01-26,Nairobi,SME_Trade,Self_Employed,F,45,Tier3,443,0,Personal_Loan,402622.86,,,0.2691,18,122869.35,3.2768,647.1,1,1,29,4,1517.73,6841.26,4816.69,25,6,4,0,0,24
C03468,2026-01-26,Nairobi,Salaried,Contract,F,32,Tier2,362,1,SME_Loan,1068291.92,,,0.2281,24,0.0,5.0,603.8,1,2,7,5,25325.62,96738.65,97282.02,24,3,0,1,0,17
C03469,2026-01-26,Nakuru,Other,Self_Employed,F,44,Tier3,416,0,Overdraft,113021.47,236795.43,0.5384,0.2491,0,0.0,5.0,403.7,1,1,68,1,7810.75,29168.24,45233.18,22,8,2,1,1,172
C03472,2026-01-26,Nakuru,SME_Trade,Self_Employed,M,54,Tier1,289,1,Overdraft,11413.0,298300.41,0.0256,0.2578,0,88621.36,0.1288,634.2,1,1,0,0,48849.22,239064.7,211873.3,16,5,0,0,0,17
C03473,2026-01-26,Kiambu,Agribusiness,Micro_Enterprise,F,54,Tier2,395,0,Personal_Loan,658679.67,,,0.2634,12,750235.94,0.878,564.3,1,1,7,1,35704.09,103745.6,116654.47,17,2,1,0,0,21
C03475,2026-01-26,Nakuru,Salaried,Contract,M,34,Tier2,462,1,Overdraft,11024.62,317883.91,0.1749,0.184,0,0.0,5.0,634.8,1,1,0,2,12585.96,181142.82,51587.85,18,3,2,0,0,17
C03479,2026-01-26,Nairobi,Construction,Micro_Enterprise,F,39,Tier2,463,1,SME_Loan,811450.51,,,0.1726,24,,,732.2,2,1,0,0,2138.46,7684.59,8374.1,12,5,2,0,0,12
C03481,2026-01-26,Nairobi,SME_Trade,Self_Employed,M,56,Tier2,234,0,SME_Loan,308990.74,,,0.1173,24,147773.18,2.091,531.4,1,0,16,2,3571.89,29249.87,19942.4,18,8,0,0,0,20
C03482,2026-01-26,Nakuru,Hospitality,Self_Employed,M,32,Tier2,389,0,SME_Loan,734946.53,,,0.1858,24,564982.42,1.3008,663.1,4,0,0,0,2152.58,10725.42,9059.2,22,6,0,0,0,24
C03483,2026-01-26,Mombasa,Salaried,Permanent,F,56,Tier2,403,1,SME_Loan,480530.17,,,0.1611,48,0.0,5.0,659.9,1,0,9,6,3025.45,22104.3,20243.06,23,5,1,0,0,27
C03485,2026-01-26,Machakos,Hospitality,Micro_Enterprise,M,39,Tier3,343,0,SME_Loan,427587.89,,,0.1491,48,656947.01,0.6509,648.7,2,2,0,0,15248.53,129390.01,152377.45,30,8,2,0,0,26
C03488,2026-01-26,Mombasa,Salaried,Contract,F,64,Tier1,368,1,Personal_Loan,167731.89,,,0.2734,24,345814.78,0.485,670.1,1,1,12,5,14642.82,187721.33,137480.67,25,6,3,0,0,6
C03493,2026-01-26,Nairobi,SME_Trade,Micro_Enterprise,F,37,Tier2,378,0,Credit_Card,51720.77,244619.23,0.1933,0.1909,0,,,595.9,1,2,0,2,3281.02,123857.08,138410.84,10,5,2,0,0,24
C03495,2026-01-26,Nakuru,Construction,Self_Employed,M,62,Tier2,416,0,Personal_Loan,16908.48,,,0.1931,18,525674.32,0.05,677.8,1,1,0,1,14102.14,42974.77,46716.83,18,6,1,0,0,25
C03499,2026-01-26,Machakos,SME_Trade,Self_Employed,F,26,Tier2,449,1,Personal_Loan,272704.3,,,0.1926,12,72940.3,3.7387,524.8,3,1,27,5,0.0,2110.93,2392.59,10,3,1,0,0,33
C03500,2026-01-26,Nakuru,SME_Trade,Self_Employed,M,41,Tier1,124,0,Personal_Loan,489372.21,,,0.1909,12,406443.39,1.204,567.3,1,2,2,1,20911.64,82963.6,55720.41,18,5,1,0,0,20
C00002,2026-02-25,Nairobi,SME_Trade,Self_Employed,F,55,Tier2,474,0,Overdraft,107986.03,80872.9,1.1487,0.2368,0,76021.0,1.4205,537.9,2,0,20,3,6342.09,39594.77,13452.45,21,1,1,0,0,23
C00003,2026-02-25,Nairobi,Transport,Micro_Enterprise,M,50,Tier2,428,0,Personal_Loan,497070.29,,,0.1931,12,630402.25,0.7885,633.8,1,1,0,3,6162.7,31779.62,19809.25,17,3,2,0,0,26
C00004,2026-02-25,Machakos,Transport,Self_Employed,M,40,Tier2,453,0,Personal_Loan,296287.41,,,0.1815,24,491315.12,0.603,550.1,1,1,14,6,3837.56,16762.35,14693.13,26,5,1,1,0,139
C00006,2026-02-25,Meru,Salaried,Contract,M,59,Tier2,340,1,Personal_Loan,520308.06,,,0.2576,36,457250.79,1.1379,669.0,1,2,24,3,2923.5,35002.43,25836.94,22,7,0,0,1,226
C00012,2026-02-25,Uasin Gishu,Salaried,Permanent,F,64,Tier3,214,1,Personal_Loan,635242.49,,,0.1974,18,708077.13,0.8971,573.6,3,0,25,4,24130.25,81255.54,55171.05,27,8,1,0,0,182
C00014,2026-02-25,Kakamega,SME_Services,Self_Employed,F,55,Tier2,461,0,Overdraft,19846.79,441191.3,0.1148,0.2288,0,234591.08,0.0846,626.0,1,1,0,0,0.0,75386.48,37723.24,17,4,1,0,0,28
C00015,2026-02-25,Mombasa,SME_Trade,Micro_Enterprise,F,53,Tier2,476,0,Personal_Loan,332174.13,,,0.2419,24,475411.73,0.6987,421.6,2,0,35,6,7875.65,66150.64,91375.83,15,3,1,1,0,175
C00018,2026-02-25,Meru,Other,Self_Employed,F,26,Tier3,472,1,SME_Loan,764368.05,,,0.1398,24,687159.8,1.1124,580.5,2,1,0,1,11598.27,54127.23,30453.63,24,4,4,1,0,30
C00019,2026-02-25,Kakamega,SME_Services,Self_Employed,F,58,Tier2,489,0,Overdraft,92609.8,432465.15,0.1399,0.339,0,146491.83,0.6322,639.4,1,0,0,0,6048.01,37084.3,20810.86,17,4,0,0,0,19
C00020,2026-02-25,Nakuru,Salaried,Permanent,M,41,Tier2,420,1,SME_Loan,930364.13,,,0.2394,36,821068.62,1.1331,610.8,1,1,0,0,0.0,0.0,0.0,32,1,1,0,0,25
C00021,2026-02-25,Nyeri,Salaried,Contract,M,43,Tier3,425,1,Overdraft,72490.09,154856.59,0.4257,0.2528,0,106801.12,0.6787,574.6,3,0,19,4,28097.47,82887.01,82669.32,36,5,1,0,0,28
C00022,2026-02-25,Meru,Other,Self_Employed,M,37,Tier1,423,0,Personal_Loan,425243.06,,,0.2514,36,37837.1,5.0,420.7,1,2,40,2,4029.74,20713.88,20270.82,12,3,0,0,0,31
C00024,2026-02-25,Meru,Agribusiness,Self_Employed,M,62,Tier1,460,0,SME_Loan,625496.32,,,0.1854,36,0.0,5.0,528.7,4,1,8,5,0.0,0.0,0.0,21,6,1,0,0,16
C00027,2026-02-25,Nakuru,SME_Trade,Micro_Enterprise,M,39,Tier1,490,0,Personal_Loan,344624.26,,,0.2543,24,477915.19,0.7211,606.3,1,2,2,4,8524.66,25808.04,18532.19,15,6,1,0,0,172
C00028,2026-02-25,Kiambu,Transport,Micro_Enterprise,F,58,Tier3,372,0,Personal_Loan,253239.3,,,0.2702,18,558438.36,0.4535,670.5,1,0,0,5,11932.33,61975.54,47257.29,24,4,1,0,1,164
C00031,2026-02-25,Nyeri,SME_Services,Self_Employed,F,41,Tier1,488,0,Personal_Loan,174570.66,,,0.1491,12,691138.36,0.2526,541.9,1,0,19,3,17813.89,74211.75,76143.47,23,4,1,0,0,21
C00034,2026-02-25,Mombasa,Salaried,Permanent,F,45,Tier1,445,1,Personal_Loan,95915.27,,,0.2813,18,89169.86,1.0756,502.2,1,0,0,0,31474.86,141786.8,102827.56,31,5,2,0,0,33
C00040,2026-02-25,Uasin Gishu,Transport,Self_Employed,F,49,Tier2,367,0,Overdraft,229492.04,338531.43,0.6329,0.1517,0,150807.07,1.5218,532.0,1,2,25,4,2357.68,16813.94,8841.68,17,5,0,0,0,14
C00048,2026-02-25,Nairobi,SME_Services,Self_Employed,F,61,Tier2,450,0,Personal_Loan,166025.22,,,0.1884,36,245338.4,0.6767,622.0,1,3,4,6,8580.96,67247.56,37011.9,18,2,0,0,0,34
C00049,2026-02-25,Nairobi,Salaried,Permanent,M,51,Tier1,334,1,Overdraft,120745.57,448086.56,0.2597,0.2235,0,239380.54,0.5044,731.0,1,2,2,3,1303.64,151878.83,143686.11,27,6,1,0,0,20
C00050,2026-02-25,Nairobi,SME_Trade,Self_Employed,M,56,Tier3,205,0,Personal_Loan,326436.77,,,0.2446,18,449646.31,0.726,628.5,2,1,0,0,10546.33,80807.92,93110.05,25,4,0,0,0,34
C00051,2026-02-25,Nakuru,Salaried,Permanent,M,55,Tier2,463,1,SME_Loan,490853.67,,,0.1605,24,321113.46,1.5286,502.1,2,1,66,6,5038.18,27338.59,28136.28,34,10,1,1,0,186
C00054,2026-02-25,Mombasa,Salaried,Permanent,M,42,Tier3,396,1,Personal_Loan,467309.63,,,0.2523,18,355718.16,1.3137,679.7,1,1,0,0,10233.11,90798.07,88460.45,29,6,1,0,0,25
C00055,2026-02-25,Nairobi,Transport,Micro_Enterprise,M,43,Tier2,465,0,Personal_Loan,324313.75,,,0.2398,12,451108.82,0.7189,715.9,1,2,0,0,4613.5,15091.84,16775.11,16,4,4,0,0,33
C00058,2026-02-25,Nairobi,Transport,Micro_Enterprise,F,27,Tier1,487,0,Credit_Card,35867.56,170536.53,0.3177,0.2509,0,,,567.9,1,0,29,3,4114.44,67221.41,39832.01,18,2,1,0,0,31
C00059,2026-02-25,Nairobi,Construction,Micro_Enterprise,F,54,Tier1,440,0,Overdraft,232613.07,116761.09,1.5739,0.1733,0,174151.06,1.3357,634.0,1,2,13,3,10611.26,45533.34,40879.13,15,4,0,0,0,13
C00060,2026-02-25,Nairobi,Construction,Self_Employed,F,51,Tier1,431,0,Overdraft,225366.9,462665.36,0.3931,0.1383,0,214728.33,1.0495,633.4,2,0,10,4,8291.61,40959.4,49427.37,12,6,2,0,0,11
C00061,2026-02-25,Kisumu,Transport,Micro_Enterprise,F,62,Tier2,439,0,Overdraft,48710.29,221549.17,0.1929,0.1496,0,,,587.9,1,2,10,5,0.0,32615.39,27033.16,19,2,2,0,0,17
C00064,2026-02-25,Uasin Gishu,Other,Self_Employed,F,64,Tier3,447,0,SME_Loan,714178.08,,,0.1731,48,212119.15,3.3669,514.4,2,1,10,3,5816.05,23927.93,20684.18,30,4,1,1,1,237
C00067,2026-02-25,Nairobi,Construction,Micro_Enterprise,M,61,Tier2,424,0,SME_Loan,678709.55,,,0.2803,12,0.0,5.0,845.8,2,1,2,2,11251.93,64984.99,66480.29,13,5,0,0,1,32
C00068,2026-02-25,Kakamega,Transport,Self_Employed,M,37,Tier2,427,0,Personal_Loan,207246.67,,,0.2978,12,348879.24,0.594,696.7,2,1,6,1,6141.94,33156.16,42248.49,14,7,1,0,0,10
C00070,2026-02-25,Mombasa,Construction,Micro_Enterprise,M,42,Tier2,451,0,Personal_Loan,255630.83,,,0.1407,18,562815.56,0.4542,626.4,1,0,3,5,0.0,52363.8,32690.02,16,3,1,0,0,17
C00073,2026-02-25,Meru,SME_Services,Self_Employed,M,41,Tier2,477,0,SME_Loan,776966.34,,,0.092,24,539852.17,1.4392,661.3,5,1,0,0,8688.54,52717.97,44331.07,23,3,0,0,0,26
C00074,2026-02-25,Nairobi,Agribusiness,Self_Employed,M,26,Tier2,474,0,Personal_Loan,223499.76,,,0.2052,12,492831.28,0.4535,504.2,1,0,3,3,1749.68,16090.58,14384.23,16,5,1,0,0,22
C00076,2026-02-25,Nairobi,Construction,Self_Employed,F,42,Tier2,449,0,Personal_Loan,209131.16,,,0.2375,12,282378.68,0.7406,572.1,2,0,20,1,17069.93,148879.08,95543.34,10,3,1,0,0,8
C00077,2026-02-25,Uasin Gishu,Agribusiness,Self_Employed,M,35,Tier2,371,1,Personal_Loan,371013.89,,,0.212,24,806405.94,0.4601,676.4,1,2,36,5,2765.63,110413.45,96693.32,20,0,1,0,0,15
C00082,2026-02-25,Machakos,SME_Services,Micro_Enterprise,M,40,Tier2,428,0,Personal_Loan,214581.68,,,0.217,24,,,641.9,1,1,2,4,7253.09,51247.49,40710.5,16,7,0,0,0,8
C00083,2026-02-25,Nairobi,Salaried,Permanent,F,28,Tier3,489,1,SME_Loan,1103265.02,,,0.1537,24,,,497.9,2,1,17,3,515.24,4201.99,1255.61,24,10,1,0,0,5
C00085,2026-02-25,Mombasa,SME_Trade,Self_Employed,F,49,Tier1,473,1,Personal_Loan,204238.18,,,0.1748,12,138208.99,1.4777,592.1,1,0,0,0,6374.87,83679.82,84724.66,22,3,0,0,0,13
C00088,2026-02-25,Kiambu,Agribusiness,Self_Employed,F,35,Tier3,399,0,SME_Loan,569776.15,,,0.1734,12,662749.62,0.8597,603.7,3,0,7,3,876.48,11075.47,14964.76,26,7,1,0,0,16
C00089,2026-02-25,Meru,Salaried,Permanent,M,55,Tier3,454,1,Personal_Loan,440266.01,,,0.2228,18,1029352.25,0.4277,515.2,3,3,27,4,11950.95,103183.56,122922.66,27,8,0,0,0,18
C00092,2026-02-25,Nairobi,Salaried,Contract,M,57,Tier2,456,1,Personal_Loan,112404.11,,,0.2515,24,222968.55,0.5041,653.1,1,0,17,4,0.0,87911.0,87864.0,27,5,1,0,0,8
C00099,2026-02-25,Kiambu,Transport,Micro_Enterprise,F,49,Tier3,368,0,Overdraft,110196.67,122169.69,1.1658,0.2583,0,264500.29,0.4166,434.1,1,0,42,5,6125.28,73612.21,53077.75,27,5,1,0,0,121
C00100,2026-02-25,Nairobi,Other,Self_Employed,M,27,Tier3,527,1,Personal_Loan,622632.5,,,0.2165,18,390317.56,1.5952,607.1,1,0,16,1,4478.79,21895.91,21215.3,30,7,1,0,0,18
C00101,2026-02-25,Kakamega,SME_Trade,Micro_Enterprise,F,58,Tier2,482,1,Personal_Loan,194213.4,,,0.2526,12,266870.63,0.7277,689.0,3,0,0,1,4935.21,15175.49,15511.69,15,0,1,0,1,15
C00104,2026-02-25,Kiambu,SME_Services,Micro_Enterprise,M,21,Tier2,500,0,Personal_Loan,356800.5,,,0.2037,12,746523.54,0.4779,544.0,1,3,0,1,6574.14,68432.05,63180.88,17,5,1,0,0,16
C00105,2026-02-25,Kakamega,SME_Services,Self_Employed,M,56,Tier3,475,0,SME_Loan,560917.53,,,0.1305,24,,,619.8,2,1,0,0,42713.97,134416.69,138284.72,21,3,0,0,0,34
C00110,2026-02-25,Machakos,Salaried,Contract,F,52,Tier3,508,1,Credit_Card,91853.95,61483.83,0.549,0.2989,0,,,522.9,1,2,0,0,10877.5,50803.41,28491.3,20,3,0,0,0,11
C00113,2026-02-25,Nairobi,Construction,Self_Employed,M,46,Tier2,382,0,Credit_Card,69201.43,30000.0,1.8,0.334,0,,,653.6,1,1,0,0,3233.96,101827.06,46352.99,16,5,1,0,0,24
C00114,2026-02-25,Kakamega,SME_Services,Micro_Enterprise,M,41,Tier3,358,0,Personal_Loan,314487.51,,,0.2184,18,621285.57,0.5062,645.9,3,0,0,3,0.0,112281.22,75376.63,18,6,3,0,0,10
C00115,2026-02-25,Kakamega,Salaried,Contract,M,43,Tier2,281,1,SME_Loan,785679.2,,,0.1847,24,291339.51,2.6968,741.5,4,1,4,1,74.21,10163.94,14295.97,26,4,1,0,0,23
C00117,2026-02-25,Kisumu,Salaried,Contract,M,22,Tier2,331,1,Overdraft,236965.95,300115.67,0.6142,0.221,0,113654.53,2.085,652.4,3,0,0,2,3339.54,63012.82,33847.7,33,8,1,0,0,11
C00119,2026-02-25,Meru,SME_Trade,Self_Employed,M,32,Tier2,402,1,SME_Loan,884677.62,,,0.1779,12,373110.37,2.3711,599.9,3,0,1,5,0.0,0.0,0.0,22,3,1,0,0,25
C00120,2026-02-25,Mombasa,SME_Services,Self_Employed,M,26,Tier3,473,0,SME_Loan,730182.78,,,0.1944,36,630082.17,1.1589,569.2,4,0,0,3,18367.98,82771.84,75370.63,19,6,0,0,0,11
C00122,2026-02-25,Nyeri,Construction,Self_Employed,F,51,Tier3,374,1,Credit_Card,182798.52,198203.8,0.8575,0.3153,0,,,648.0,2,0,0,0,3152.03,10733.73,5129.05,20,4,0,0,0,22
C00123,2026-02-25,Nairobi,Salaried,Permanent,M,50,Tier1,439,1,Personal_Loan,258480.62,,,0.2624,36,,,558.6,1,0,0,0,20468.82,126312.38,150296.04,19,3,0,0,0,24
C00126,2026-02-25,Kiambu,Salaried,Permanent,M,46,Tier2,515,1,Personal_Loan,131170.82,,,0.2661,36,525008.09,0.2498,621.0,1,1,0,0,23338.17,126903.23,106393.1,21,7,1,0,0,9
C00127,2026-02-25,Nairobi,Construction,Self_Employed,F,24,Tier3,453,1,Overdraft,82077.96,50000.0,1.3692,0.2198,0,159407.93,0.5149,566.6,4,1,1,4,5297.67,35234.45,20407.62,17,3,1,0,0,23
C00128,2026-02-25,Kiambu,Agribusiness,Micro_Enterprise,F,55,Tier3,407,1,Personal_Loan,331628.7,,,0.1748,24,798592.69,0.4153,640.8,1,2,10,3,0.0,38710.52,42232.85,28,8,1,0,0,29
C00130,2026-02-25,Meru,SME_Trade,Self_Employed,M,49,Tier2,474,1,SME_Loan,495669.21,,,0.1777,48,607231.55,0.8163,682.8,3,2,0,0,4630.57,77599.08,49533.19,13,0,2,0,0,19
C00132,2026-02-25,Kiambu,Hospitality,Self_Employed,M,45,Tier2,411,0,SME_Loan,169908.4,,,0.0639,36,497510.54,0.3415,564.4,1,2,6,5,295.11,1829.17,1449.13,20,2,1,0,0,22
C00133,2026-02-25,Machakos,SME_Services,Micro_Enterprise,F,25,Tier2,393,0,Personal_Loan,464967.57,,,0.2332,12,184077.35,2.5259,503.2,1,0,29,4,12914.61,121556.86,75030.09,24,4,3,0,0,23
C00134,2026-02-25,Nairobi,Salaried,Permanent,M,46,Tier3,453,1,Personal_Loan,520108.59,,,0.231,12,380016.16,1.3686,601.1,1,0,12,5,0.0,146712.86,110353.49,28,9,0,0,0,31
C00135,2026-02-25,Nairobi,SME_Trade,Self_Employed,F,56,Tier2,526,0,Overdraft,248779.43,133757.25,1.7569,0.3198,0,226651.48,1.0976,552.8,1,0,0,3,21801.01,78358.53,39405.96,22,1,2,1,0,33
C00136,2026-02-25,Machakos,Salaried,Permanent,F,34,Tier2,412,1,Credit_Card,135576.81,142797.74,0.764,0.1632,0,,,637.1,1,1,17,2,2387.52,63202.91,28875.3,20,6,0,0,0,34
C00140,2026-02-25,Kakamega,Salaried,Permanent,F,40,Tier1,400,1,SME_Loan,1036968.91,,,0.1682,36,166869.28,5.0,472.0,3,1,31,2,21538.58,130808.27,82907.61,26,3,1,0,0,151
C00141,2026-02-25,Nakuru,Transport,Self_Employed,F,65,Tier2,384,1,Personal_Loan,340674.5,,,0.1762,24,56257.3,5.0,586.0,2,1,8,3,0.0,0.0,0.0,22,4,1,0,0,6
C00145,2026-02-25,Kisumu,SME_Trade,Self_Employed,F,65,Tier2,450,1,SME_Loan,477303.32,,,0.1616,24,0.0,5.0,707.4,3,0,0,0,1420.91,6623.08,7301.89,14,4,0,0,0,32
C00146,2026-02-25,Kisumu,Salaried,Permanent,F,59,Tier3,491,1,Personal_Loan,260332.31,,,0.2378,18,1043774.62,0.2494,610.3,1,0,0,0,2306.66,12384.38,10910.09,45,9,1,0,0,21
C00148,2026-02-25,Mombasa,Salaried,Permanent,F,31,Tier1,436,1,Personal_Loan,370198.28,,,0.2283,24,283863.23,1.3041,583.3,3,0,4,4,13013.64,57368.75,50021.09,27,11,1,0,0,19
C00149,2026-02-25,Kiambu,Salaried,Permanent,F,57,Tier1,447,1,Overdraft,148581.35,115137.88,0.9071,0.2102,0,70291.05,2.1138,509.5,1,0,34,4,16060.86,122882.81,78349.45,34,5,1,0,0,28
C00150,2026-02-25,Nairobi,Salaried,Permanent,F,23,Tier2,536,1,Overdraft,25356.73,390368.49,0.0,0.1755,0,30987.22,0.8183,635.8,1,0,0,3,124.78,760.69,468.68,36,7,3,0,0,22
C00151,2026-02-25,Kiambu,Salaried,Permanent,M,59,Tier1,473,1,Overdraft,82979.09,292229.29,0.2575,0.2356,0,52819.01,1.571,670.5,1,0,12,4,28278.27,128452.96,93190.18,27,4,1,0,0,34
C00153,2026-02-25,Mombasa,Transport,Micro_Enterprise,M,62,Tier3,367,0,Overdraft,220712.31,110665.57,1.8,0.2265,0,94727.5,2.33,585.9,3,1,10,4,1865.92,10644.16,9847.08,31,5,1,0,0,25
C00158,2026-02-25,Nairobi,Transport,Self_Employed,F,46,Tier1,449,0,SME_Loan,882392.28,,,0.227,36,0.0,5.0,586.5,2,0,0,0,14576.46,130803.12,161636.02,25,5,2,0,0,19
C00160,2026-02-25,Machakos,Salaried,Permanent,M,56,Tier2,540,1,SME_Loan,873037.21,,,0.2686,12,674363.14,1.2946,672.5,4,1,0,0,8520.42,21787.96,14952.36,22,6,0,0,0,19
C00161,2026-02-25,Nairobi,Salaried,Permanent,F,65,Tier3,430,1,Personal_Loan,277597.01,,,0.295,36,687934.31,0.4035,607.5,2,1,0,0,25195.13,72096.63,57427.76,35,7,0,0,0,25
C00164,2026-02-25,Nairobi,SME_Trade,Micro_Enterprise,M,39,Tier2,349,0,Personal_Loan,377856.95,,,0.1847,36,243180.96,1.5538,573.6,3,2,38,4,23497.49,191901.57,193898.88,16,9,3,0,0,18
C00166,2026-02-25,Kisumu,Salaried,Contract,F,57,Tier1,448,1,Overdraft,165884.88,127398.45,1.5832,0.2576,0,0.0,5.0,607.6,1,1,0,0,16121.89,98600.41,88394.51,25,8,2,0,0,15
C00167,2026-02-25,Nairobi,SME_Trade,Micro_Enterprise,M,35,Tier3,462,0,Credit_Card,57376.58,194714.61,0.3099,0.2754,0,,,421.8,1,1,16,3,4785.2,89905.35,89219.55,21,3,0,0,0,20
C00168,2026-02-25,Nyeri,Salaried,Permanent,M,28,Tier1,471,1,Personal_Loan,305051.44,,,0.2054,24,,,572.4,1,1,29,4,14637.07,71718.62,82599.09,19,4,1,1,0,27
C00170,2026-02-25,Mombasa,Agribusiness,Self_Employed,M,22,Tier3,425,0,Overdraft,66198.49,280139.8,0.2705,0.2874,0,0.0,5.0,589.6,2,0,8,1,1569.67,7019.71,5984.21,13,3,1,0,0,8
C00176,2026-02-25,Kiambu,SME_Trade,Self_Employed,F,41,Tier3,503,0,SME_Loan,601781.53,,,0.1226,36,465735.65,1.2921,511.0,2,0,9,5,8960.04,54710.12,31928.9,22,2,2,1,1,181
C00178,2026-02-25,Machakos,Other,Micro_Enterprise,M,28,Tier2,524,1,Credit_Card,121989.25,206250.6,0.7231,0.1786,0,,,598.9,1,0,17,6,1921.56,24744.17,25521.61,24,6,2,0,0,19
C00179,2026-02-25,Kakamega,Salaried,Contract,F,61,Tier2,460,1,Overdraft,0.0,58776.76,0.4245,0.2347,0,108497.41,0.05,533.4,2,0,14,4,60024.31,194098.86,195320.92,31,8,2,0,0,32
C00188,2026-02-25,Nairobi,Salaried,Permanent,M,38,Tier2,435,1,Personal_Loan,647014.44,,,0.2104,36,405105.02,1.5972,496.7,1,1,0,3,6684.79,35588.41,31867.72,25,3,0,0,0,6
C00189,2026-02-25,Nyeri,SME_Trade,Self_Employed,F,31,Tier2,467,0,Personal_Loan,258331.28,,,0.1885,36,617037.06,0.4187,577.7,1,0,0,0,2032.12,14274.14,15232.0,24,3,0,0,0,18
C00195,2026-02-25,Nyeri,Transport,Self_Employed,M,64,Tier1,445,0,Personal_Loan,416653.74,,,0.2533,12,125388.85,3.3229,582.7,1,1,7,5,1465.97,6871.75,5061.79,22,9,1,0,0,17
C00196,2026-02-25,Nairobi,Agribusiness,Self_Employed,M,24,Tier1,430,1,SME_Loan,1314397.49,,,0.2012,24,0.0,5.0,568.4,1,0,0,0,0.0,0.0,0.0,17,2,0,0,0,22
C00198,2026-02-25,Mombasa,Agribusiness,Micro_Enterprise,M,26,Tier2,489,0,Personal_Loan,53191.63,,,0.2369,24,103530.79,0.5138,530.9,1,1,18,6,35745.32,147239.14,143896.45,15,4,1,0,0,27
C00201,2026-02-25,Nairobi,Salaried,Permanent,M,37,Tier2,410,1,SME_Loan,711785.57,,,0.1804,36,0.0,5.0,608.0,1,1,21,4,11301.54,49186.3,49376.71,37,11,0,0,0,31
C00203,2026-02-25,Machakos,Salaried,Permanent,M,43,Tier2,501,1,Credit_Card,116495.15,129501.97,0.7354,0.2575,0,,,722.7,1,1,0,1,0.0,0.0,0.0,25,9,0,0,0,24
C00204,2026-02-25,Nairobi,Other,Micro_Enterprise,M,52,Tier1,368,1,SME_Loan,484528.64,,,0.2143,12,,,537.1,4,0,29,4,2601.21,32013.1,40797.16,17,5,1,0,0,8
C00205,2026-02-25,Kakamega,SME_Trade,Self_Employed,M,41,Tier2,498,0,SME_Loan,981208.45,,,0.2125,12,609455.09,1.61,547.2,2,0,1,1,0.0,0.0,0.0,12,3,3,1,1,175
C00208,2026-02-25,Kiambu,SME_Services,Self_Employed,F,64,Tier2,387,0,Personal_Loan,120670.4,,,0.25,12,,,636.2,2,1,4,4,4570.93,25496.71,26276.31,18,3,5,0,0,173
C00210,2026-02-25,Nairobi,SME_Services,Self_Employed,M,56,Tier1,510,0,Personal_Loan,199842.41,,,0.2206,18,0.0,5.0,656.5,2,1,10,2,5353.92,93003.21,121237.22,20,2,1,0,0,30
C00215,2026-02-25,Nairobi,Salaried,Contract,M,54,Tier2,173,1,Overdraft,23103.55,374127.27,0.0595,0.2161,0,0.0,5.0,602.8,1,1,24,2,2562.09,13708.32,9611.39,28,6,1,0,0,9
C00218,2026-02-25,Nairobi,Salaried,Permanent,M,25,Tier1,485,1,Personal_Loan,492571.82,,,0.2003,36,,,485.9,1,2,11,3,2116.82,65398.9,63681.94,30,2,1,0,0,19
C00221,2026-02-25,Uasin Gishu,Construction,Micro_Enterprise,F,26,Tier2,472,1,Overdraft,37321.22,262219.44,0.107,0.3229,0,,,541.3,1,1,14,2,20080.91,48578.66,57102.11,24,6,0,0,0,6
C00232,2026-02-25,Nairobi,SME_Services,Micro_Enterprise,F,59,Tier1,465,0,Personal_Loan,545029.15,,,0.2196,36,422056.47,1.2914,520.0,1,1,29,5,4941.07,15346.76,16091.04,19,6,1,0,0,24
C00234,2026-02-25,Mombasa,Transport,Micro_Enterprise,F,55,Tier1,422,1,Personal_Loan,298793.6,,,0.1668,36,0.0,5.0,652.6,3,3,0,5,6271.13,59595.55,12863.12,17,7,0,0,0,32
C00235,2026-02-25,Kakamega,SME_Services,Self_Employed,M,43,Tier2,417,0,Personal_Loan,268970.62,,,0.1388,18,,,648.1,2,1,0,0,1084.57,31436.72,21288.15,12,5,3,0,0,19
C00238,2026-02-25,Nairobi,Other,Self_Employed,M,40,Tier2,526,0,Personal_Loan,145302.49,,,0.2399,24,394644.77,0.3682,517.4,1,0,22,3,6907.68,54362.13,51489.75,23,2,1,1,0,27
C00241,2026-02-25,Mombasa,Construction,Self_Employed,F,27,Tier1,308,0,SME_Loan,454489.93,,,0.1874,36,452529.94,1.0043,634.2,2,2,1,2,3311.43,26694.82,17055.87,22,4,1,0,1,132
C00243,2026-02-25,Nairobi,Salaried,Permanent,F,25,Tier1,451,1,Personal_Loan,195914.38,,,0.256,18,,,746.7,1,0,0,1,6373.44,59051.32,50014.39,14,9,1,0,0,13
C00246,2026-02-25,Nairobi,Hospitality,Micro_Enterprise,M,24,Tier2,452,0,Personal_Loan,215052.15,,,0.2607,12,,,650.7,3,0,7,1,1465.35,17300.17,15939.18,25,3,0,0,0,5
C00249,2026-02-25,Nairobi,Other,Self_Employed,M,56,Tier2,477,0,Credit_Card,71916.11,286775.76,0.1251,0.2653,0,,,571.4,3,1,21,3,5995.68,19465.38,17756.27,19,4,2,1,0,25
C00251,2026-02-25,Nairobi,Construction,Micro_Enterprise,M,29,Tier2,512,0,SME_Loan,990320.16,,,0.3155,12,563356.51,1.7579,627.4,3,0,0,0,419.41,4648.1,3503.98,11,4,0,0,0,11
C00256,2026-02-25,Mombasa,Agribusiness,Self_Employed,M,27,Tier3,384,0,Credit_Card,182951.05,224178.39,0.7212,0.2773,0,,,650.4,1,1,3,2,5648.79,66292.91,52279.79,26,3,1,0,0,5
C00257,2026-02-25,Nairobi,Salaried,Permanent,M,51,Tier2,465,1,Overdraft,103617.01,395941.47,0.1811,0.2634,0,268508.73,0.3859,693.9,2,0,0,0,0.0,0.0,0.0,23,8,1,0,0,5
C00260,2026-02-25,Uasin Gishu,Salaried,Permanent,M,47,Tier2,515,1,Overdraft,0.0,199031.83,0.0,0.2557,0,99602.33,0.05,591.3,1,0,7,5,0.0,36522.62,41019.02,36,1,2,0,0,13
C00263,2026-02-25,Kisumu,Construction,Self_Employed,F,34,Tier2,505,1,SME_Loan,1085957.59,,,0.1689,36,,,642.6,3,4,0,3,6413.95,61195.66,80234.59,17,4,0,0,0,28
C00265,2026-02-25,Nairobi,Other,Self_Employed,F,65,Tier2,403,0,Personal_Loan,397661.33,,,0.2819,12,245681.27,1.6186,633.7,2,3,3,3,166.21,14512.19,9370.84,27,3,0,0,0,20
C00266,2026-02-25,Nyeri,Transport,Micro_Enterprise,M,47,Tier1,412,0,Personal_Loan,176694.96,,,0.1544,24,423890.9,0.4168,639.7,1,1,0,0,2433.76,20277.24,25925.26,12,5,1,1,0,12
C00270,2026-02-25,Nakuru,Transport,Self_Employed,F,47,Tier3,428,0,Overdraft,72846.46,129337.31,0.3126,0.308,0,46417.52,1.5694,625.5,3,2,21,3,3279.59,11501.09,4188.15,16,2,0,0,0,32
C00271,2026-02-25,Kisumu,Salaried,Permanent,M,34,Tier1,449,1,SME_Loan,717525.13,,,0.1418,36,305811.13,2.3463,593.0,3,0,9,0,4495.12,63841.2,51168.32,26,6,0,0,0,8
C00272,2026-02-25,Nairobi,Other,Self_Employed,F,22,Tier2,468,0,Personal_Loan,272037.43,,,0.2737,18,265685.31,1.0239,575.6,2,0,0,1,0.0,96104.1,36710.77,15,6,2,1,1,220
C00274,2026-02-25,Kiambu,SME_Trade,Self_Employed,F,64,Tier2,471,0,Overdraft,208650.65,281712.97,0.7383,0.2561,0,136704.08,1.5263,618.5,1,1,32,6,2889.66,46805.53,43056.57,28,6,2,1,0,207
C00275,2026-02-25,Nairobi,Agribusiness,Micro_Enterprise,F,39,Tier3,474,0,SME_Loan,452731.66,,,0.2216,12,,,580.6,2,0,14,2,415.97,22778.37,24018.57,29,3,1,0,0,21
C00277,2026-02-25,Mombasa,Agribusiness,Micro_Enterprise,M,42,Tier3,474,0,Personal_Loan,78257.02,,,0.2141,24,767843.25,0.1019,745.2,1,3,0,0,4104.08,76305.83,83601.04,23,3,2,0,0,28
C00281,2026-02-25,Mombasa,Salaried,Permanent,F,33,Tier3,458,1,Personal_Loan,333037.58,,,0.2156,36,387872.65,0.8586,660.0,1,1,0,0,5521.67,91177.69,104292.87,27,8,0,0,0,29
C00284,2026-02-25,Mombasa,Construction,Self_Employed,F,43,Tier2,439,0,Overdraft,21762.72,368883.95,0.1024,0.2025,0,120722.91,0.1803,584.4,1,1,25,5,0.0,72447.48,83367.37,12,1,4,0,0,13
C00285,2026-02-25,Meru,SME_Trade,Self_Employed,F,40,Tier2,441,1,SME_Loan,720690.05,,,0.2276,36,339948.56,2.12,533.1,2,1,47,5,3216.16,53809.34,56277.95,17,2,1,1,0,179
C00286,2026-02-25,Machakos,Salaried,Contract,M,63,Tier3,478,1,Overdraft,146546.76,65665.48,1.7664,0.2466,0,0.0,5.0,732.8,2,2,7,1,6591.84,39379.29,46018.48,24,5,1,1,0,149
C00289,2026-02-25,Mombasa,Salaried,Contract,M,45,Tier2,502,1,Credit_Card,4117.7,291583.45,0.0636,0.2181,0,,,624.5,1,1,0,0,0.0,134939.28,141944.01,35,4,0,0,0,6
C00292,2026-02-25,Nakuru,Salaried,Permanent,M,33,Tier2,476,1,SME_Loan,1007739.66,,,0.2179,24,1014224.47,0.9936,496.8,1,1,6,4,4889.85,103058.55,91740.7,26,5,3,0,0,30
C00293,2026-02-25,Uasin Gishu,Salaried,Permanent,M,63,Tier1,401,1,Personal_Loan,299712.29,,,0.2075,24,,,548.6,3,1,0,1,2918.54,59470.22,54805.99,25,4,0,0,0,31
C00294,2026-02-25,Uasin Gishu,SME_Services,Self_Employed,M,35,Tier2,443,0,Credit_Card,54741.64,89390.48,0.7596,0.206,0,,,628.0,1,0,4,6,25528.76,153946.75,154618.97,15,4,1,0,0,24
C00299,2026-02-25,Kiambu,Other,Self_Employed,F,33,Tier3,400,0,SME_Loan,292280.34,,,0.2292,48,503312.52,0.5807,589.3,2,1,27,3,10388.41,108639.45,136540.7,34,1,0,0,0,8
C00304,2026-02-25,Nairobi,Transport,Self_Employed,M,61,Tier2,442,1,Personal_Loan,691372.6,,,0.1934,12,105192.49,5.0,609.2,1,0,0,0,4218.87,20338.75,18295.87,14,6,0,1,1,226
C00309,2026-02-25,Kiambu,Salaried,Permanent,F,35,Tier2,442,1,Overdraft,127447.96,209051.99,0.7024,0.3283,0,136481.05,0.9338,567.7,1,0,25,1,4189.64,29753.42,17733.08,22,3,0,0,0,19
C00311,2026-02-25,Kakamega,Construction,Self_Employed,M,50,Tier2,422,0,Overdraft,43275.4,188355.92,0.2654,0.1877,0,,,437.1,2,2,25,2,14255.74,51134.98,22622.04,22,2,1,0,0,28
C00313,2026-02-25,Nairobi,SME_Trade,Micro_Enterprise,M,26,Tier2,482,1,Overdraft,254234.7,129080.4,1.6849,0.2861,0,82266.21,3.0904,671.4,1,0,0,0,16730.59,79603.92,80810.15,21,5,1,0,0,28
C00315,2026-02-25,Kakamega,Salaried,Permanent,F,31,Tier2,520,1,Personal_Loan,304272.85,,,0.2768,36,598265.6,0.5086,655.4,2,1,7,6,711.0,12212.46,6859.89,21,5,1,0,0,15
C00319,2026-02-25,Nairobi,SME_Services,Micro_Enterprise,F,63,Tier2,405,0,SME_Loan,966974.82,,,0.2391,36,130076.93,5.0,591.5,1,0,18,3,4334.87,27299.06,21785.95,17,2,0,0,0,197
C00324,2026-02-25,Meru,SME_Services,Self_Employed,M,62,Tier2,438,1,Personal_Loan,212638.09,,,0.1998,18,416585.41,0.5104,680.6,1,1,13,3,8068.64,72681.01,96587.51,10,4,1,0,0,34
C00326,2026-02-25,Nairobi,Salaried,Permanent,M,31,Tier2,474,1,Credit_Card,103441.67,238510.29,0.3964,0.3486,0,,,610.1,1,0,1,2,1777.83,11290.73,6668.74,27,5,1,0,0,12
C00327,2026-02-25,Nyeri,Transport,Self_Employed,M,31,Tier1,364,1,Personal_Loan,355670.41,,,0.2051,24,732056.07,0.4859,603.8,1,0,14,3,990.5,32486.56,27996.41,19,3,0,0,0,27
C00328,2026-02-25,Kiambu,Agribusiness,Micro_Enterprise,F,22,Tier2,484,0,Personal_Loan,367142.26,,,0.2157,24,235588.21,1.5584,674.5,1,0,6,6,6095.81,29943.17,28694.2,12,6,2,0,0,29
C00329,2026-02-25,Meru,Salaried,Permanent,F,27,Tier1,470,1,Personal_Loan,492506.89,,,0.236,12,759755.47,0.6482,717.2,1,0,0,0,8891.16,58163.78,63472.44,27,5,2,0,0,17
C00330,2026-02-25,Machakos,Salaried,Permanent,F,45,Tier1,424,1,Personal_Loan,0.0,,,0.2403,12,1188224.32,0.05,598.9,1,0,6,2,0.0,0.0,0.0,25,5,0,0,0,121
C00331,2026-02-25,Kiambu,SME_Trade,Self_Employed,F,45,Tier1,493,1,SME_Loan,386674.78,,,0.2886,24,0.0,5.0,501.7,3,1,22,3,11179.48,45051.86,49387.84,17,4,0,0,0,8
C00333,2026-02-25,Mombasa,Salaried,Permanent,M,34,Tier2,428,1,Overdraft,47319.98,267964.54,0.1469,0.2368,0,123712.22,0.3825,438.8,1,4,65,3,0.0,0.0,0.0,18,6,0,1,0,148
C00335,2026-02-25,Kiambu,Salaried,Permanent,M,41,Tier2,503,1,SME_Loan,352996.33,,,0.2214,12,668182.15,0.5283,510.7,2,0,16,2,17807.82,120700.73,95198.35,23,2,2,0,0,32
C00336,2026-02-25,Nyeri,Salaried,Permanent,F,57,Tier2,458,1,Overdraft,307314.57,376643.94,0.8798,0.1292,0,11313.24,5.0,689.2,1,1,0,3,14984.29,53705.04,45304.77,22,10,2,0,0,34
C00339,2026-02-25,Nakuru,SME_Trade,Self_Employed,M,30,Tier2,455,0,SME_Loan,615066.22,,,0.1683,24,793437.59,0.7752,538.0,5,0,0,0,9884.23,31919.72,37314.46,19,5,1,0,0,20
C00341,2026-02-25,Kisumu,SME_Services,Micro_Enterprise,F,49,Tier2,465,0,Personal_Loan,491759.12,,,0.2347,24,444961.4,1.1052,645.1,2,0,0,3,4081.36,24888.84,21543.7,19,4,1,0,0,8
C00343,2026-02-25,Uasin Gishu,Salaried,Permanent,M,48,Tier1,440,1,Overdraft,14994.99,409211.54,0.0306,0.2638,0,127614.46,0.1175,648.0,6,2,0,0,39465.04,131708.84,111503.22,21,3,0,0,0,10
C00347,2026-02-25,Kakamega,SME_Trade,Micro_Enterprise,F,65,Tier2,458,0,Overdraft,297221.24,112096.11,1.8,0.1411,0,232082.33,1.2807,623.5,1,2,0,2,0.0,57345.28,53053.74,19,4,2,0,0,23
C00351,2026-02-25,Nakuru,Salaried,Permanent,M,44,Tier2,470,1,Personal_Loan,286641.49,,,0.2829,12,627468.41,0.4568,336.9,1,0,68,5,9250.49,42750.23,53923.79,26,10,0,0,0,33
C00352,2026-02-25,Nairobi,SME_Trade,Micro_Enterprise,F,23,Tier2,435,0,Overdraft,104426.68,379878.57,0.3675,0.2713,0,40238.91,2.5952,620.0,2,0,23,4,4191.46,46423.23,48147.35,21,4,1,1,0,236
C00358,2026-02-25,Uasin Gishu,SME_Trade,Micro_Enterprise,M,61,Tier2,318,0,Personal_Loan,404535.59,,,0.2618,12,475657.01,0.8505,658.3,3,1,1,1,9497.43,73881.18,60991.05,19,5,0,0,0,5
C00360,2026-02-25,Kiambu,SME_Trade,Micro_Enterprise,F,54,Tier3,538,0,SME_Loan,123851.48,,,0.1226,36,389544.47,0.3179,608.9,1,0,19,4,47979.93,110494.76,81434.9,28,6,0,0,0,28
C00364,2026-02-25,Kiambu,SME_Trade,Micro_Enterprise,M,61,Tier3,530,0,SME_Loan,303309.85,,,0.2004,36,346755.73,0.8747,484.1,2,0,0,0,4101.68,179632.33,184530.71,25,6,1,0,0,25
C00365,2026-02-25,Uasin Gishu,SME_Trade,Self_Employed,F,26,Tier1,456,0,SME_Loan,680758.96,,,0.2417,36,588262.45,1.1572,529.5,3,1,32,6,6340.97,75756.77,37479.87,15,2,2,1,0,135
C00366,2026-02-25,Nairobi,Transport,Micro_Enterprise,M,44,Tier2,493,1,Personal_Loan,91792.82,,,0.1773,36,432663.89,0.2122,497.7,1,0,42,2,17481.48,180579.67,68926.29,15,3,0,0,0,23
C00369,2026-02-25,Uasin Gishu,SME_Services,Self_Employed,F,21,Tier3,488,1,Credit_Card,136615.24,30000.0,1.8,0.3189,0,,,735.8,1,0,26,4,418.48,4737.35,5009.19,24,6,1,0,1,155
C00371,2026-02-25,Kisumu,SME_Services,Micro_Enterprise,F,36,Tier2,223,0,SME_Loan,1141430.21,,,0.1499,12,447993.75,2.5479,540.6,1,0,11,3,58968.99,234431.96,279138.57,23,3,1,0,0,23
C00373,2026-02-25,Kiambu,Construction,Micro_Enterprise,F,39,Tier1,460,0,SME_Loan,165474.83,,,0.1967,36,,,545.4,1,0,6,6,8386.66,56715.15,64228.81,24,0,0,0,0,22
C00375,2026-02-25,Nairobi,Construction,Micro_Enterprise,F,60,Tier2,414,1,Credit_Card,101978.88,30000.0,1.8,0.2941,0,,,568.8,1,0,3,1,0.0,16035.02,18322.57,19,1,2,1,0,140
C00378,2026-02-25,Machakos,SME_Services,Self_Employed,F,54,Tier2,359,0,Credit_Card,93184.51,49782.83,1.4984,0.2525,0,,,603.1,5,2,11,5,13655.12,81933.01,58140.28,21,6,1,0,0,218
C00379,2026-02-25,Nairobi,Salaried,Permanent,F,38,Tier2,465,1,SME_Loan,576102.34,,,0.2034,36,337635.27,1.7063,642.1,2,2,39,3,12698.66,93689.3,93888.47,36,5,0,0,0,5
C00380,2026-02-25,Mombasa,SME_Services,Micro_Enterprise,F,32,Tier2,419,1,Personal_Loan,469421.2,,,0.195,24,837393.9,0.5606,434.7,1,3,31,6,577.57,5310.2,6399.01,17,4,4,0,0,216
C00383,2026-02-25,Kisumu,SME_Trade,Micro_Enterprise,M,63,Tier2,529,0,Personal_Loan,725988.71,,,0.2162,24,181527.97,3.9993,806.9,1,1,4,1,4752.61,43146.1,56328.82,19,3,0,0,0,18
C00384,2026-02-25,Nairobi,SME_Services,Self_Employed,M,31,Tier1,322,0,Personal_Loan,112028.5,,,0.2252,12,,,665.2,1,2,0,0,13046.12,71093.42,96152.08,16,7,0,0,0,12
C00386,2026-02-25,Kiambu,Agribusiness,Micro_Enterprise,M,26,Tier2,463,0,Personal_Loan,273412.18,,,0.1463,36,440958.64,0.62,626.7,1,2,11,5,3212.13,12644.56,11111.65,25,3,0,0,0,20
C00387,2026-02-25,Nairobi,SME_Trade,Self_Employed,F,24,Tier3,501,0,Overdraft,23400.71,457193.92,0.0824,0.2977,0,168653.73,0.1388,611.6,2,1,0,1,922.42,71844.08,41530.9,18,2,3,0,0,16
C00388,2026-02-25,Kiambu,SME_Services,Micro_Enterprise,M,58,Tier1,427,1,Personal_Loan,338372.71,,,0.1963,24,484650.93,0.6982,795.4,1,0,0,1,19388.98,148575.79,90590.01,18,2,0,0,0,9
C00389,2026-02-25,Nairobi,Salaried,Permanent,M,61,Tier1,481,1,SME_Loan,440178.12,,,0.1809,36,,,639.9,3,0,14,6,33585.37,100921.89,101003.63,20,4,0,0,0,15
C00393,2026-02-25,Machakos,Salaried,Permanent,M,37,Tier1,509,1,Overdraft,175260.37,329085.38,0.4927,0.2722,0,125681.49,1.3945,582.5,2,1,0,2,5141.27,35173.04,15347.06,24,9,1,0,0,13
C00394,2026-02-25,Mombasa,SME_Services,Self_Employed,M,47,Tier3,454,0,Credit_Card,365.39,268020.34,0.0,0.2193,0,,,558.7,1,0,26,3,36930.0,133170.47,78594.3,21,5,0,1,1,122
C00397,2026-02-25,Uasin Gishu,Salaried,Permanent,F,23,Tier1,422,1,Personal_Loan,426906.84,,,0.3157,18,47978.14,5.0,607.5,1,1,7,3,14452.65,70327.95,83870.6,25,3,1,0,0,17
C00399,2026-02-25,Kisumu,Salaried,Permanent,M,33,Tier1,441,1,Personal_Loan,269744.94,,,0.2359,18,582044.6,0.4634,549.3,3,1,7,0,7543.99,29465.19,40027.66,22,4,0,0,0,24
C00400,2026-02-25,Nairobi,Salaried,Permanent,F,34,Tier1,540,1,Personal_Loan,234628.4,,,0.2029,36,588493.8,0.3987,536.3,1,2,15,3,27755.47,137931.86,78063.56,31,2,2,0,0,227
C00405,2026-02-25,Nairobi,SME_Trade,Self_Employed,M,43,Tier2,465,0,Personal_Loan,191109.46,,,0.1598,24,89972.16,2.1241,691.2,2,0,0,0,35247.69,127993.53,80022.59,25,5,0,0,0,9
C00406,2026-02-25,Nairobi,Hospitality,Self_Employed,M,43,Tier3,449,0,SME_Loan,1122718.72,,,0.062,36,12642.16,5.0,628.3,2,3,0,0,1893.79,78596.05,88455.61,23,3,0,0,0,22
C00411,2026-02-25,Kisumu,Salaried,Contract,F,28,Tier1,445,1,Overdraft,22223.51,391751.32,0.0423,0.2492,0,22917.17,0.9697,567.2,2,0,6,6,0.0,0.0,0.0,25,8,2,0,0,125
C00412,2026-02-25,Nairobi,Construction,Self_Employed,F,31,Tier1,498,0,Personal_Loan,231185.59,,,0.2561,12,0.0,5.0,590.6,1,3,0,0,2165.12,45059.03,38850.79,25,4,0,0,0,16
C00415,2026-02-25,Nairobi,SME_Trade,Self_Employed,M,21,Tier1,485,0,Credit_Card,76299.23,65983.0,1.398,0.3601,0,,,414.7,1,0,24,6,4619.96,85436.45,104659.06,18,5,0,0,0,172
C00419,2026-02-25,Kiambu,Salaried,Permanent,F,34,Tier2,433,1,Personal_Loan,349302.82,,,0.2007,18,818645.42,0.4267,633.7,1,0,0,0,13226.64,69911.08,59422.68,33,7,1,0,0,21
C00420,2026-02-25,Meru,Salaried,Contract,M,43,Tier3,429,1,Personal_Loan,272979.25,,,0.1582,18,181997.6,1.4999,647.9,4,0,33,4,5389.31,71672.81,69253.97,28,5,0,0,0,23
C00421,2026-02-25,Uasin Gishu,Salaried,Permanent,F,62,Tier2,425,1,Personal_Loan,256104.87,,,0.2177,12,236873.55,1.0812,587.7,1,1,10,6,19034.36,55308.96,71251.62,25,8,0,0,0,28
C00422,2026-02-25,Meru,SME_Services,Micro_Enterprise,F,52,Tier1,435,0,Credit_Card,89654.99,46668.75,1.8,0.2535,0,,,638.7,4,2,27,6,14118.3,107264.28,110426.1,20,3,1,1,1,181
C00424,2026-02-25,Nakuru,Salaried,Permanent,F,47,Tier1,489,1,SME_Loan,501342.54,,,0.2981,36,1659.29,5.0,510.2,2,3,48,4,2775.25,120461.2,101513.78,26,15,1,0,0,24
C00426,2026-02-25,Kakamega,Other,Self_Employed,M,29,Tier2,447,0,Personal_Loan,83629.92,,,0.2204,12,742822.07,0.1126,467.2,1,2,61,6,0.0,4997.14,5386.63,22,4,1,0,0,21
C00434,2026-02-25,Uasin Gishu,Other,Self_Employed,F,26,Tier1,452,0,SME_Loan,557180.89,,,0.2103,24,438393.76,1.271,694.9,5,1,26,6,14669.06,110045.54,107159.01,25,4,1,0,0,16
C00440,2026-02-25,Kakamega,SME_Services,Micro_Enterprise,M,38,Tier1,459,0,Personal_Loan,0.0,,,0.1996,24,83779.25,0.05,643.8,1,2,0,1,1310.7,59437.55,39085.28,14,4,3,0,0,5
C00443,2026-02-25,Nakuru,SME_Trade,Micro_Enterprise,M,26,Tier3,384,0,Overdraft,64662.94,324909.65,0.2135,0.3061,0,23102.01,2.799,638.7,2,0,21,1,5874.26,22728.39,17125.39,24,4,1,0,1,13
C00446,2026-02-25,Nairobi,Salaried,Contract,M,50,Tier2,414,1,SME_Loan,152456.97,,,0.2284,36,277093.23,0.5502,581.8,2,0,1,0,28.9,35843.31,37200.04,22,7,0,0,0,27
C00447,2026-02-25,Nairobi,SME_Services,Micro_Enterprise,F,35,Tier2,472,0,Personal_Loan,354793.47,,,0.2012,12,109551.32,3.2386,431.3,1,0,48,5,3136.16,89501.38,123741.48,16,4,1,0,0,21
C00448,2026-02-25,Kakamega,Salaried,Permanent,M,64,Tier2,432,1,Overdraft,35178.92,236484.97,0.1333,0.1962,0,11491.08,3.0614,713.1,2,1,20,4,5490.75,71636.07,51820.93,31,9,0,0,0,8
C00449,2026-02-25,Meru,Salaried,Permanent,F,44,Tier1,501,1,Personal_Loan,464997.07,,,0.2685,36,0.0,5.0,564.6,1,0,0,0,962.05,34359.37,33787.69,17,6,2,0,0,6
C00450,2026-02-25,Nairobi,SME_Trade,Self_Employed,M,33,Tier2,450,1,SME_Loan,813004.91,,,0.2638,48,602757.77,1.3488,430.2,1,0,57,3,14879.03,73707.16,53903.04,14,0,0,0,0,24
C00453,2026-02-25,Nairobi,SME_Trade,Micro_Enterprise,M,43,Tier2,469,0,Overdraft,116948.56,131928.9,0.85,0.1692,0,192068.05,0.6089,622.7,2,0,8,2,0.0,0.0,0.0,18,3,1,0,0,17
C00456,2026-02-25,Kisumu,Transport,Micro_Enterprise,M,45,Tier2,392,1,Overdraft,56908.08,408741.42,0.0876,0.2671,0,22570.18,2.5214,616.2,1,1,7,6,1420.38,15186.72,18151.39,15,3,0,0,0,18
C00458,2026-02-25,Meru,SME_Trade,Self_Employed,F,49,Tier2,452,1,Personal_Loan,349310.79,,,0.2356,18,253029.37,1.3805,517.2,2,0,39,4,0.0,0.0,0.0,8,2,2,0,0,12
C00460,2026-02-25,Uasin Gishu,Agribusiness,Self_Employed,F,25,Tier1,329,0,SME_Loan,891605.65,,,0.189,24,233523.21,3.8181,671.6,2,1,18,4,15628.69,77827.79,75186.04,24,3,2,0,0,11
C00464,2026-02-25,Kiambu,Salaried,Permanent,M,39,Tier1,433,1,Credit_Card,90388.2,291258.8,0.2382,0.2645,0,,,486.6,1,1,0,1,35357.74,168367.13,125113.71,26,4,0,0,0,5
C00467,2026-02-25,Meru,Other,Self_Employed,F,28,Tier2,387,0,Personal_Loan,332397.16,,,0.2309,12,552477.28,0.6016,679.9,1,2,0,1,9407.64,152546.84,73463.72,12,7,1,0,0,16
C00468,2026-02-25,Nyeri,Other,Micro_Enterprise,M,47,Tier2,524,1,Personal_Loan,106204.63,,,0.1889,24,383963.94,0.2766,652.6,1,0,2,6,917.41,13973.41,13966.75,20,6,2,0,0,19
C00469,2026-02-25,Nairobi,Transport,Self_Employed,M,29,Tier2,491,1,Personal_Loan,473633.39,,,0.2654,36,185414.0,2.5545,665.0,1,1,11,3,11069.16,43995.84,55204.98,16,1,2,0,0,34
C00471,2026-02-25,Machakos,Other,Self_Employed,F,54,Tier1,515,0,SME_Loan,440999.3,,,0.1986,36,451644.53,0.9764,618.8,1,0,35,2,1801.02,34721.81,30075.93,17,9,3,1,0,33
C00473,2026-02-25,Nairobi,Salaried,Permanent,F,40,Tier2,410,1,Personal_Loan,266752.15,,,0.2303,24,613691.61,0.4347,637.1,1,0,23,4,10111.54,57225.84,49619.88,25,5,1,0,0,8
C00476,2026-02-25,Kakamega,Transport,Self_Employed,F,56,Tier2,381,0,Overdraft,95697.99,81041.37,1.4369,0.2695,0,275430.8,0.3474,566.6,2,0,0,5,13632.74,90488.29,81243.93,21,4,3,0,0,6
C00480,2026-02-25,Nairobi,SME_Trade,Micro_Enterprise,M,25,Tier3,379,0,SME_Loan,720109.68,,,0.181,48,,,575.4,2,1,14,2,2414.58,17141.35,16020.25,18,5,1,0,0,34
C00482,2026-02-25,Kakamega,Transport,Self_Employed,M,58,Tier3,476,1,Personal_Loan,263457.16,,,0.2027,36,313923.12,0.8392,607.3,2,1,35,5,24246.9,108866.2,76593.0,19,3,0,0,0,28
C00483,2026-02-25,Kiambu,SME_Services,Self_Employed,F,32,Tier1,460,1,Credit_Card,45549.05,150582.6,0.4427,0.3157,0,,,596.9,1,1,0,2,13498.02,54537.17,52907.96,16,5,1,0,0,14
C00484,2026-02-25,Kakamega,Construction,Micro_Enterprise,M,56,Tier2,427,0,Personal_Loan,176973.51,,,0.2516,24,0.0,5.0,605.0,1,2,10,3,14449.6,60106.43,63218.68,18,7,1,0,0,24
C00486,2026-02-25,Nyeri,Salaried,Contract,M,31,Tier1,459,1,Personal_Loan,327605.91,,,0.1768,24,711992.27,0.4601,697.2,1,3,0,2,1400.54,56886.75,56265.96,23,5,1,0,0,7
C00491,2026-02-25,Kiambu,Salaried,Contract,F,62,Tier2,471,1,Overdraft,111456.38,301113.15,0.3073,0.2723,0,162011.42,0.688,570.4,2,0,2,2,0.0,0.0,0.0,35,7,0,0,0,19
C00498,2026-02-25,Nyeri,Salaried,Permanent,M,37,Tier1,450,1,SME_Loan,586236.28,,,0.2781,24,524969.42,1.1167,736.7,1,1,0,0,9027.87,34510.88,34755.43,25,3,0,0,0,34
C00500,2026-02-25,Nyeri,Transport,Self_Employed,F,40,Tier3,526,1,SME_Loan,463504.57,,,0.2358,24,412986.03,1.1223,584.6,4,0,0,2,0.0,0.0,0.0,22,2,0,0,0,28
C00504,2026-02-25,Machakos,Agribusiness,Self_Employed,M,60,Tier1,402,1,Personal_Loan,283639.94,,,0.1488,36,331949.03,0.8545,622.6,2,0,0,3,10977.67,42565.4,36292.22,13,5,2,0,0,27
C00505,2026-02-25,Nairobi,Transport,Micro_Enterprise,M,33,Tier1,501,0,Personal_Loan,328775.87,,,0.1554,36,12199.08,5.0,708.6,2,0,0,0,0.0,68730.15,52232.84,13,7,0,0,0,15
C00509,2026-02-25,Nairobi,SME_Trade,Self_Employed,F,33,Tier3,376,0,SME_Loan,461775.65,,,0.1951,36,,,497.4,2,1,40,5,8192.82,71722.07,53421.21,20,5,0,0,0,19
C00515,2026-02-25,Kisumu,Salaried,Permanent,M,64,Tier3,420,1,SME_Loan,462017.87,,,0.2672,12,451717.14,1.0228,666.3,4,0,0,0,40011.32,137581.55,107457.19,34,6,1,1,0,220
C00516,2026-02-25,Kisumu,Agribusiness,Self_Employed,F,25,Tier2,464,0,Overdraft,0.0,371301.28,0.0475,0.2077,0,249726.78,0.05,567.0,1,1,0,4,1767.16,31303.54,13570.89,13,3,2,0,0,28
C00518,2026-02-25,Uasin Gishu,Construction,Self_Employed,M,23,Tier1,417,0,Overdraft,37652.52,188786.73,0.1133,0.3417,0,56637.41,0.6648,532.8,3,1,11,3,33304.02,130519.34,76146.4,18,3,1,0,0,6
C00523,2026-02-25,Nairobi,Hospitality,Micro_Enterprise,M,29,Tier1,374,0,SME_Loan,1115605.08,,,0.278,24,393415.99,2.8357,698.7,3,1,9,4,7451.34,40485.75,36889.59,23,0,1,0,0,34
C00525,2026-02-25,Nairobi,SME_Services,Self_Employed,M,35,Tier2,474,0,Personal_Loan,556430.83,,,0.1963,36,552000.43,1.008,670.9,1,0,0,0,10953.46,74908.86,45431.15,13,7,3,0,0,31
C00526,2026-02-25,Nairobi,Salaried,Permanent,F,34,Tier1,383,1,SME_Loan,586017.7,,,0.1552,36,28547.29,5.0,568.1,4,0,14,3,18287.59,137008.01,119083.96,29,5,1,0,0,20
C00527,2026-02-25,Kiambu,Construction,Self_Employed,M,62,Tier1,464,0,SME_Loan,1261692.15,,,0.13,24,84861.62,5.0,710.6,1,2,0,0,5172.72,50787.95,25798.49,17,7,0,0,0,16
C00528,2026-02-25,Nakuru,Salaried,Permanent,F,27,Tier3,523,1,Personal_Loan,275781.78,,,0.2768,24,583278.4,0.4728,719.9,1,0,0,2,31012.06,153613.74,129501.88,34,4,2,1,0,17
C00533,2026-02-25,Kisumu,SME_Trade,Self_Employed,F,28,Tier2,528,0,Personal_Loan,265384.2,,,0.1716,18,382712.19,0.6934,595.9,1,1,9,1,501.94,136965.07,99021.43,17,2,1,0,0,219
C00538,2026-02-25,Machakos,SME_Services,Micro_Enterprise,M,26,Tier2,478,0,Personal_Loan,245171.42,,,0.1931,24,,,651.5,1,1,6,6,6050.66,84329.41,66270.07,20,6,1,1,0,137
C00539,2026-02-25,Machakos,SME_Trade,Micro_Enterprise,F,45,Tier1,472,0,SME_Loan,407463.79,,,0.1594,36,451217.77,0.903,641.0,2,0,21,4,33.28,13542.44,7605.54,22,1,2,1,0,9
C00541,2026-02-25,Machakos,SME_Trade,Micro_Enterprise,M,52,Tier2,520,0,Personal_Loan,266783.22,,,0.2148,36,288793.52,0.9238,537.4,1,0,33,4,15832.53,114372.76,61208.82,17,4,0,0,0,17
C00542,2026-02-25,Kiambu,Construction,Self_Employed,M,23,Tier2,356,0,SME_Loan,749335.86,,,0.2467,12,78084.3,5.0,552.6,3,0,10,3,2455.21,20015.01,20254.77,14,5,0,0,0,34
C00544,2026-02-25,Nairobi,Salaried,Permanent,F,28,Tier2,506,1,Personal_Loan,437960.17,,,0.2574,18,474599.73,0.9228,682.5,2,0,0,1,0.0,71051.86,40883.53,26,6,0,0,0,34
C00545,2026-02-25,Machakos,Salaried,Permanent,F,58,Tier2,285,1,Personal_Loan,339549.24,,,0.2752,24,503584.29,0.6743,628.4,1,0,1,3,8898.21,63570.01,61680.55,22,3,1,0,0,31
C00548,2026-02-25,Kakamega,Hospitality,Self_Employed,F,47,Tier3,420,0,Credit_Card,29372.89,148016.61,0.1508,0.3243,0,,,592.0,1,0,0,0,2293.01,7383.62,7601.18,17,3,2,0,0,23
C00553,2026-02-25,Machakos,Salaried,Permanent,M,58,Tier2,380,1,Personal_Loan,532728.52,,,0.2283,12,430023.77,1.2388,586.1,2,1,30,3,4758.56,120922.12,104208.38,29,2,1,1,0,27
C00559,2026-02-25,Nairobi,Salaried,Contract,M,56,Tier3,408,1,SME_Loan,865807.53,,,0.3111,12,42478.2,5.0,496.7,1,0,0,4,12545.99,86369.25,97668.25,25,7,0,0,0,28
C00561,2026-02-25,Nakuru,Salaried,Permanent,M,45,Tier2,414,1,Personal_Loan,308964.15,,,0.1904,36,,,565.5,1,0,0,1,11095.42,88160.34,73377.62,25,8,1,0,0,22
C00566,2026-02-25,Machakos,Hospitality,Self_Employed,F,31,Tier3,429,0,Overdraft,365490.1,241211.41,1.5684,0.255,0,166576.52,2.1941,468.7,1,1,24,4,18195.9,85884.8,34493.96,23,9,0,0,0,211
C00567,2026-02-25,Mombasa,Construction,Micro_Enterprise,F,31,Tier2,433,0,Personal_Loan,248491.96,,,0.1831,24,432838.41,0.5741,609.2,1,0,1,3,20430.32,77325.23,65109.52,17,7,0,1,0,14
C00568,2026-02-25,Nairobi,Salaried,Contract,M,32,Tier2,448,1,SME_Loan,662277.42,,,0.088,36,350319.73,1.8905,572.3,2,0,18,5,0.0,0.0,0.0,22,5,2,0,0,8
C00573,2026-02-25,Kiambu,Salaried,Permanent,F,33,Tier1,464,1,Overdraft,142406.6,256498.83,0.425,0.2026,0,140875.86,1.0109,632.0,2,1,0,0,1164.58,9294.83,6742.68,40,4,2,0,0,16
C00574,2026-02-25,Nairobi,SME_Services,Micro_Enterprise,F,23,Tier2,515,0,Personal_Loan,257185.85,,,0.1994,36,652656.2,0.3941,710.0,3,1,1,4,78668.57,254120.38,166699.39,23,1,3,0,0,17
C00575,2026-02-25,Mombasa,SME_Trade,Micro_Enterprise,F,21,Tier1,409,0,Personal_Loan,437765.55,,,0.1528,18,566274.4,0.7731,684.1,1,0,0,6,1196.0,18959.27,10870.79,13,2,0,0,0,14
C00578,2026-02-25,Nairobi,Salaried,Permanent,F,44,Tier2,430,1,Personal_Loan,313389.71,,,0.1751,12,569344.53,0.5504,691.3,1,3,2,6,4033.85,80917.33,65623.25,27,2,1,0,0,15
C00579,2026-02-25,Nakuru,Salaried,Permanent,M,61,Tier1,316,1,Personal_Loan,357517.4,,,0.2541,24,,,645.2,3,1,0,2,15800.04,115120.87,105392.49,21,4,1,0,0,28
C00585,2026-02-25,Nakuru,SME_Services,Self_Employed,F,39,Tier2,417,0,Personal_Loan,283381.77,,,0.2417,18,19320.07,5.0,634.9,1,1,0,1,4059.24,52072.22,58972.27,22,5,0,0,0,30
C00588,2026-02-25,Nakuru,SME_Services,Self_Employed,F,25,Tier3,459,0,Overdraft,68030.98,211279.75,0.2235,0.2132,0,,,574.2,1,1,7,3,0.0,0.0,0.0,20,2,2,0,0,24
C00590,2026-02-25,Nairobi,Salaried,Contract,F,58,Tier1,443,1,SME_Loan,564260.38,,,0.2156,36,61325.48,5.0,594.0,1,1,0,0,22930.93,99501.05,130127.29,27,7,1,0,0,23
C00592,2026-02-25,Mombasa,Salaried,Permanent,F,61,Tier2,466,1,Overdraft,195205.61,305753.03,0.6229,0.2535,0,0.0,5.0,640.9,4,1,0,0,18979.34,238964.43,327716.27,31,9,1,0,0,17
C00593,2026-02-25,Nairobi,Transport,Micro_Enterprise,M,31,Tier2,326,0,Overdraft,19494.83,271364.22,0.0516,0.2139,0,133561.7,0.146,652.0,1,0,8,4,7757.5,74596.64,62056.19,13,6,1,0,0,17
C00595,2026-02-25,Kisumu,SME_Services,Self_Employed,M,35,Tier2,427,0,Credit_Card,187896.61,163128.19,1.1491,0.2969,0,,,654.7,1,0,0,0,0.0,144274.81,111878.94,14,3,1,0,0,6
C00597,2026-02-25,Nyeri,SME_Trade,Self_Employed,M,47,Tier2,507,1,Personal_Loan,591862.13,,,0.235,18,1021971.45,0.5791,610.9,2,0,23,6,46487.6,229371.29,178373.87,15,4,1,0,0,12
C00602,2026-02-25,Meru,SME_Trade,Micro_Enterprise,M,56,Tier2,450,0,Personal_Loan,443685.55,,,0.2085,12,259722.99,1.7083,574.6,1,1,8,4,17952.53,85897.33,139695.63,15,5,1,0,0,32
C00606,2026-02-25,Meru,Salaried,Permanent,M,45,Tier2,491,1,SME_Loan,855245.77,,,0.1887,12,353429.05,2.4199,481.0,3,1,36,5,2976.32,34642.43,37690.01,24,6,1,0,0,18
C00611,2026-02-25,Uasin Gishu,Salaried,Permanent,M,58,Tier1,385,1,Personal_Loan,220384.07,,,0.2126,36,683949.48,0.3222,533.0,1,0,4,0,15318.77,105928.1,81193.87,19,1,1,0,0,19
C00619,2026-02-25,Nairobi,Agribusiness,Self_Employed,F,23,Tier2,486,0,Personal_Loan,188680.89,,,0.2572,36,,,530.4,1,1,20,5,24319.03,94459.73,73133.94,21,4,2,0,0,22
C00620,2026-02-25,Nairobi,Agribusiness,Self_Employed,M,27,Tier2,307,1,Overdraft,266299.7,103676.54,1.8,0.2833,0,335225.94,0.7944,562.8,1,1,6,4,1088.76,17065.72,18837.05,17,2,0,0,1,170
C00625,2026-02-25,Nairobi,SME_Services,Self_Employed,F,48,Tier2,496,1,SME_Loan,655308.11,,,0.2048,36,477373.81,1.3727,505.6,4,1,0,1,11871.19,87667.77,101845.46,12,3,4,0,0,5
C00628,2026-02-25,Nairobi,Salaried,Permanent,M,37,Tier2,478,1,Personal_Loan,197415.33,,,0.2064,24,575291.16,0.3432,586.7,1,2,3,3,22406.68,109435.82,129509.61,18,3,0,0,0,16
C00630,2026-02-25,Nairobi,Salaried,Permanent,M,37,Tier2,436,1,SME_Loan,455907.44,,,0.1845,36,102018.28,4.4689,672.2,5,0,0,4,37198.73,238891.0,246200.34,22,6,0,0,0,25
C00632,2026-02-25,Nairobi,SME_Trade,Micro_Enterprise,F,35,Tier2,463,0,SME_Loan,835259.73,,,0.0848,12,451391.19,1.8504,547.2,2,1,0,0,5270.62,59346.33,48965.94,16,0,1,0,0,10
C00635,2026-02-25,Nakuru,SME_Trade,Micro_Enterprise,F,29,Tier2,477,0,SME_Loan,518775.1,,,0.2408,12,690754.96,0.751,627.6,3,0,15,2,17149.19,76875.26,58725.48,19,2,1,0,0,17
C00636,2026-02-25,Nairobi,SME_Trade,Micro_Enterprise,M,51,Tier2,384,0,Personal_Loan,260959.35,,,0.2407,24,0.0,5.0,658.5,1,0,0,1,30348.77,126459.06,113576.54,17,4,2,0,0,23
C00637,2026-02-25,Nairobi,Construction,Self_Employed,M,31,Tier1,426,0,Personal_Loan,500442.67,,,0.1301,24,195020.89,2.5661,565.4,1,0,0,0,570.94,27104.26,32992.14,22,2,0,0,0,6
C00641,2026-02-25,Nyeri,SME_Services,Micro_Enterprise,M,51,Tier3,484,0,Personal_Loan,293368.51,,,0.2406,12,235727.63,1.2445,533.6,2,1,22,5,4229.83,18780.29,11219.46,29,5,4,0,0,206
C00643,2026-02-25,Nakuru,SME_Services,Self_Employed,F,59,Tier2,378,0,SME_Loan,331352.99,,,0.2143,48,762839.68,0.4344,649.8,1,0,17,4,589.33,3018.99,1987.76,29,1,2,0,0,31
C00645,2026-02-25,Nairobi,Agribusiness,Micro_Enterprise,M,55,Tier1,463,0,Credit_Card,122099.26,47154.98,1.8,0.3116,0,,,612.6,1,0,0,0,1383.31,7259.78,6730.23,18,5,2,0,0,26
C00646,2026-02-25,Machakos,SME_Services,Self_Employed,M,35,Tier2,524,1,Overdraft,51896.37,419943.69,0.202,0.2874,0,35868.35,1.4469,548.6,1,2,0,1,38266.96,156412.39,119430.77,16,2,0,0,0,19
C00648,2026-02-25,Meru,Construction,Self_Employed,F,45,Tier2,433,1,SME_Loan,196556.89,,,0.2259,36,303738.15,0.6471,649.8,1,2,0,0,11877.27,55679.94,49543.79,19,2,2,0,0,6
C00649,2026-02-25,Nakuru,Transport,Micro_Enterprise,F,64,Tier2,509,1,Overdraft,167331.02,253540.52,0.678,0.246,0,115981.1,1.4427,638.6,2,0,3,6,1992.24,19774.92,16037.96,14,4,1,0,0,22
C00650,2026-02-25,Nairobi,SME_Services,Self_Employed,M,59,Tier2,495,0,Overdraft,174920.9,138155.15,1.3337,0.1844,0,301335.98,0.5805,711.7,2,0,18,3,352.56,1596.02,1500.5,16,9,1,0,0,14
C00654,2026-02-25,Machakos,SME_Trade,Micro_Enterprise,M,57,Tier2,510,0,SME_Loan,666065.71,,,0.2706,24,,,591.8,3,0,49,5,11017.59,49965.98,87035.73,20,7,1,0,0,22
C00657,2026-02-25,Uasin Gishu,SME_Trade,Micro_Enterprise,M,55,Tier2,440,0,Personal_Loan,325500.14,,,0.2089,24,299699.96,1.0861,605.6,1,0,15,4,0.0,78597.79,94270.56,18,4,0,0,0,33
C00658,2026-02-25,Uasin Gishu,Salaried,Permanent,F,49,Tier2,401,1,Personal_Loan,234307.77,,,0.2831,24,,,575.9,4,0,0,0,12907.21,228842.62,250204.8,26,3,3,0,0,27
C00660,2026-02-25,Nairobi,SME_Services,Self_Employed,M,33,Tier2,368,0,Personal_Loan,287609.35,,,0.223,36,455569.63,0.6313,725.0,1,3,3,4,16955.54,171127.51,162546.24,10,5,1,0,0,8
C00661,2026-02-25,Nyeri,Salaried,Permanent,M,28,Tier1,429,1,Credit_Card,103208.18,105728.02,0.9064,0.2429,0,,,668.2,2,2,37,2,19154.39,63972.31,42320.67,31,7,2,0,0,34
C00664,2026-02-25,Nairobi,Other,Micro_Enterprise,M,30,Tier3,471,0,SME_Loan,342321.42,,,0.1733,36,9702.92,5.0,650.2,1,0,0,0,9865.77,69590.87,43221.54,29,5,1,0,0,33
C00666,2026-02-25,Uasin Gishu,SME_Services,Micro_Enterprise,F,52,Tier2,447,0,Personal_Loan,96715.02,,,0.1881,12,459661.82,0.2104,637.4,1,1,8,1,2400.6,21126.78,10956.65,15,3,2,0,0,23
C00667,2026-02-25,Machakos,SME_Trade,Self_Employed,F,43,Tier2,374,0,Personal_Loan,508798.87,,,0.2479,36,,,549.5,1,0,20,4,13279.3,146332.28,166805.28,19,3,0,0,0,16
C00668,2026-02-25,Machakos,Agribusiness,Micro_Enterprise,M,59,Tier2,396,1,SME_Loan,551994.32,,,0.2965,24,0.0,5.0,616.0,2,1,0,2,28807.55,119548.66,104827.08,15,8,1,0,0,22
C00669,2026-02-25,Meru,SME_Trade,Self_Employed,F,62,Tier2,452,0,Personal_Loan,165143.7,,,0.2105,18,635499.84,0.2599,521.9,1,0,0,0,13220.18,52012.92,12574.51,27,6,0,0,0,29
C00672,2026-02-25,Nairobi,Salaried,Contract,F,48,Tier2,434,1,Personal_Loan,276907.37,,,0.149,24,388519.68,0.7127,630.7,1,1,1,1,6012.91,80094.56,83206.17,20,7,0,0,0,6
C00673,2026-02-25,Machakos,SME_Services,Self_Employed,M,49,Tier2,403,1,Personal_Loan,116155.21,,,0.2085,36,519788.2,0.2235,640.3,1,0,0,1,7351.08,171374.51,133429.81,27,3,0,0,0,31
C00675,2026-02-25,Nakuru,SME_Services,Micro_Enterprise,M,48,Tier2,442,0,Overdraft,106855.07,209771.23,0.4246,0.2488,0,145783.66,0.733,675.4,1,1,0,1,0.0,37160.81,47664.1,15,4,0,0,0,31
C00676,2026-02-25,Nairobi,Transport,Self_Employed,M,53,Tier1,362,0,Personal_Loan,333113.06,,,0.2219,18,0.0,5.0,703.6,1,1,17,2,1919.87,106755.87,137745.45,15,5,1,0,0,30
C00678,2026-02-25,Machakos,SME_Trade,Self_Employed,M,24,Tier1,461,0,Overdraft,204844.2,212800.78,1.0432,0.24,0,123082.99,1.6643,670.4,1,2,14,5,275.82,29712.06,12827.02,11,5,0,0,0,23
C00680,2026-02-25,Nairobi,Transport,Self_Employed,M,63,Tier1,446,0,Overdraft,250287.77,408181.99,0.6467,0.2745,0,57820.27,4.3287,568.2,1,1,24,4,1779.68,19138.55,16397.2,26,4,1,0,0,31
C00685,2026-02-25,Nairobi,Agribusiness,Micro_Enterprise,M,28,Tier1,534,0,SME_Loan,469641.24,,,0.1747,36,0.0,5.0,608.2,4,0,0,0,11141.41,40975.53,18160.74,14,1,0,0,0,14
C00687,2026-02-25,Nairobi,Salaried,Permanent,M,39,Tier2,486,1,SME_Loan,158365.5,,,0.2223,48,559497.35,0.283,587.7,4,0,0,1,36369.3,142743.32,182577.08,29,5,1,0,0,7
C00691,2026-02-25,Kiambu,SME_Services,Micro_Enterprise,M,65,Tier2,441,0,SME_Loan,139768.19,,,0.2175,12,469554.11,0.2977,562.2,2,0,18,5,16930.31,78503.46,76201.52,19,4,2,0,0,15
C00692,2026-02-25,Uasin Gishu,Hospitality,Self_Employed,F,56,Tier3,343,1,Personal_Loan,466848.29,,,0.2733,12,225695.43,2.0685,597.9,1,1,0,2,173.85,15156.12,10787.04,26,3,1,0,0,17
C00693,2026-02-25,Nairobi,Agribusiness,Micro_Enterprise,F,62,Tier1,462,0,Personal_Loan,626858.38,,,0.2413,24,577918.26,1.0847,597.3,1,1,7,5,33322.7,145265.04,134218.13,13,4,0,0,0,26
C00696,2026-02-25,Nairobi,Salaried,Permanent,M,32,Tier2,453,1,Personal_Loan,413429.22,,,0.2078,18,219479.57,1.8837,431.2,1,4,52,6,18995.42,179957.98,210549.96,29,5,1,0,0,27
C00699,2026-02-25,Mombasa,Salaried,Permanent,M,23,Tier1,448,1,Personal_Loan,92491.61,,,0.1739,12,1063429.28,0.087,551.4,1,0,0,6,26113.57,55792.61,35622.85,22,9,2,0,0,26
C00701,2026-02-25,Mombasa,Hospitality,Self_Employed,M,44,Tier2,520,0,Personal_Loan,173742.56,,,0.2126,24,325561.27,0.5337,564.3,1,0,5,3,595.22,38233.44,25821.75,16,5,2,0,0,7
C00705,2026-02-25,Kisumu,SME_Trade,Micro_Enterprise,M,26,Tier1,403,0,Personal_Loan,474827.15,,,0.156,24,497793.83,0.9539,613.2,1,1,0,3,1571.76,54013.99,42977.39,14,1,2,0,0,34
C00707,2026-02-25,Nakuru,Salaried,Permanent,M,21,Tier2,382,1,Overdraft,41572.87,267555.69,0.2,0.201,0,199988.11,0.2079,606.8,1,0,0,1,19411.11,116498.28,96058.54,19,6,2,0,0,27
C00708,2026-02-25,Nairobi,Salaried,Permanent,F,46,Tier3,459,1,SME_Loan,881744.47,,,0.2341,36,192385.42,4.5832,777.5,2,1,0,1,6108.09,28806.1,16393.71,27,4,0,0,0,15
C00710,2026-02-25,Mombasa,Other,Micro_Enterprise,M,41,Tier2,341,0,Overdraft,253023.18,111404.08,1.8,0.1541,0,216359.77,1.1695,679.9,1,3,0,0,1794.62,9621.56,7204.88,16,6,2,0,0,25
C00715,2026-02-25,Kiambu,Other,Self_Employed,F,62,Tier2,450,1,Credit_Card,0.0,82919.47,0.0,0.3371,0,,,624.9,1,0,0,4,10434.95,94556.47,17302.81,17,2,0,0,0,28
C00717,2026-02-25,Machakos,Salaried,Permanent,M,44,Tier2,490,1,Personal_Loan,232132.69,,,0.2067,36,599006.65,0.3875,593.7,5,1,10,5,0.0,0.0,0.0,28,7,0,0,0,19
C00719,2026-02-25,Uasin Gishu,SME_Services,Self_Employed,M,31,Tier2,470,0,SME_Loan,40127.25,,,0.1909,12,,,645.8,4,1,45,6,13385.59,211697.89,182960.07,24,7,1,0,0,30
C00720,2026-02-25,Machakos,Salaried,Permanent,F,47,Tier2,446,1,Overdraft,0.0,65146.96,0.0,0.2826,0,63579.32,0.05,623.7,2,1,9,4,5630.39,83634.4,70610.61,23,4,1,1,0,34
C00721,2026-02-25,Mombasa,SME_Services,Self_Employed,F,27,Tier2,529,0,Personal_Loan,479559.38,,,0.2494,12,191060.88,2.51,394.2,1,0,31,2,19011.3,109355.63,64937.11,17,1,0,0,0,5
C00722,2026-02-25,Nairobi,Salaried,Permanent,M,62,Tier2,351,1,Overdraft,244289.66,382011.11,0.6874,0.2635,0,151098.38,1.6168,600.7,3,1,2,2,7029.01,35734.05,31604.93,34,7,0,0,0,33
C00723,2026-02-25,Nakuru,Salaried,Contract,M,59,Tier1,302,1,Personal_Loan,189517.44,,,0.1649,18,578536.91,0.3276,566.5,1,0,0,2,33721.03,294818.6,289970.07,21,7,0,0,0,10
C00724,2026-02-25,Nyeri,Salaried,Contract,M,26,Tier3,519,1,Credit_Card,75141.28,47817.93,0.6489,0.2716,0,,,528.7,1,1,40,5,11573.62,53852.19,49777.73,17,9,1,0,0,20
C00725,2026-02-25,Nyeri,Salaried,Permanent,F,56,Tier2,425,1,Overdraft,280875.89,161658.33,1.3874,0.2952,0,186749.33,1.504,626.5,1,0,0,1,7570.67,38484.22,39128.99,20,2,0,0,0,14
C00726,2026-02-25,Nairobi,Other,Self_Employed,F,26,Tier2,331,0,Personal_Loan,293660.78,,,0.1535,24,481799.73,0.6095,567.7,1,1,20,4,6188.0,22675.07,9688.15,10,4,0,0,0,10
C00727,2026-02-25,Machakos,SME_Services,Micro_Enterprise,F,53,Tier3,483,0,Overdraft,162010.12,206899.5,0.8083,0.2958,0,50796.9,3.1894,588.6,1,2,0,0,0.0,69595.84,38919.69,16,7,1,0,0,9
C00730,2026-02-25,Kiambu,Agribusiness,Micro_Enterprise,M,50,Tier2,462,0,Personal_Loan,339630.54,,,0.2255,36,604573.82,0.5618,528.3,1,0,56,6,3792.3,28919.47,34907.76,23,3,2,0,0,19
C00731,2026-02-25,Nakuru,Other,Self_Employed,M,53,Tier3,437,1,Personal_Loan,336158.02,,,0.19,24,583857.93,0.5758,640.4,2,0,16,3,7274.55,20869.0,8667.36,17,3,1,0,0,31
C00734,2026-02-25,Mombasa,SME_Services,Micro_Enterprise,F,55,Tier1,527,0,SME_Loan,533574.53,,,0.2119,24,617827.61,0.8636,661.0,1,2,0,2,4353.13,60964.8,21990.01,15,4,2,0,0,197
C00737,2026-02-25,Nairobi,SME_Services,Micro_Enterprise,M,53,Tier2,390,0,Personal_Loan,53889.42,,,0.2614,12,282700.28,0.1906,537.0,1,1,24,1,36942.41,169617.06,145433.75,14,7,0,0,0,22
C00738,2026-02-25,Mombasa,SME_Trade,Self_Employed,M,36,Tier3,362,0,Overdraft,39516.03,230864.37,0.1558,0.2681,0,91334.83,0.4327,699.1,3,0,21,3,11136.25,74270.36,73324.21,20,6,1,0,0,30
C00740,2026-02-25,Nakuru,Construction,Self_Employed,M,61,Tier2,417,0,Overdraft,164066.63,352068.36,0.4515,0.2851,0,87489.97,1.8753,508.6,2,1,27,4,0.0,22701.57,18566.73,21,5,0,0,0,13
C00741,2026-02-25,Nairobi,SME_Trade,Self_Employed,M,57,Tier2,504,0,Personal_Loan,243645.18,,,0.197,36,216849.61,1.1236,628.2,1,0,0,0,4833.62,29132.36,28011.51,21,6,1,0,0,21
C00742,2026-02-25,Kiambu,Hospitality,Self_Employed,F,55,Tier1,498,0,Personal_Loan,328652.33,,,0.198,36,1240943.18,0.2648,548.9,1,1,31,5,7140.76,27062.15,32931.27,22,4,0,0,1,10
C00743,2026-02-25,Nyeri,Construction,Self_Employed,F,49,Tier2,471,0,Personal_Loan,396462.35,,,0.288,24,328895.4,1.2054,569.6,1,1,14,2,10300.78,56225.48,26894.37,18,1,0,1,1,211
C00747,2026-02-25,Uasin Gishu,Salaried,Contract,M,44,Tier2,462,1,Personal_Loan,152342.27,,,0.2014,36,674562.29,0.2258,619.9,1,1,0,5,11339.79,61349.77,46534.5,27,5,3,0,0,26
C00752,2026-02-25,Nairobi,SME_Services,Micro_Enterprise,M,27,Tier1,399,1,Personal_Loan,376415.9,,,0.2707,36,33338.79,5.0,630.8,1,1,32,4,8364.22,100306.04,159105.85,19,4,2,0,0,143
C00754,2026-02-25,Nairobi,Salaried,Permanent,M,63,Tier2,506,1,SME_Loan,539903.84,,,0.1871,24,309649.26,1.7436,552.1,2,0,40,2,40423.93,223956.72,197741.68,25,3,1,0,0,13
C00755,2026-02-25,Nairobi,SME_Services,Self_Employed,F,45,Tier2,493,0,Personal_Loan,321860.67,,,0.2307,36,502235.33,0.6409,537.7,1,0,54,2,20786.95,100430.96,104523.23,10,2,1,0,0,24
C00759,2026-02-25,Machakos,Agribusiness,Micro_Enterprise,M,26,Tier2,361,0,Overdraft,22630.75,216710.38,0.2085,0.2565,0,22288.83,1.0153,719.0,1,1,0,0,46435.46,135638.23,90454.03,15,4,0,0,0,19
C00760,2026-02-25,Meru,Salaried,Permanent,M,53,Tier1,425,1,Personal_Loan,452598.57,,,0.2293,24,95139.84,4.7572,792.8,2,0,0,0,4685.86,18534.09,16287.81,27,3,0,0,0,17
C00763,2026-02-25,Nairobi,Salaried,Contract,F,63,Tier2,453,1,SME_Loan,869810.47,,,0.1598,48,761898.88,1.1416,670.7,4,1,0,0,0.0,169121.0,203324.17,27,2,0,0,0,27
C00764,2026-02-25,Uasin Gishu,Transport,Self_Employed,F,63,Tier2,508,0,Overdraft,79037.81,419787.47,0.1392,0.225,0,0.0,5.0,677.3,1,0,7,4,0.0,85105.27,67175.31,17,5,1,0,0,17
C00767,2026-02-25,Nairobi,Construction,Micro_Enterprise,F,48,Tier2,422,0,SME_Loan,628867.67,,,0.2269,36,104780.55,5.0,730.9,3,2,31,4,6493.44,48396.02,34679.87,22,3,0,0,0,16
C00768,2026-02-25,Meru,Salaried,Permanent,F,42,Tier2,413,1,Overdraft,219715.33,164188.8,1.1396,0.2936,0,103728.12,2.1182,627.3,1,1,1,1,4023.28,55238.89,47296.32,19,9,1,0,0,211
C00771,2026-02-25,Nyeri,Hospitality,Micro_Enterprise,F,50,Tier3,431,0,Personal_Loan,291577.66,,,0.1517,18,266574.18,1.0938,690.5,1,0,0,4,26240.08,164206.51,178198.03,21,2,1,0,0,13
C00776,2026-02-25,Meru,SME_Services,Self_Employed,F,63,Tier2,524,0,Personal_Loan,84906.24,,,0.2148,24,433878.31,0.1957,600.0,1,1,0,0,29679.97,93061.08,99296.4,9,1,2,0,0,10
C00778,2026-02-25,Nairobi,Salaried,Permanent,M,26,Tier1,437,1,Overdraft,248210.8,436136.98,0.5687,0.1859,0,93012.64,2.6686,514.3,1,0,10,6,8701.2,147118.67,127085.72,21,8,1,0,0,23
C00779,2026-02-25,Kakamega,Transport,Self_Employed,M,33,Tier1,485,0,SME_Loan,1118019.35,,,0.1847,48,0.0,5.0,646.8,4,1,0,2,6394.74,62740.15,57385.27,13,1,2,0,0,20
C00781,2026-02-25,Mombasa,SME_Services,Self_Employed,M,60,Tier2,399,1,Personal_Loan,214903.75,,,0.1834,18,,,491.6,1,0,37,4,19789.39,98614.39,108722.43,21,3,3,1,1,181
C00782,2026-02-25,Kisumu,SME_Services,Self_Employed,M,49,Tier1,424,0,Credit_Card,101460.94,318175.54,0.2841,0.2941,0,,,749.1,1,0,0,0,42558.22,167516.06,198365.35,22,1,1,0,0,24
C00792,2026-02-25,Nairobi,Hospitality,Self_Employed,F,41,Tier2,472,0,Personal_Loan,186031.02,,,0.1849,36,771920.6,0.241,720.0,1,3,5,3,8063.4,53338.53,33960.3,12,3,0,0,0,18
C00793,2026-02-25,Machakos,SME_Trade,Self_Employed,F,53,Tier2,359,0,Personal_Loan,307858.47,,,0.1735,36,629260.82,0.4892,542.9,1,2,14,3,4226.6,22180.36,18624.17,19,2,1,0,0,16
C00794,2026-02-25,Nyeri,SME_Trade,Micro_Enterprise,F,58,Tier3,376,1,Overdraft,177425.32,462859.32,0.3921,0.2761,0,82088.98,2.1614,517.1,1,3,36,6,16717.49,56343.67,35962.01,22,4,0,0,0,202
C00802,2026-02-25,Nakuru,Salaried,Contract,M,34,Tier2,472,1,SME_Loan,154457.86,,,0.1871,12,521682.96,0.2961,595.3,1,0,4,1,0.0,0.0,0.0,31,10,2,0,1,26
C00803,2026-02-25,Meru,SME_Services,Self_Employed,M,44,Tier2,531,0,Personal_Loan,452722.06,,,0.1898,24,636236.29,0.7116,707.8,1,2,0,0,19529.22,75334.94,54410.8,15,4,1,0,0,13
C00805,2026-02-25,Nairobi,Salaried,Permanent,F,54,Tier3,421,1,Personal_Loan,635586.39,,,0.2373,24,479073.77,1.3267,562.5,1,0,32,5,2409.22,99691.6,120262.72,33,9,1,0,0,24
C00807,2026-02-25,Nairobi,Salaried,Permanent,F,45,Tier1,447,1,Overdraft,0.0,433269.26,0.0219,0.2823,0,,,682.8,1,0,0,0,35747.93,188511.2,108087.13,30,6,2,0,0,14
C00809,2026-02-25,Machakos,SME_Trade,Self_Employed,M,38,Tier2,443,0,Credit_Card,173911.76,30000.0,1.8,0.3384,0,,,663.7,1,0,0,1,11008.76,37613.05,21724.67,21,3,3,0,0,5
C00811,2026-02-25,Uasin Gishu,SME_Services,Self_Employed,M,22,Tier2,501,0,Overdraft,152227.4,271630.95,0.5936,0.3251,0,0.0,5.0,491.9,1,1,37,5,8671.08,24653.71,28771.16,19,5,2,0,0,34
C00814,2026-02-25,Kisumu,SME_Services,Micro_Enterprise,M,33,Tier2,506,1,Personal_Loan,243965.86,,,0.2317,12,482926.09,0.5052,543.5,1,1,0,3,15167.61,65037.49,78041.66,17,2,2,0,0,8
C00818,2026-02-25,Nairobi,Transport,Micro_Enterprise,F,25,Tier2,464,0,Personal_Loan,490238.75,,,0.2374,24,43776.89,5.0,602.0,1,2,13,3,6679.11,63550.36,47592.44,19,3,0,0,0,17
C00821,2026-02-25,Kakamega,Salaried,Permanent,F,22,Tier2,285,1,Personal_Loan,159010.27,,,0.2148,18,119191.04,1.3341,730.0,3,1,2,4,0.0,146747.0,88942.56,21,6,0,1,0,27
C00822,2026-02-25,Nairobi,SME_Services,Self_Employed,M,50,Tier2,415,1,Personal_Loan,274713.58,,,0.2625,36,0.0,5.0,561.7,5,2,25,3,5823.84,29230.51,23646.11,22,5,0,0,0,228
C00824,2026-02-25,Nairobi,Agribusiness,Self_Employed,M,50,Tier1,527,0,Personal_Loan,284530.82,,,0.1534,12,0.0,5.0,621.3,1,0,3,1,0.0,14724.89,15367.84,21,2,0,0,0,12
C00825,2026-02-25,Machakos,Salaried,Permanent,M,49,Tier3,474,1,SME_Loan,507359.75,,,0.1316,24,427063.57,1.188,659.9,2,1,1,2,44495.18,218505.49,240972.36,31,9,1,0,0,9
C00826,2026-02-25,Nakuru,SME_Services,Micro_Enterprise,M,25,Tier2,360,1,Overdraft,67537.18,395934.63,0.1799,0.3375,0,8574.89,5.0,658.9,1,2,0,0,2799.75,18215.27,20825.48,15,6,1,0,0,26
C00827,2026-02-25,Uasin Gishu,Salaried,Permanent,M,51,Tier1,499,1,SME_Loan,536001.06,,,0.1369,24,587917.23,0.9117,686.0,3,2,0,1,15192.05,84511.11,84181.48,27,9,2,0,0,34
C00828,2026-02-25,Mombasa,Agribusiness,Micro_Enterprise,M,61,Tier1,477,0,SME_Loan,481187.76,,,0.1768,24,127354.68,3.7783,669.9,1,2,0,0,15855.49,63906.07,36118.04,20,2,0,0,0,11
C00834,2026-02-25,Nairobi,Transport,Micro_Enterprise,F,27,Tier3,473,0,Personal_Loan,278052.22,,,0.1906,12,210226.42,1.3226,597.6,1,1,1,4,26242.49,109693.25,83117.89,25,6,1,0,0,135
C00835,2026-02-25,Nairobi,Transport,Self_Employed,F,59,Tier3,457,0,Personal_Loan,98970.13,,,0.2135,18,488032.42,0.2028,627.5,2,0,0,1,0.0,0.0,0.0,18,4,3,0,0,23
C00836,2026-02-25,Machakos,Construction,Micro_Enterprise,F,55,Tier1,279,1,Overdraft,25046.45,241307.32,0.1659,0.2978,0,152026.51,0.1648,554.5,1,0,25,3,919.77,40665.67,43047.32,13,4,0,1,0,6
C00837,2026-02-25,Nakuru,Salaried,Permanent,F,57,Tier2,382,1,SME_Loan,700281.0,,,0.2016,24,661213.07,1.0591,569.4,2,1,2,4,46950.72,164278.33,195832.75,25,4,0,0,0,8
C00838,2026-02-25,Nairobi,SME_Trade,Self_Employed,F,29,Tier3,479,0,SME_Loan,783797.55,,,0.1483,24,352990.05,2.2205,681.8,2,0,0,1,18452.43,83227.14,124232.29,20,4,2,0,0,11
C00840,2026-02-25,Kiambu,Salaried,Contract,F,61,Tier2,428,1,Personal_Loan,245936.05,,,0.2221,36,94107.36,2.6134,419.5,1,0,19,3,8339.65,28629.24,14119.53,27,5,1,0,0,23
C00841,2026-02-25,Nairobi,Agribusiness,Self_Employed,M,34,Tier3,450,1,SME_Loan,0.0,,,0.17,36,,,572.9,5,0,23,6,15799.65,48393.91,49304.42,26,3,1,0,0,27
C00843,2026-02-25,Uasin Gishu,Hospitality,Self_Employed,M,61,Tier2,505,0,Personal_Loan,6597.24,,,0.2185,18,777650.42,0.05,632.4,1,0,14,4,0.0,0.0,0.0,12,3,1,0,0,6
C00847,2026-02-25,Nairobi,Salaried,Permanent,F,28,Tier2,389,1,Overdraft,18534.44,223744.6,0.1749,0.2477,0,135559.93,0.1367,612.2,1,1,11,1,33764.11,201481.86,168459.64,26,6,1,0,0,20
C00848,2026-02-25,Nakuru,Salaried,Permanent,F,23,Tier1,449,1,Personal_Loan,43125.12,,,0.1995,36,400654.92,0.1076,572.8,2,0,0,0,2733.55,9146.16,7375.8,32,6,0,0,0,9
C00849,2026-02-25,Uasin Gishu,Agribusiness,Micro_Enterprise,M,57,Tier3,464,1,Personal_Loan,357449.03,,,0.206,36,280311.46,1.2752,556.3,1,1,14,3,0.0,13479.66,10323.31,32,6,0,0,0,6
C00851,2026-02-25,Nakuru,SME_Trade,Self_Employed,F,65,Tier2,495,0,Personal_Loan,77137.5,,,0.2618,18,,,462.5,1,2,15,4,36070.28,118666.82,116160.53,18,2,0,0,1,34
C00853,2026-02-25,Meru,Agribusiness,Self_Employed,F,64,Tier1,444,1,Overdraft,263267.58,291321.62,0.9913,0.2222,0,146222.8,1.8005,646.1,1,0,0,0,6612.51,75067.79,57430.77,16,5,1,0,0,15
C00854,2026-02-25,Meru,SME_Trade,Micro_Enterprise,M,31,Tier1,495,0,Overdraft,107580.49,269222.39,0.3813,0.2759,0,244028.54,0.4409,515.0,2,0,33,6,20283.7,72398.64,70752.13,24,3,0,1,1,189
C00856,2026-02-25,Nyeri,Hospitality,Micro_Enterprise,F,59,Tier1,402,0,SME_Loan,434776.31,,,0.2464,36,168585.71,2.579,540.6,2,1,0,0,8401.66,48760.48,48801.93,25,7,0,0,0,26
C00860,2026-02-25,Uasin Gishu,Salaried,Permanent,F,57,Tier3,277,1,Personal_Loan,404296.36,,,0.2862,18,790062.39,0.5117,584.2,1,0,8,6,18242.34,115321.83,73126.31,23,4,1,0,0,25
C00865,2026-02-25,Kisumu,Salaried,Permanent,F,59,Tier2,449,1,Personal_Loan,80486.01,,,0.1819,36,635823.33,0.1266,690.6,1,1,0,1,0.0,190708.38,203292.83,28,3,0,0,0,19
C00868,2026-02-25,Nairobi,Salaried,Contract,M,58,Tier3,358,1,Overdraft,303936.81,74885.89,1.8,0.2513,0,0.0,5.0,701.7,1,0,0,1,10475.71,67213.44,47789.41,32,5,2,0,0,29
C00873,2026-02-25,Kiambu,Hospitality,Self_Employed,F,26,Tier2,436,0,Credit_Card,77191.0,133342.41,0.5685,0.3511,0,,,639.9,1,1,0,2,3695.87,31601.72,51091.26,12,9,1,0,0,34
C00875,2026-02-25,Nairobi,Transport,Micro_Enterprise,M,52,Tier1,515,0,Overdraft,289555.5,339188.78,0.8307,0.2111,0,127542.53,2.2703,547.6,2,0,32,6,3668.58,18927.77,18074.07,13,3,1,1,0,128
C00877,2026-02-25,Nairobi,Salaried,Permanent,M,45,Tier2,492,1,Overdraft,113575.85,100916.98,1.171,0.253,0,137597.3,0.8254,599.1,1,1,1,5,4104.59,16916.64,15972.94,35,9,1,0,0,28
C00878,2026-02-25,Nairobi,Salaried,Permanent,F,54,Tier2,409,1,Credit_Card,0.0,234393.98,0.0209,0.2719,0,,,557.6,3,2,3,3,1840.34,26548.35,23157.08,24,4,0,0,0,19
C00881,2026-02-25,Nairobi,Transport,Micro_Enterprise,F,24,Tier1,277,0,Personal_Loan,187750.59,,,0.2516,18,773049.55,0.2429,665.3,1,1,1,4,41328.33,206777.33,193057.99,16,2,0,0,0,6
C00883,2026-02-25,Kiambu,Salaried,Permanent,M,41,Tier1,485,1,Credit_Card,104586.71,182116.68,0.4935,0.2604,0,,,576.9,1,0,14,5,4988.75,84021.35,104795.95,26,4,1,0,0,31
C00884,2026-02-25,Nairobi,Salaried,Permanent,M,27,Tier1,442,1,Personal_Loan,285507.05,,,0.2165,18,,,557.1,1,0,16,4,12013.33,89127.87,50743.19,19,10,2,0,0,17
C00885,2026-02-25,Mombasa,SME_Services,Self_Employed,M,57,Tier2,314,0,Credit_Card,59253.14,57719.82,1.2658,0.2909,0,,,786.5,3,2,1,4,7615.52,145379.02,182188.34,17,2,1,0,0,30
C00886,2026-02-25,Nairobi,Salaried,Contract,F,54,Tier2,476,1,Personal_Loan,336109.6,,,0.2842,12,250589.37,1.3413,627.8,2,0,0,0,8168.2,115034.12,124715.33,27,3,3,0,0,11
C00889,2026-02-25,Nairobi,SME_Services,Self_Employed,M,21,Tier1,418,0,Credit_Card,100419.1,229162.36,0.4499,0.255,0,,,548.8,1,1,2,2,0.0,0.0,0.0,15,1,0,0,0,30
C00891,2026-02-25,Nairobi,Agribusiness,Micro_Enterprise,M,25,Tier2,470,0,Credit_Card,0.0,67168.77,0.0667,0.3177,0,,,618.1,2,0,0,0,0.0,60460.22,56186.43,14,9,0,1,0,203
C00892,2026-02-25,Nairobi,Salaried,Permanent,M,52,Tier2,366,1,Overdraft,52625.43,397058.14,0.1216,0.1366,0,410445.19,0.1282,658.0,1,0,0,0,6659.89,46376.2,47846.42,21,8,1,0,0,11
C00896,2026-02-25,Kiambu,SME_Trade,Self_Employed,M,48,Tier2,394,0,Personal_Loan,522949.98,,,0.2248,12,880801.22,0.5937,569.3,3,0,0,3,4594.15,17159.43,16005.89,16,1,0,0,0,29
C00901,2026-02-25,Machakos,Transport,Micro_Enterprise,M,21,Tier2,344,0,Personal_Loan,423450.05,,,0.2095,12,132542.5,3.1948,585.0,1,0,6,5,301.86,1330.88,1067.08,16,3,2,0,0,28
C00902,2026-02-25,Kiambu,Transport,Micro_Enterprise,F,22,Tier2,296,0,SME_Loan,998522.89,,,0.2089,36,852328.04,1.1715,658.2,2,2,0,0,14739.08,116110.49,87560.19,15,5,2,0,0,11
C00904,2026-02-25,Nairobi,SME_Services,Micro_Enterprise,M,60,Tier2,384,0,Personal_Loan,200548.45,,,0.1127,24,610106.76,0.3287,516.8,1,0,24,3,2278.53,27236.42,20929.32,16,3,0,0,0,5
C00906,2026-02-25,Nairobi,Transport,Micro_Enterprise,M,52,Tier2,438,0,Personal_Loan,360539.77,,,0.2828,12,0.0,5.0,496.7,1,0,3,2,2971.66,20463.56,21108.39,25,2,0,0,0,28
C00908,2026-02-25,Nairobi,Salaried,Permanent,M,28,Tier1,401,1,Overdraft,0.0,227918.65,0.0,0.0942,0,,,698.2,1,0,0,2,7399.85,66740.24,36737.8,19,8,1,0,0,16
C00909,2026-02-25,Nairobi,Hospitality,Micro_Enterprise,F,37,Tier2,429,0,Overdraft,60051.04,152301.15,0.4686,0.1692,0,123847.44,0.4849,513.7,1,1,21,5,2273.68,110473.88,131862.0,19,6,1,0,0,33
C00910,2026-02-25,Kakamega,SME_Trade,Self_Employed,F,25,Tier2,469,0,SME_Loan,368617.41,,,0.2159,36,3288.66,5.0,520.7,3,0,29,4,29195.35,147243.58,140107.0,13,8,2,0,0,25
C00912,2026-02-25,Nakuru,Agribusiness,Self_Employed,F,29,Tier3,435,0,Overdraft,213251.11,249510.25,0.9037,0.2644,0,246711.45,0.8644,664.3,1,1,0,0,11928.24,74951.3,83787.38,29,3,0,0,0,33
C00913,2026-02-25,Mombasa,Salaried,Contract,F,37,Tier1,534,1,Personal_Loan,492883.74,,,0.2571,12,181619.89,2.7138,558.9,1,3,17,6,11553.06,74644.8,41027.53,22,6,3,0,0,30
C00914,2026-02-25,Nakuru,Transport,Self_Employed,F,65,Tier2,477,0,Personal_Loan,287999.99,,,0.1587,18,163789.02,1.7584,538.1,1,0,47,6,1521.87,23740.7,18142.72,19,2,4,1,1,187
C00915,2026-02-25,Kakamega,Salaried,Permanent,M,47,Tier2,452,1,SME_Loan,449030.73,,,0.2616,48,,,652.9,2,1,6,6,3746.66,29548.24,34900.44,32,4,1,0,0,13
C00916,2026-02-25,Kiambu,Agribusiness,Micro_Enterprise,M,41,Tier1,519,0,SME_Loan,419738.9,,,0.1704,24,413780.64,1.0144,591.6,3,0,7,6,139.28,2672.74,2405.94,12,3,1,0,1,5
C00917,2026-02-25,Uasin Gishu,Other,Self_Employed,M,45,Tier2,493,0,Overdraft,0.0,50000.0,0.0,0.2766,0,,,522.7,1,1,13,1,4103.89,52168.01,54631.2,20,5,2,0,0,19
C00919,2026-02-25,Mombasa,Hospitality,Self_Employed,M,32,Tier2,485,0,Credit_Card,0.0,249148.11,0.0024,0.1439,0,,,554.8,1,0,14,1,0.0,0.0,0.0,16,1,2,0,0,20
C00921,2026-02-25,Nyeri,Salaried,Contract,M,60,Tier3,442,1,Credit_Card,8323.06,101911.23,0.0084,0.2816,0,,,693.2,1,0,1,2,5945.31,51882.28,57774.14,28,8,1,0,0,30
C00922,2026-02-25,Kisumu,Other,Self_Employed,F,46,Tier3,435,1,SME_Loan,861863.57,,,0.3165,36,,,652.8,1,0,0,5,41465.56,110947.94,85940.6,19,3,1,0,0,6
C00924,2026-02-25,Kisumu,SME_Trade,Self_Employed,M,27,Tier2,394,0,Personal_Loan,291030.6,,,0.1715,12,560680.33,0.5191,623.5,2,0,0,5,10350.91,89161.16,84093.69,16,5,1,0,1,215
C00925,2026-02-25,Kisumu,SME_Trade,Self_Employed,M,32,Tier2,413,1,Personal_Loan,224993.36,,,0.1901,24,0.0,5.0,423.5,1,2,25,4,40447.13,122213.61,114213.22,15,3,0,1,1,168
C00927,2026-02-25,Kiambu,SME_Services,Self_Employed,M,45,Tier3,424,1,Overdraft,78213.47,261389.74,0.2898,0.2073,0,183847.28,0.4254,678.6,1,1,11,4,1071.6,6907.82,8726.3,20,4,0,0,0,28
C00928,2026-02-25,Mombasa,Agribusiness,Self_Employed,M,34,Tier2,422,0,Personal_Loan,392875.98,,,0.1868,24,677296.73,0.5801,711.0,1,1,0,0,10171.24,132749.09,181001.89,23,3,0,0,0,7
C00934,2026-02-25,Kiambu,Salaried,Permanent,M,50,Tier2,460,1,Overdraft,34233.74,146693.78,0.2311,0.2095,0,58730.25,0.5829,626.5,3,1,2,4,8238.85,91104.44,59793.9,27,5,2,0,0,7
C00935,2026-02-25,Nairobi,Salaried,Permanent,F,40,Tier2,450,1,Personal_Loan,280605.9,,,0.2336,24,0.0,5.0,530.7,1,2,0,0,2134.87,13413.97,7206.05,20,5,0,0,0,13
C00939,2026-02-25,Uasin Gishu,Salaried,Permanent,F,41,Tier2,461,1,SME_Loan,624023.97,,,0.2741,24,413532.99,1.509,510.9,2,5,1,2,4844.01,21689.12,24742.72,26,8,0,0,0,20
C00942,2026-02-25,Nairobi,Salaried,Contract,F,39,Tier2,447,1,Personal_Loan,346213.22,,,0.1878,24,412164.98,0.84,595.8,1,1,4,1,16096.36,92485.07,62272.19,24,8,1,0,0,11
C00943,2026-02-25,Nairobi,Agribusiness,Self_Employed,M,62,Tier2,451,0,Personal_Loan,82717.02,,,0.2603,12,0.0,5.0,602.7,1,0,16,3,1445.31,38443.98,13208.72,20,5,0,0,0,16
C00945,2026-02-25,Nairobi,SME_Services,Self_Employed,M,26,Tier3,446,1,Credit_Card,213322.28,110161.47,1.8,0.2126,0,,,543.9,1,2,14,4,11999.97,71751.56,67473.11,29,5,1,1,0,184
C00952,2026-02-25,Nakuru,Salaried,Permanent,M,34,Tier1,490,1,Overdraft,342847.15,50000.0,1.8,0.1363,0,0.0,5.0,636.6,1,1,33,4,9126.69,109336.1,88407.84,26,13,1,0,0,6
C00955,2026-02-25,Nairobi,Salaried,Permanent,M,56,Tier2,465,1,Overdraft,8409.14,175266.39,0.0,0.1464,0,163130.29,0.0515,542.7,2,0,0,1,3396.61,44661.39,36453.72,12,6,1,0,0,24
C00957,2026-02-25,Mombasa,Agribusiness,Self_Employed,M,39,Tier2,538,0,Personal_Loan,47393.67,,,0.256,12,512219.88,0.0925,695.0,1,2,26,6,6024.01,26936.66,32071.68,26,5,2,0,0,179
C00963,2026-02-25,Mombasa,Construction,Self_Employed,F,58,Tier2,426,0,SME_Loan,545283.93,,,0.1481,12,646019.46,0.8441,592.6,1,2,0,0,2724.37,23751.14,18595.86,22,1,1,0,0,34
C00964,2026-02-25,Uasin Gishu,Transport,Self_Employed,F,30,Tier2,389,0,SME_Loan,311667.33,,,0.2013,36,385340.7,0.8088,746.8,3,1,16,4,2707.61,118355.77,140726.29,13,3,2,0,0,26
C00966,2026-02-25,Nairobi,SME_Trade,Self_Employed,F,47,Tier1,460,0,Credit_Card,178983.67,266751.75,0.6522,0.1898,0,,,576.8,1,0,0,0,0.0,144926.77,174533.6,12,5,1,0,0,29
C00969,2026-02-25,Nairobi,Transport,Micro_Enterprise,F,62,Tier2,498,0,SME_Loan,381803.54,,,0.2022,36,391187.44,0.976,630.8,1,1,0,5,7029.16,64087.3,33930.13,15,1,3,0,0,32
C00970,2026-02-25,Kisumu,Salaried,Permanent,M,22,Tier2,437,1,Personal_Loan,281802.54,,,0.201,24,182167.28,1.5469,464.0,1,0,27,4,1109.54,22305.77,18574.48,18,4,2,0,0,14
C00974,2026-02-25,Nairobi,Salaried,Permanent,F,42,Tier1,408,1,Overdraft,53675.85,383962.46,0.1688,0.3125,0,163055.05,0.3292,668.8,1,0,0,0,15225.29,82955.93,57601.59,30,6,2,0,0,30
C00984,2026-02-25,Nairobi,Salaried,Permanent,F,50,Tier2,427,1,Personal_Loan,188052.11,,,0.2233,18,0.0,5.0,578.2,2,0,26,3,8397.35,57638.1,44513.0,26,5,1,0,0,17
C00985,2026-02-25,Mombasa,Salaried,Permanent,F,47,Tier2,441,1,Personal_Loan,512105.75,,,0.2005,18,174628.07,2.9326,581.7,1,2,18,4,4326.65,17957.0,18856.24,21,7,1,0,0,26
C00987,2026-02-25,Kisumu,Salaried,Permanent,F,48,Tier2,477,1,Personal_Loan,252320.95,,,0.2317,12,487750.26,0.5173,617.9,1,0,0,0,14714.58,180212.19,240589.01,27,7,1,0,0,32
C00988,2026-02-25,Kiambu,Salaried,Permanent,M,35,Tier3,418,1,Personal_Loan,294209.61,,,0.2117,36,,,514.4,2,2,52,6,26113.91,140364.6,130595.82,41,11,1,0,0,5
C00991,2026-02-25,Kiambu,SME_Trade,Self_Employed,F,36,Tier2,341,1,SME_Loan,317695.3,,,0.2149,48,490367.7,0.6479,729.1,3,0,0,0,17285.54,109530.51,105974.55,11,3,0,0,0,23
C00992,2026-02-25,Nairobi,SME_Trade,Self_Employed,M,45,Tier2,468,0,Personal_Loan,196003.97,,,0.1872,24,870294.99,0.2252,633.5,1,2,12,4,1765.17,14712.46,17324.83,23,3,1,0,0,23
C00994,2026-02-25,Machakos,SME_Services,Self_Employed,M,40,Tier2,469,0,Personal_Loan,342381.24,,,0.1751,24,363418.17,0.9421,584.0,2,0,0,0,2498.68,115862.31,125526.64,13,4,0,0,0,19
C00995,2026-02-25,Nairobi,Transport,Self_Employed,F,44,Tier1,361,0,Personal_Loan,321527.71,,,0.2142,18,680650.24,0.4724,587.7,1,0,28,2,11189.1,75203.33,99694.1,16,9,0,0,0,12
C00996,2026-02-25,Nairobi,Transport,Micro_Enterprise,M,49,Tier2,467,1,Credit_Card,87597.61,127898.17,0.6598,0.2215,0,,,500.0,1,0,48,4,0.0,0.0,0.0,21,5,0,1,1,163
C00998,2026-02-25,Nyeri,Construction,Self_Employed,F,37,Tier3,426,0,Overdraft,89835.04,244115.38,0.3887,0.23,0,46898.63,1.9155,547.8,1,5,38,5,18218.87,99486.02,95149.58,28,5,1,1,0,226
C00999,2026-02-25,Uasin Gishu,Transport,Micro_Enterprise,M,64,Tier2,497,0,SME_Loan,535057.56,,,0.1886,36,135326.39,3.9538,522.2,1,1,17,6,4527.94,43195.76,40361.74,24,1,1,0,0,25
C01003,2026-02-25,Kisumu,Salaried,Permanent,M,46,Tier2,449,1,SME_Loan,705752.6,,,0.1439,12,,,649.0,3,1,2,1,3810.26,48629.51,85508.28,25,4,0,0,0,14
C01006,2026-02-25,Kakamega,SME_Trade,Self_Employed,M,62,Tier2,388,1,Personal_Loan,152983.9,,,0.2425,12,823973.17,0.1857,489.3,1,1,13,2,23967.9,93383.6,107238.56,18,7,0,1,1,137
C01012,2026-02-25,Nairobi,Salaried,Permanent,M,56,Tier2,499,1,Personal_Loan,300480.26,,,0.2421,36,319244.54,0.9412,571.6,1,1,21,3,21736.0,205484.27,153742.38,31,11,2,1,0,164
C01013,2026-02-25,Nairobi,Agribusiness,Self_Employed,F,32,Tier2,365,1,Overdraft,353121.7,463452.93,0.644,0.1928,0,30524.12,5.0,574.1,1,1,5,5,0.0,55695.46,59162.73,12,4,0,0,0,12
C01015,2026-02-25,Kisumu,SME_Trade,Self_Employed,F,44,Tier3,424,0,Personal_Loan,588426.9,,,0.135,24,738407.83,0.7969,605.3,1,0,0,1,12870.31,68479.41,33363.58,13,3,0,0,0,7
C01017,2026-02-25,Nairobi,Salaried,Permanent,F,38,Tier1,400,1,Credit_Card,87716.51,60730.61,1.7937,0.2232,0,,,653.1,3,0,16,6,17362.78,104914.39,60793.99,15,5,0,0,0,18
C01019,2026-02-25,Nairobi,Agribusiness,Self_Employed,M,22,Tier2,465,0,Credit_Card,171270.25,185518.68,0.7661,0.3652,0,,,603.3,1,2,0,0,0.0,0.0,0.0,18,3,1,0,0,31
C01022,2026-02-25,Nairobi,Agribusiness,Micro_Enterprise,M,24,Tier3,484,0,SME_Loan,372686.18,,,0.1954,36,254551.27,1.4641,581.7,2,1,2,1,0.0,15069.85,19663.67,19,4,1,1,0,127
C01025,2026-02-25,Nairobi,Agribusiness,Micro_Enterprise,M,57,Tier2,462,1,SME_Loan,679600.78,,,0.2709,24,521797.97,1.3024,616.5,3,0,19,2,4814.3,32806.79,22896.96,25,5,2,0,0,19
C01027,2026-02-25,Nairobi,Salaried,Permanent,M,24,Tier2,427,1,Personal_Loan,37285.67,,,0.1798,36,302648.71,0.1232,693.8,1,1,0,1,43689.19,138936.97,118034.07,28,6,0,0,0,30
C01028,2026-02-25,Kiambu,SME_Services,Micro_Enterprise,M,33,Tier2,524,0,Overdraft,119471.78,281764.0,0.5418,0.2515,0,211046.0,0.5661,551.1,1,0,0,0,12331.59,131986.93,87018.63,24,6,1,0,0,17
C01030,2026-02-25,Nairobi,Transport,Self_Employed,F,36,Tier1,473,0,SME_Loan,1110581.2,,,0.1683,48,842927.76,1.3175,558.4,3,1,0,4,10836.07,80719.33,48755.06,19,3,1,0,0,20
C01031,2026-02-25,Machakos,Salaried,Permanent,F,42,Tier2,469,1,SME_Loan,0.0,,,0.2331,24,155268.83,0.05,708.1,2,0,0,0,239.26,15633.47,9013.36,21,5,0,0,0,7
C01032,2026-02-25,Nairobi,SME_Trade,Self_Employed,F,28,Tier3,528,0,SME_Loan,564814.05,,,0.1637,48,324585.05,1.7401,577.2,2,1,0,0,7214.93,25644.07,19660.48,22,3,3,0,0,22
C01035,2026-02-25,Meru,SME_Trade,Micro_Enterprise,F,23,Tier2,509,0,Personal_Loan,196606.89,,,0.3027,24,420477.79,0.4676,643.5,1,2,1,5,15261.24,129476.23,84018.83,16,5,0,0,0,198
C01041,2026-02-25,Kiambu,Salaried,Permanent,M,52,Tier2,463,1,Personal_Loan,514041.66,,,0.2296,12,,,589.9,1,1,30,5,1254.0,9674.03,11391.64,31,6,0,0,0,26
C01044,2026-02-25,Nyeri,Salaried,Permanent,M,37,Tier2,432,1,Personal_Loan,131080.42,,,0.1748,24,1043178.94,0.1257,655.4,1,1,0,0,3093.92,13314.72,13440.01,23,3,0,0,0,14
C01047,2026-02-25,Machakos,Salaried,Permanent,M,31,Tier2,425,1,Personal_Loan,343649.58,,,0.2384,36,292270.23,1.1758,569.7,1,0,23,6,18028.13,113881.23,76606.42,39,5,1,0,0,32
C01048,2026-02-25,Kiambu,Salaried,Permanent,F,48,Tier2,407,1,SME_Loan,343813.14,,,0.2338,48,292114.83,1.177,616.7,2,2,0,0,34967.54,134821.21,92519.72,34,3,2,0,0,33
C01049,2026-02-25,Nairobi,Salaried,Permanent,M,51,Tier2,440,1,Personal_Loan,255248.92,,,0.2285,24,172952.0,1.4758,563.0,1,2,0,2,13091.07,88890.64,66678.55,30,4,0,0,0,10
C01050,2026-02-25,Nyeri,SME_Trade,Micro_Enterprise,M,26,Tier2,425,0,Personal_Loan,415084.79,,,0.2539,36,720772.29,0.5759,472.3,2,2,34,5,22170.27,118318.13,96470.76,16,5,1,1,1,142
C01052,2026-02-25,Nakuru,SME_Services,Micro_Enterprise,M,37,Tier2,442,0,SME_Loan,488416.9,,,0.2026,36,493599.94,0.9895,670.7,2,1,28,6,1940.66,9753.14,8061.92,19,2,0,0,0,18
C01055,2026-02-25,Kiambu,Salaried,Permanent,F,24,Tier1,444,1,Overdraft,33791.01,223884.84,0.1902,0.2033,0,302568.95,0.1117,373.1,3,0,59,6,21958.94,102278.25,74163.64,23,1,0,1,0,223
C01057,2026-02-25,Kiambu,Agribusiness,Micro_Enterprise,F,41,Tier2,384,0,SME_Loan,527323.66,,,0.2086,12,565294.32,0.9328,452.1,3,0,46,4,4084.89,16866.1,14535.13,20,6,1,0,0,27
C01061,2026-02-25,Nairobi,Salaried,Permanent,F,55,Tier3,440,1,SME_Loan,641893.57,,,0.2715,24,206909.71,3.1023,617.8,4,3,1,1,76396.51,297025.39,287171.57,30,6,0,0,0,23
C01063,2026-02-25,Nyeri,SME_Services,Self_Employed,M,27,Tier3,473,1,Overdraft,33575.11,220453.14,0.0,0.2386,0,,,610.9,1,1,2,6,12451.75,41621.38,34696.1,27,6,1,0,0,12
C01068,2026-02-25,Kiambu,Salaried,Permanent,M,49,Tier1,454,1,Overdraft,161891.16,500097.46,0.2905,0.2426,0,135671.25,1.1933,553.4,1,2,12,6,0.0,0.0,0.0,25,4,0,0,0,15
C01069,2026-02-25,Nakuru,SME_Trade,Micro_Enterprise,F,36,Tier3,412,1,Overdraft,149863.6,234181.87,0.7318,0.288,0,162801.46,0.9205,623.5,1,2,0,1,7286.35,37039.23,33862.04,34,3,0,0,0,9
C01072,2026-02-25,Mombasa,Hospitality,Self_Employed,M,30,Tier3,434,0,Personal_Loan,104119.14,,,0.2303,18,354837.51,0.2934,680.7,1,2,0,1,265.65,2151.13,2538.19,26,3,0,0,0,8
C01073,2026-02-25,Meru,SME_Trade,Micro_Enterprise,F,55,Tier2,524,0,SME_Loan,931339.98,,,0.1629,24,106443.57,5.0,668.2,2,1,0,2,14248.27,46660.68,42920.8,14,1,0,0,0,31
C01075,2026-02-25,Uasin Gishu,SME_Trade,Micro_Enterprise,M,42,Tier1,490,1,SME_Loan,442637.9,,,0.2224,36,695092.65,0.6368,521.0,1,1,30,6,26712.97,172692.32,197947.1,11,3,1,0,0,24
C01077,2026-02-25,Meru,Construction,Micro_Enterprise,M,53,Tier2,402,1,Overdraft,119770.15,401448.37,0.3788,0.181,0,175266.11,0.6834,563.6,3,1,0,2,6014.92,27250.67,30987.09,19,2,0,0,0,27
C01079,2026-02-25,Kisumu,SME_Trade,Self_Employed,M,39,Tier2,462,0,Personal_Loan,63619.42,,,0.2898,24,410252.73,0.1551,529.5,2,1,19,5,14797.2,108766.7,71507.43,24,1,1,0,0,27
C01080,2026-02-25,Nairobi,SME_Trade,Self_Employed,M,58,Tier2,480,0,Credit_Card,0.0,248592.27,0.0382,0.3367,0,,,690.7,1,0,4,1,12670.51,97778.49,140648.41,19,9,2,0,0,30
C01081,2026-02-25,Kisumu,Transport,Self_Employed,F,62,Tier2,433,0,Personal_Loan,331069.83,,,0.1869,36,429534.54,0.7708,601.1,1,0,26,5,18235.56,85650.13,58994.51,20,9,1,0,0,5
C01082,2026-02-25,Nyeri,Salaried,Permanent,F,65,Tier2,439,1,Personal_Loan,565159.5,,,0.2126,24,118818.82,4.7565,628.8,1,0,14,5,5186.12,23702.48,10566.13,29,5,0,0,0,19
C01083,2026-02-25,Nakuru,Agribusiness,Self_Employed,M,64,Tier1,438,0,Overdraft,254084.15,194082.29,1.3236,0.2309,0,74492.52,3.4109,616.9,1,0,0,4,20569.94,132727.56,91137.67,10,4,0,0,0,24
C01084,2026-02-25,Kisumu,Agribusiness,Self_Employed,M,46,Tier3,440,0,Personal_Loan,278385.73,,,0.1754,24,0.0,5.0,633.0,2,0,7,3,967.2,13286.92,14440.36,14,2,0,0,0,34
C01085,2026-02-25,Machakos,Transport,Self_Employed,M,30,Tier3,424,0,SME_Loan,829260.07,,,0.2243,36,662550.74,1.2516,689.4,3,0,0,3,11153.76,50628.45,50676.72,18,4,0,0,0,29
C01087,2026-02-25,Kisumu,Salaried,Permanent,M,57,Tier2,480,1,SME_Loan,838411.96,,,0.2194,36,343495.24,2.4408,587.7,2,1,3,3,0.0,0.0,0.0,19,6,2,0,0,21
C01090,2026-02-25,Kiambu,Other,Self_Employed,F,27,Tier3,403,0,SME_Loan,580516.95,,,0.2091,36,,,681.4,1,2,3,2,746.1,5697.04,5990.85,18,2,3,0,0,27
C01091,2026-02-25,Meru,SME_Services,Self_Employed,M,43,Tier2,327,0,Credit_Card,178045.18,72580.21,1.8,0.2517,0,,,409.3,1,0,69,3,1883.55,12027.29,8264.07,22,2,1,0,0,28
C01093,2026-02-25,Kakamega,Salaried,Permanent,F,58,Tier2,445,1,Personal_Loan,480989.3,,,0.2322,24,,,644.1,2,0,4,4,5351.86,34868.86,34726.44,34,3,0,0,0,19
C01095,2026-02-25,Nairobi,Salaried,Permanent,F,35,Tier3,259,1,SME_Loan,509650.43,,,0.2324,12,625161.74,0.8152,702.3,1,0,1,1,184.49,2027.27,2743.09,30,7,1,0,0,17
C01096,2026-02-25,Uasin Gishu,SME_Services,Micro_Enterprise,M,24,Tier1,415,1,Personal_Loan,233921.48,,,0.2684,36,616997.62,0.3791,722.6,2,0,0,0,6371.62,61051.5,57708.75,21,4,2,0,0,31
C01099,2026-02-25,Nakuru,Salaried,Permanent,M,22,Tier1,479,1,Personal_Loan,207833.24,,,0.1667,12,0.0,5.0,418.5,1,1,51,1,5362.12,52369.6,51173.51,29,5,0,0,0,34
C01100,2026-02-25,Kiambu,Salaried,Permanent,F,40,Tier2,421,1,Personal_Loan,365903.15,,,0.2413,36,,,586.9,1,1,3,1,0.0,16902.43,13945.34,20,5,2,0,0,9
C01101,2026-02-25,Machakos,Salaried,Permanent,F,42,Tier2,423,1,Credit_Card,61956.7,180066.25,0.3859,0.2451,0,,,642.9,1,1,4,3,8474.28,47282.84,26062.83,31,5,1,1,1,158
C01103,2026-02-25,Machakos,Salaried,Permanent,M,62,Tier1,472,1,SME_Loan,523759.83,,,0.227,24,367312.53,1.4259,539.3,2,1,5,3,772.63,47014.7,38226.6,20,2,0,0,0,30
C01104,2026-02-25,Kisumu,Salaried,Permanent,F,27,Tier2,434,1,SME_Loan,711855.87,,,0.2182,24,383619.48,1.8556,592.8,2,2,0,0,40222.5,138684.49,130709.71,36,10,1,0,0,20
C01109,2026-02-25,Nakuru,SME_Trade,Self_Employed,M,63,Tier1,300,1,Personal_Loan,233576.86,,,0.2371,12,460457.19,0.5073,711.0,3,0,1,3,8132.45,54551.76,56129.46,22,2,1,1,0,9
C01114,2026-02-25,Nairobi,Hospitality,Micro_Enterprise,F,34,Tier1,412,0,Personal_Loan,303279.9,,,0.2751,18,285299.37,1.063,661.8,1,0,5,5,8115.68,40380.1,14984.01,21,5,2,0,0,6
C01117,2026-02-25,Kisumu,Salaried,Permanent,F,65,Tier2,496,1,Personal_Loan,466255.67,,,0.2247,24,542821.66,0.8589,479.4,3,0,4,5,19835.87,51723.23,27163.14,40,12,3,0,0,203
C01118,2026-02-25,Nairobi,Transport,Self_Employed,M,47,Tier2,408,0,Personal_Loan,207957.54,,,0.2538,36,232802.73,0.8933,593.9,3,0,26,4,13158.31,47981.26,40987.58,17,6,1,1,0,16
C01120,2026-02-25,Kiambu,Hospitality,Micro_Enterprise,F,43,Tier2,480,0,Overdraft,69174.05,104417.16,0.7525,0.2321,0,63557.44,1.0884,729.3,1,0,0,2,3619.59,24619.2,19200.98,13,4,0,0,0,11
C01121,2026-02-25,Kakamega,Salaried,Permanent,M,21,Tier3,417,1,Overdraft,208555.84,324302.47,0.601,0.2232,0,21978.33,5.0,598.7,1,0,34,2,10593.8,76520.82,87068.94,35,5,0,0,0,23
C01125,2026-02-25,Nairobi,Salaried,Contract,F,58,Tier2,498,1,Personal_Loan,234361.69,,,0.2211,12,138993.77,1.6861,707.9,1,0,0,1,4102.2,54467.87,36076.06,22,15,1,0,0,16
C01131,2026-02-25,Kiambu,Salaried,Permanent,F,39,Tier1,427,1,Overdraft,76039.18,186034.56,0.282,0.2809,0,87157.53,0.8724,410.9,2,0,49,5,21488.23,100245.07,91619.33,23,3,0,0,0,184
C01132,2026-02-25,Meru,Salaried,Permanent,F,51,Tier1,386,1,Personal_Loan,281072.83,,,0.2704,12,517614.45,0.543,714.4,1,0,0,0,5631.76,36672.53,20462.91,17,4,0,0,0,31
C01133,2026-02-25,Kiambu,SME_Services,Self_Employed,M,56,Tier2,373,1,Personal_Loan,424438.76,,,0.1914,12,0.0,5.0,638.6,1,0,0,0,4721.46,133808.04,127101.84,12,2,2,0,0,32
C01137,2026-02-25,Nairobi,Agribusiness,Self_Employed,F,53,Tier2,416,0,Overdraft,152070.72,168532.11,1.0217,0.2656,0,,,512.4,1,2,31,4,6172.92,45546.35,26698.4,14,8,0,0,0,17
C01138,2026-02-25,Nairobi,Agribusiness,Micro_Enterprise,M,37,Tier3,514,0,Personal_Loan,522283.09,,,0.1943,18,490312.28,1.0652,602.4,1,2,17,2,3202.57,12731.73,10615.14,22,4,0,0,0,31
C01141,2026-02-25,Nairobi,SME_Services,Micro_Enterprise,F,60,Tier1,316,0,Personal_Loan,237163.35,,,0.2564,24,676685.15,0.3505,614.7,3,2,14,6,20018.23,88466.87,44977.21,17,3,0,0,0,163
C01142,2026-02-25,Uasin Gishu,SME_Trade,Micro_Enterprise,M,36,Tier2,472,0,Personal_Loan,186414.32,,,0.2167,36,201821.32,0.9237,655.6,1,2,15,5,828.79,3063.86,2915.92,14,7,2,0,0,27
C01143,2026-02-25,Mombasa,Salaried,Permanent,M,62,Tier2,454,1,Personal_Loan,335744.05,,,0.1957,12,371465.6,0.9038,508.1,2,1,24,2,18214.67,97722.71,97018.13,21,4,2,0,0,17
C01144,2026-02-25,Nairobi,Construction,Self_Employed,M,59,Tier1,323,1,SME_Loan,762066.14,,,0.151,12,,,726.5,1,1,0,1,671.38,9947.35,11224.38,22,4,0,0,0,27
C01147,2026-02-25,Machakos,SME_Services,Self_Employed,M,44,Tier2,358,0,Overdraft,192549.03,184063.93,0.7721,0.2212,0,275131.2,0.6998,538.9,1,0,25,6,0.0,0.0,0.0,25,6,1,0,1,151
C01151,2026-02-25,Nairobi,Salaried,Permanent,F,37,Tier1,444,1,Credit_Card,34847.75,270690.0,0.1548,0.3274,0,,,782.6,2,0,0,2,1316.73,7672.05,6071.76,25,1,0,0,0,26
C01154,2026-02-25,Nakuru,SME_Trade,Micro_Enterprise,M,61,Tier3,508,0,Overdraft,23085.8,206352.9,0.1642,0.2122,0,,,557.4,4,1,8,4,0.0,0.0,0.0,30,4,1,0,0,33
C01155,2026-02-25,Nairobi,SME_Services,Self_Employed,F,34,Tier2,402,1,Overdraft,159810.42,135389.89,1.463,0.3053,0,114129.79,1.4003,618.1,1,0,3,0,0.0,146448.18,181889.38,14,5,4,0,0,12
C01156,2026-02-25,Kiambu,Agribusiness,Self_Employed,M,47,Tier1,445,0,SME_Loan,741593.59,,,0.2276,12,,,662.8,2,0,15,4,12063.2,39933.32,37941.95,17,6,4,0,0,136
C01157,2026-02-25,Nyeri,SME_Services,Self_Employed,M,26,Tier2,391,0,Overdraft,79600.54,281316.56,0.2751,0.2524,0,150689.8,0.5282,688.0,3,0,0,2,4925.91,38174.22,27539.01,17,5,1,1,0,122
C01159,2026-02-25,Kiambu,Salaried,Permanent,M,38,Tier2,510,1,SME_Loan,381817.74,,,0.2303,24,,,618.0,1,0,0,0,13471.18,55856.84,56094.34,25,8,0,0,0,6
C01161,2026-02-25,Nairobi,Salaried,Contract,M,47,Tier2,510,1,Overdraft,87652.57,328387.47,0.461,0.2977,0,168425.45,0.5204,645.6,1,2,0,0,49669.28,294324.23,379791.28,29,4,0,0,0,28
C01165,2026-02-25,Nakuru,Salaried,Permanent,F,44,Tier2,510,1,Personal_Loan,238292.52,,,0.2888,18,170679.41,1.3961,748.0,1,2,1,1,10208.07,30328.04,27341.84,32,3,0,0,0,26
C01167,2026-02-25,Kisumu,SME_Services,Micro_Enterprise,F,21,Tier2,515,1,Personal_Loan,303057.06,,,0.2504,18,0.0,5.0,526.9,1,2,0,0,0.0,59639.54,45174.1,18,3,1,0,0,30
C01168,2026-02-25,Nairobi,SME_Trade,Self_Employed,M,38,Tier1,459,1,Overdraft,205667.62,277412.09,0.6512,0.1894,0,308583.2,0.6665,494.1,1,0,5,6,14270.37,44492.77,28467.87,10,5,0,0,0,147
C01172,2026-02-25,Nakuru,SME_Trade,Micro_Enterprise,F,49,Tier2,482,0,Overdraft,214817.49,291269.17,0.6885,0.2964,0,148169.37,1.4498,630.1,1,2,0,0,758.25,2684.98,3223.28,15,3,0,0,0,12
C01173,2026-02-25,Kiambu,SME_Services,Micro_Enterprise,F,38,Tier3,494,0,Personal_Loan,367643.6,,,0.2259,24,,,398.6,1,1,43,6,2257.32,21244.43,15085.75,18,4,0,1,0,233
C01174,2026-02-25,Machakos,Salaried,Permanent,M,28,Tier2,473,1,Personal_Loan,437062.16,,,0.2568,24,477140.63,0.916,567.0,3,1,37,6,15732.32,70744.71,35326.39,34,8,0,0,0,33
C01178,2026-02-25,Mombasa,Salaried,Permanent,M,29,Tier2,392,1,Credit_Card,111740.91,104659.9,0.8488,0.3324,0,,,663.5,6,1,0,0,18273.35,93894.73,55827.63,21,5,2,0,0,26
C01179,2026-02-25,Kisumu,Transport,Self_Employed,F,32,Tier1,510,0,Overdraft,66305.84,50000.0,1.7048,0.2318,0,307490.74,0.2156,615.2,1,1,15,6,16939.01,41938.34,40932.16,19,8,1,1,1,175
C01189,2026-02-25,Meru,Agribusiness,Self_Employed,F,46,Tier3,409,1,Personal_Loan,160758.36,,,0.1739,24,355779.59,0.4518,754.9,1,0,37,1,20410.62,75321.19,75244.51,27,4,2,0,0,14
C01192,2026-02-25,Kakamega,Salaried,Permanent,F,33,Tier2,435,1,SME_Loan,682807.36,,,0.1551,24,209463.26,3.2598,552.9,1,1,0,0,10086.54,65857.84,67303.98,27,4,1,0,0,15
C01195,2026-02-25,Nairobi,Salaried,Permanent,F,44,Tier3,359,1,SME_Loan,184043.95,,,0.0936,24,,,602.1,2,2,0,5,10497.55,67233.78,71498.36,26,2,1,0,0,8
C01198,2026-02-25,Kisumu,Salaried,Permanent,M,65,Tier2,447,1,SME_Loan,475738.53,,,0.215,36,1069315.15,0.4449,664.9,1,0,12,4,0.0,0.0,0.0,30,5,1,1,0,30
C01202,2026-02-25,Nairobi,Other,Micro_Enterprise,M,42,Tier3,498,0,SME_Loan,33654.49,,,0.1231,12,133778.83,0.2516,486.1,2,0,28,6,756.48,10037.42,8359.35,26,4,2,0,0,34
C01204,2026-02-25,Nairobi,SME_Trade,Self_Employed,M,55,Tier3,463,0,Personal_Loan,515383.01,,,0.2704,18,,,536.8,1,0,3,5,1708.03,15417.46,18514.02,23,3,2,0,0,7
C01205,2026-02-25,Kiambu,Agribusiness,Self_Employed,M,50,Tier2,444,0,SME_Loan,678754.39,,,0.16,36,532733.46,1.2741,663.8,2,0,13,5,1083.57,11651.55,13591.36,17,4,0,0,0,31
C01207,2026-02-25,Kisumu,Agribusiness,Self_Employed,F,44,Tier1,363,0,Credit_Card,3506.64,30000.0,0.4976,0.2972,0,,,689.5,1,1,0,0,8541.1,38517.52,35509.02,20,6,1,0,0,9
C01208,2026-02-25,Kiambu,Salaried,Permanent,F,53,Tier2,463,1,Personal_Loan,220238.28,,,0.1886,12,188234.97,1.17,532.4,2,1,28,4,9457.02,76336.81,51877.68,25,6,0,1,0,213
C01209,2026-02-25,Nakuru,SME_Trade,Self_Employed,F,33,Tier2,497,1,SME_Loan,876437.23,,,0.3143,48,328161.66,2.6707,670.0,6,0,0,4,6457.85,98542.41,74468.08,30,3,2,0,0,12
C01216,2026-02-25,Meru,Salaried,Permanent,M,26,Tier2,451,1,Personal_Loan,467358.77,,,0.1728,36,909811.51,0.5137,713.8,4,0,0,0,7646.09,47140.94,43270.56,28,5,1,0,0,32
C01221,2026-02-25,Kisumu,Agribusiness,Micro_Enterprise,M,50,Tier2,369,0,SME_Loan,883090.51,,,0.2559,24,185565.09,4.7589,637.9,2,1,3,3,11201.54,135506.93,149377.62,22,4,1,0,0,16
C01223,2026-02-25,Nyeri,Other,Self_Employed,F,64,Tier3,425,0,SME_Loan,394186.78,,,0.2079,24,625311.98,0.6304,645.3,1,2,0,0,3462.18,9573.09,7483.2,21,7,3,0,0,22
C01224,2026-02-25,Nakuru,Salaried,Permanent,M,50,Tier1,453,1,SME_Loan,195599.37,,,0.2218,36,,,598.4,2,1,2,0,9119.75,36102.93,23898.06,28,4,2,0,0,31
C01232,2026-02-25,Kisumu,Salaried,Permanent,F,54,Tier1,451,1,Overdraft,257473.15,516400.42,0.5063,0.1752,0,75525.11,3.4091,602.3,1,0,0,0,3869.13,47011.73,47065.83,30,6,0,0,0,23
C01234,2026-02-25,Kiambu,SME_Services,Self_Employed,M,54,Tier1,525,1,SME_Loan,619488.19,,,0.2546,24,0.0,5.0,667.6,3,0,4,5,3608.1,54162.57,43860.99,15,5,1,0,0,15
C01235,2026-02-25,Nyeri,SME_Services,Self_Employed,F,49,Tier2,430,0,Personal_Loan,382664.38,,,0.2259,36,60782.64,5.0,571.3,1,1,0,2,7970.64,71503.05,73677.07,24,3,2,0,0,28
C01237,2026-02-25,Nairobi,Transport,Self_Employed,F,21,Tier1,408,1,Overdraft,99570.85,176494.59,0.5558,0.2379,0,82794.03,1.2026,753.3,1,0,0,3,2507.15,28092.13,22175.53,15,3,1,0,0,20
C01240,2026-02-25,Nyeri,Salaried,Contract,M,22,Tier2,490,1,Personal_Loan,241608.74,,,0.2567,18,212922.92,1.1347,628.3,1,0,5,6,9148.81,44839.89,45787.25,20,7,0,1,0,197
C01243,2026-02-25,Meru,Salaried,Contract,F,64,Tier2,471,1,SME_Loan,305706.89,,,0.1711,36,66803.37,4.5762,565.4,3,1,0,2,8024.83,87613.78,21837.17,27,9,1,0,0,27
C01244,2026-02-25,Nairobi,Salaried,Permanent,M,43,Tier2,492,1,Credit_Card,114536.7,154653.76,1.0818,0.2508,0,,,671.8,3,1,0,0,24607.69,92116.33,110294.46,34,4,2,0,0,31
C01245,2026-02-25,Meru,Salaried,Permanent,M,60,Tier2,354,1,Personal_Loan,353299.0,,,0.234,24,635219.55,0.5562,614.9,1,2,0,0,18667.92,104658.2,82919.89,27,3,2,0,0,21
C01247,2026-02-25,Kisumu,Salaried,Permanent,M,59,Tier3,379,1,Personal_Loan,404804.98,,,0.1824,12,,,577.1,1,0,0,0,17222.45,57140.69,60013.57,28,5,0,0,0,20
C01248,2026-02-25,Kisumu,Salaried,Permanent,F,41,Tier2,422,1,Overdraft,46459.09,298139.62,0.221,0.2254,0,56173.51,0.8271,692.3,1,2,0,1,11800.1,57501.08,41137.24,31,8,0,0,0,8
C01251,2026-02-25,Kakamega,Agribusiness,Micro_Enterprise,M,31,Tier2,455,0,Overdraft,70510.93,295931.66,0.2422,0.2046,0,170769.59,0.4129,524.3,1,1,13,2,6359.93,39422.03,33165.99,15,3,2,0,0,24
C01253,2026-02-25,Nakuru,Salaried,Permanent,F,24,Tier1,464,1,Personal_Loan,280544.71,,,0.2205,12,247397.77,1.134,650.3,1,0,29,6,225.57,4532.78,3233.52,25,4,0,0,0,5
C01256,2026-02-25,Nairobi,Salaried,Permanent,M,24,Tier1,498,1,SME_Loan,378499.18,,,0.1968,24,478541.83,0.7909,613.6,3,1,0,0,18419.46,94104.41,99253.25,27,7,0,0,0,34
C01261,2026-02-25,Machakos,Agribusiness,Self_Employed,F,32,Tier1,333,0,Credit_Card,34351.16,159173.83,0.3337,0.3158,0,,,629.8,1,1,14,4,2359.75,27311.38,16464.66,14,5,0,0,0,27
C01262,2026-02-25,Nairobi,SME_Trade,Self_Employed,M,62,Tier1,347,0,Personal_Loan,377800.7,,,0.2239,12,773670.82,0.4883,563.2,2,0,21,4,3316.03,18534.22,24053.29,14,4,2,0,0,24
C01265,2026-02-25,Nairobi,Hospitality,Self_Employed,F,31,Tier3,456,1,Overdraft,0.0,50000.0,0.0,0.2315,0,13323.97,0.05,628.7,2,0,0,0,27071.44,163407.94,134647.31,23,4,0,0,0,24
C01270,2026-02-25,Mombasa,Agribusiness,Self_Employed,F,23,Tier2,431,0,Overdraft,123632.11,155920.56,0.933,0.2001,0,25126.98,4.9203,595.1,1,1,16,5,2571.96,15974.22,7819.77,12,4,1,0,0,19
C01271,2026-02-25,Nyeri,Salaried,Permanent,F,37,Tier2,426,1,Personal_Loan,131996.51,,,0.2422,18,584896.9,0.2257,546.4,2,1,23,5,0.0,25175.51,25433.95,29,9,0,0,0,14
C01272,2026-02-25,Kisumu,Salaried,Contract,M,25,Tier1,405,1,Personal_Loan,522024.34,,,0.1737,36,,,592.2,2,0,20,6,17349.8,112368.67,114571.05,25,5,2,0,0,29
C01274,2026-02-25,Nairobi,Other,Self_Employed,M,51,Tier2,400,1,SME_Loan,542479.21,,,0.2025,12,704821.95,0.7697,488.1,4,1,45,3,7701.91,33247.5,39584.78,23,3,3,0,0,15
C01275,2026-02-25,Mombasa,Salaried,Permanent,F,55,Tier1,362,1,Personal_Loan,197489.17,,,0.2696,36,533802.47,0.37,691.2,1,1,0,0,13650.97,70885.02,44325.94,29,5,2,0,0,10
C01279,2026-02-25,Nakuru,Construction,Micro_Enterprise,M,21,Tier2,444,0,SME_Loan,248109.18,,,0.1462,36,696143.82,0.3564,621.1,3,1,34,6,5970.28,32663.55,23526.29,21,3,2,0,0,186
C01280,2026-02-25,Nairobi,SME_Services,Self_Employed,F,59,Tier3,410,0,Personal_Loan,227215.91,,,0.1513,36,223787.2,1.0153,382.6,1,0,59,6,12915.72,68953.5,60775.06,31,3,2,1,0,150
C01281,2026-02-25,Nairobi,SME_Services,Micro_Enterprise,M,54,Tier2,330,1,Credit_Card,0.0,276019.47,0.0,0.3311,0,,,537.8,1,0,11,3,9287.19,76230.48,62099.37,13,2,1,0,0,32
C01286,2026-02-25,Nairobi,Hospitality,Self_Employed,M,23,Tier2,401,0,Overdraft,5186.74,430767.32,0.0,0.202,0,28763.5,0.1803,609.2,1,0,7,3,8140.88,38757.85,22891.65,15,5,5,0,0,34
C01292,2026-02-25,Nairobi,SME_Trade,Micro_Enterprise,M,59,Tier2,431,0,SME_Loan,336608.0,,,0.1807,24,118696.63,2.8359,581.7,1,0,5,5,32673.79,87994.27,81847.99,17,4,1,0,1,175
C01293,2026-02-25,Kakamega,SME_Services,Self_Employed,M,40,Tier1,349,0,Overdraft,7688.09,158387.08,0.0386,0.2384,0,67374.06,0.1141,659.9,1,0,5,1,11678.67,187605.44,228270.48,20,2,1,1,0,197
C01299,2026-02-25,Kiambu,Other,Self_Employed,M,44,Tier2,404,0,Personal_Loan,321899.07,,,0.2108,24,33067.35,5.0,573.8,1,0,29,3,0.0,29789.4,16416.51,14,5,1,0,0,12
C01305,2026-02-25,Nairobi,Transport,Micro_Enterprise,M,48,Tier2,475,1,Credit_Card,127419.61,122266.01,0.8594,0.2529,0,,,547.8,3,0,40,3,0.0,41955.91,57296.22,17,3,0,0,0,25
C01306,2026-02-25,Mombasa,Salaried,Permanent,M,51,Tier1,535,1,Overdraft,352157.99,383289.11,1.0345,0.2944,0,194498.7,1.8106,614.7,1,0,0,1,11573.04,81682.75,77718.25,26,4,0,0,1,17
C01312,2026-02-25,Mombasa,SME_Trade,Self_Employed,F,36,Tier1,539,0,Credit_Card,111076.13,176447.3,0.6605,0.3227,0,,,465.7,1,1,31,4,9769.23,57689.14,33305.42,20,3,0,0,0,130
C01314,2026-02-25,Nyeri,Salaried,Permanent,M,59,Tier2,466,1,Personal_Loan,335668.02,,,0.185,24,,,606.7,4,2,17,2,36780.24,171216.15,191888.47,28,6,1,0,0,27
C01317,2026-02-25,Nakuru,SME_Trade,Self_Employed,F,52,Tier2,499,0,Personal_Loan,434925.13,,,0.2024,18,286740.69,1.5168,567.2,1,0,13,4,13286.03,74994.05,80134.09,30,4,1,0,0,26
C01318,2026-02-25,Nakuru,Other,Self_Employed,F,47,Tier2,536,1,Credit_Card,147191.04,184670.32,0.972,0.1961,0,,,664.7,1,1,3,3,22398.7,98278.33,89786.45,24,4,3,0,0,15
C01319,2026-02-25,Uasin Gishu,Salaried,Permanent,M,41,Tier1,449,1,Overdraft,117415.98,225525.77,0.5172,0.3011,0,168949.56,0.695,507.0,1,0,48,6,3128.79,14585.81,11567.33,30,2,0,0,0,18
C01321,2026-02-25,Kiambu,SME_Trade,Self_Employed,F,26,Tier3,443,1,Credit_Card,36753.27,221421.33,0.2045,0.365,0,,,589.8,1,2,0,0,20961.95,64097.92,53976.72,21,3,1,0,0,30
C01323,2026-02-25,Kiambu,Salaried,Contract,M,45,Tier1,479,1,Personal_Loan,122642.37,,,0.1833,18,134863.78,0.9094,607.6,1,3,1,3,1465.02,18141.54,16710.66,24,7,0,0,0,31
C01327,2026-02-25,Kisumu,SME_Services,Self_Employed,F,51,Tier1,401,0,Personal_Loan,106579.3,,,0.2024,24,648010.0,0.1645,654.3,1,1,0,0,0.0,15791.4,16644.12,19,6,0,0,0,12
C01331,2026-02-25,Meru,SME_Trade,Self_Employed,F,41,Tier2,424,0,Credit_Card,23607.74,184618.23,0.1777,0.338,0,,,613.2,1,0,23,4,21275.75,145039.42,184525.54,18,6,3,0,0,33
C01332,2026-02-25,Uasin Gishu,Salaried,Permanent,F,53,Tier2,429,1,Personal_Loan,351579.56,,,0.1747,36,853872.24,0.4117,637.3,1,0,17,6,46.21,379.71,410.84,28,7,2,0,0,16
C01337,2026-02-25,Nairobi,Agribusiness,Self_Employed,F,49,Tier2,439,0,Personal_Loan,420386.35,,,0.2491,24,200746.26,2.0941,527.6,1,0,23,6,254.16,2917.74,1952.36,10,4,1,0,0,12
C01340,2026-02-25,Nakuru,SME_Trade,Self_Employed,M,39,Tier2,533,0,Personal_Loan,501125.63,,,0.2842,24,277505.96,1.8058,516.9,1,0,47,6,0.0,0.0,0.0,11,4,2,0,0,167
C01344,2026-02-25,Machakos,SME_Services,Self_Employed,M,46,Tier1,466,0,Personal_Loan,349636.3,,,0.1784,18,,,649.1,3,0,0,2,11162.93,111253.94,116803.97,22,4,2,0,0,26
C01346,2026-02-25,Mombasa,SME_Services,Self_Employed,F,65,Tier2,491,0,Personal_Loan,483442.66,,,0.2674,24,652374.81,0.7411,635.2,1,1,6,3,989.39,7533.17,3895.32,16,3,1,0,0,32
C01347,2026-02-25,Nairobi,Salaried,Permanent,F,59,Tier2,480,1,Personal_Loan,452732.5,,,0.1968,18,,,556.8,1,0,22,3,10578.1,36825.29,33631.66,23,4,2,0,0,13
C01349,2026-02-25,Nairobi,Salaried,Permanent,F,54,Tier3,444,1,Personal_Loan,252077.25,,,0.2071,12,627475.61,0.4017,643.8,2,1,0,1,0.0,86380.47,70290.37,36,7,0,0,0,21
C01350,2026-02-25,Mombasa,Salaried,Permanent,F,47,Tier3,308,1,Personal_Loan,347308.57,,,0.2442,36,945627.98,0.3673,706.1,1,0,0,1,15795.99,55147.17,21360.44,37,6,0,0,0,13
C01351,2026-02-25,Nairobi,Other,Micro_Enterprise,M,23,Tier2,449,0,Personal_Loan,326184.39,,,0.2266,12,725382.56,0.4497,554.1,1,1,0,0,559.82,14849.51,11872.86,16,6,1,0,0,21
C01353,2026-02-25,Nairobi,Hospitality,Self_Employed,M,43,Tier3,411,0,Personal_Loan,337311.67,,,0.2819,18,175642.42,1.9204,524.8,2,0,0,0,8033.42,121796.66,137046.44,19,5,0,0,0,14
C01354,2026-02-25,Nairobi,Transport,Self_Employed,M,62,Tier3,436,1,Personal_Loan,481926.32,,,0.2959,18,480270.11,1.0034,456.0,1,2,44,6,1708.48,13639.84,15927.21,27,6,2,0,0,140
C01355,2026-02-25,Kiambu,SME_Services,Self_Employed,M,30,Tier1,445,0,Overdraft,3566.11,300366.27,0.0,0.1869,0,145788.49,0.05,601.3,1,0,31,3,0.0,89606.53,65812.81,17,4,3,0,0,29
C01356,2026-02-25,Nairobi,Salaried,Permanent,M,43,Tier2,459,1,Personal_Loan,364785.3,,,0.2355,36,279457.68,1.3053,497.5,2,3,7,2,0.0,103.0,123.0,32,2,1,0,0,5
C01358,2026-02-25,Nairobi,Hospitality,Micro_Enterprise,M,27,Tier1,497,0,Credit_Card,47700.44,298938.83,0.2243,0.2701,0,,,660.5,1,0,0,3,18275.11,109152.71,81966.61,23,6,0,0,0,20
C01359,2026-02-25,Nairobi,Construction,Self_Employed,F,25,Tier2,535,1,SME_Loan,608166.92,,,0.2479,36,381346.72,1.5948,606.5,1,1,27,3,7122.23,41469.63,54122.71,24,5,0,1,1,186
C01362,2026-02-25,Nairobi,Salaried,Permanent,F,24,Tier2,540,1,Personal_Loan,337956.65,,,0.2253,18,0.0,5.0,659.0,2,0,0,0,8577.0,32365.05,30310.13,19,10,0,0,0,9
C01367,2026-02-25,Kisumu,Hospitality,Self_Employed,F,34,Tier2,259,1,SME_Loan,721492.21,,,0.2022,12,0.0,5.0,624.8,1,0,0,0,26884.4,148092.55,135432.24,17,5,1,1,1,199
C01372,2026-02-25,Nairobi,Salaried,Permanent,F,36,Tier2,448,1,Personal_Loan,228698.19,,,0.2198,18,36639.05,5.0,720.2,1,1,0,1,5369.56,17554.56,19940.13,25,4,1,0,0,25
C01373,2026-02-25,Nairobi,Salaried,Permanent,F,41,Tier2,324,1,Personal_Loan,82008.28,,,0.192,18,,,621.5,1,1,3,2,3405.05,41260.8,52357.94,32,8,1,0,0,19
C01375,2026-02-25,Nairobi,Salaried,Permanent,F,60,Tier2,444,1,Personal_Loan,297111.69,,,0.2722,12,197311.64,1.5058,405.1,4,2,55,3,2346.13,32959.45,35907.19,25,7,2,0,0,18
C01376,2026-02-25,Kakamega,Salaried,Permanent,F,64,Tier3,435,1,Credit_Card,32892.44,219160.59,0.0784,0.2936,0,,,666.8,1,0,5,2,1393.4,21025.75,23813.56,42,1,1,0,0,32
C01379,2026-02-25,Nairobi,Salaried,Contract,M,43,Tier2,494,1,Personal_Loan,562300.93,,,0.2545,18,441853.25,1.2726,604.0,1,1,0,0,6446.47,58887.17,60481.24,18,5,1,0,0,5
C01381,2026-02-25,Kiambu,Construction,Self_Employed,F,65,Tier3,378,0,SME_Loan,808731.88,,,0.1607,36,623073.42,1.298,647.9,4,0,2,1,389.24,8017.6,8408.19,26,1,3,0,0,19
C01382,2026-02-25,Nairobi,Salaried,Contract,M,33,Tier1,540,1,Overdraft,78490.07,194696.94,0.3999,0.2359,0,182013.56,0.4312,635.9,5,0,17,3,1280.71,19567.76,28148.13,26,5,0,0,0,30
C01383,2026-02-25,Kakamega,SME_Trade,Micro_Enterprise,F,36,Tier3,468,1,Personal_Loan,355840.13,,,0.1965,36,0.0,5.0,567.6,1,2,5,4,17384.13,105469.56,98224.44,21,4,0,0,0,34
C01384,2026-02-25,Nakuru,Transport,Self_Employed,F,61,Tier1,504,0,Personal_Loan,662950.04,,,0.2285,18,0.0,5.0,548.2,1,0,0,2,10605.36,50105.61,49297.7,20,3,0,0,0,22
C01386,2026-02-25,Nairobi,Salaried,Permanent,M,31,Tier3,437,1,Personal_Loan,225738.01,,,0.1954,24,571251.61,0.3952,524.9,2,0,6,4,14044.9,197004.15,175513.02,32,5,1,0,0,26
C01388,2026-02-25,Kiambu,Agribusiness,Self_Employed,F,35,Tier1,463,0,Credit_Card,103860.42,180633.06,0.518,0.3107,0,,,724.5,1,0,0,2,2417.51,11041.79,13975.13,19,3,0,0,0,22
C01389,2026-02-25,Machakos,Salaried,Contract,M,61,Tier2,437,1,SME_Loan,687120.04,,,0.3344,48,751932.56,0.9138,471.1,3,0,6,4,4526.82,43338.41,29245.81,29,5,1,0,0,164
C01397,2026-02-25,Nairobi,Salaried,Permanent,M,48,Tier3,337,1,Personal_Loan,336497.02,,,0.1913,24,516097.5,0.652,557.1,1,3,52,6,0.0,0.0,0.0,25,8,0,0,0,32
C01398,2026-02-25,Nairobi,Salaried,Permanent,M,50,Tier2,373,1,Overdraft,152989.04,302770.88,0.4133,0.1997,0,84613.29,1.8081,699.6,1,1,0,0,30004.52,133660.74,131788.94,30,13,0,1,0,231
C01399,2026-02-25,Kakamega,SME_Trade,Self_Employed,M,22,Tier1,490,0,Overdraft,39211.03,109486.58,0.0744,0.115,0,71547.78,0.548,588.1,1,0,2,5,13193.55,77516.15,51229.66,16,8,2,0,0,14
C01400,2026-02-25,Mombasa,SME_Services,Self_Employed,F,34,Tier1,499,1,Credit_Card,131050.06,131287.42,1.0928,0.3127,0,,,641.9,2,2,0,1,7587.29,38908.01,45856.25,19,2,2,0,0,25
C01401,2026-02-25,Kiambu,SME_Trade,Micro_Enterprise,F,59,Tier3,538,0,Credit_Card,85328.27,369297.75,0.2787,0.3556,0,,,538.9,1,2,29,1,8706.22,61858.11,70300.61,29,4,1,0,0,9
C01404,2026-02-25,Nakuru,Salaried,Permanent,F,35,Tier2,401,1,Overdraft,88109.46,430611.77,0.1934,0.25,0,86710.0,1.0161,698.1,1,3,3,3,9774.3,68161.36,80660.55,21,8,1,0,0,30
C01405,2026-02-25,Nakuru,Salaried,Permanent,F,28,Tier3,437,1,Overdraft,62809.88,51270.03,0.8635,0.2738,0,117835.65,0.533,665.7,2,1,0,0,9212.07,94918.23,71012.68,37,4,0,0,0,15
C01406,2026-02-25,Mombasa,Salaried,Permanent,F,27,Tier2,480,1,Personal_Loan,432705.5,,,0.2023,18,483736.2,0.8945,697.8,1,1,0,6,1536.48,13878.59,12020.75,33,6,0,1,0,12
C01408,2026-02-25,Nyeri,Transport,Self_Employed,F,60,Tier3,540,1,Overdraft,10651.33,264816.32,0.1261,0.193,0,228373.98,0.05,602.5,2,0,7,3,31613.13,136164.99,138029.94,25,1,2,0,0,6
C01415,2026-02-25,Nairobi,Salaried,Permanent,M,47,Tier2,437,1,Overdraft,151875.87,226874.03,0.6777,0.2332,0,198102.82,0.7667,656.0,1,0,0,0,9249.66,78649.02,68582.46,27,2,2,0,0,22
C01416,2026-02-25,Kiambu,Hospitality,Self_Employed,M,56,Tier2,418,0,Personal_Loan,553605.25,,,0.2736,18,411551.53,1.3452,728.8,1,1,4,4,8706.07,38823.21,39231.65,17,3,1,0,0,29
C01418,2026-02-25,Kisumu,Transport,Micro_Enterprise,F,40,Tier1,427,0,Personal_Loan,260206.8,,,0.1462,36,,,661.3,1,1,2,2,832.92,4550.16,3063.16,20,3,3,0,0,19
C01420,2026-02-25,Meru,Salaried,Permanent,M,42,Tier1,465,1,Personal_Loan,311004.43,,,0.2485,18,86387.22,3.6001,554.1,1,1,14,6,8911.73,61478.71,51944.8,16,8,2,0,0,7
C01421,2026-02-25,Mombasa,SME_Trade,Micro_Enterprise,M,63,Tier2,441,0,SME_Loan,251754.17,,,0.1999,12,464154.25,0.5424,590.6,1,1,0,5,24301.63,100372.45,63958.43,20,4,0,0,0,10
C01424,2026-02-25,Kisumu,Salaried,Permanent,M,51,Tier2,384,1,Personal_Loan,0.0,,,0.2271,18,463303.09,0.05,620.5,1,1,1,2,45167.98,289663.73,209605.06,19,6,0,0,0,133
C01431,2026-02-25,Kiambu,Construction,Self_Employed,M,42,Tier2,393,0,Credit_Card,0.0,151330.44,0.0,0.264,0,,,607.2,1,0,29,6,284.24,80659.66,62901.85,16,4,0,1,1,152
C01435,2026-02-25,Nairobi,Salaried,Permanent,F,35,Tier2,477,1,SME_Loan,898987.86,,,0.1938,36,0.0,5.0,677.7,2,2,0,0,0.0,219544.49,165879.52,22,4,0,0,0,5
C01438,2026-02-25,Kakamega,Salaried,Permanent,M,50,Tier3,504,1,SME_Loan,243734.81,,,0.2536,36,936690.5,0.2602,604.7,2,1,7,4,610.02,4036.95,2411.89,34,8,0,0,0,13
C01440,2026-02-25,Kisumu,Salaried,Permanent,F,63,Tier1,389,1,Overdraft,70222.48,273374.0,0.2806,0.2375,0,161821.44,0.434,539.5,3,1,0,0,15802.94,109803.66,70618.41,28,14,1,0,0,30
C01441,2026-02-25,Kisumu,Hospitality,Self_Employed,F,56,Tier2,376,0,Personal_Loan,422161.79,,,0.3309,12,747475.38,0.5648,672.4,1,1,6,6,0.0,57797.05,76611.45,16,2,1,0,0,8
C01444,2026-02-25,Machakos,SME_Trade,Self_Employed,M,40,Tier2,432,1,SME_Loan,874667.98,,,0.132,36,184078.98,4.7516,691.5,3,0,0,1,20845.13,64824.53,79094.09,15,4,1,0,0,23
C01446,2026-02-25,Nairobi,Hospitality,Self_Employed,F,22,Tier3,529,1,Credit_Card,56587.55,464147.64,0.1236,0.2621,0,,,713.4,1,1,0,0,12989.7,66128.8,53524.66,24,2,1,0,0,6
C01447,2026-02-25,Mombasa,Salaried,Permanent,M,63,Tier2,450,1,Overdraft,13856.92,447517.4,0.0,0.243,0,37424.18,0.3703,666.4,1,1,0,5,7002.8,42284.06,26586.06,22,3,0,0,0,12
C01451,2026-02-25,Nairobi,SME_Services,Micro_Enterprise,M,34,Tier3,477,1,Personal_Loan,152156.16,,,0.1782,18,701801.36,0.2168,516.5,1,1,18,3,2297.32,5970.29,2252.5,18,5,2,0,0,17
C01454,2026-02-25,Nairobi,SME_Trade,Self_Employed,M,32,Tier1,506,0,Overdraft,0.0,352344.31,0.0,0.1823,0,40013.85,0.05,601.7,4,0,0,0,7794.9,116489.8,89159.7,18,2,1,0,0,21
C01456,2026-02-25,Nakuru,SME_Services,Micro_Enterprise,F,23,Tier3,431,1,Personal_Loan,236446.75,,,0.3459,24,392295.29,0.6027,476.0,1,0,29,2,12251.07,75733.76,66895.35,22,5,1,0,0,170
C01457,2026-02-25,Nairobi,SME_Trade,Self_Employed,F,65,Tier3,327,0,Overdraft,101056.7,81139.2,1.156,0.1098,0,214590.97,0.4709,665.7,1,0,0,2,208.22,1163.35,641.86,19,0,1,0,0,25
C01458,2026-02-25,Nakuru,Salaried,Permanent,F,41,Tier1,507,1,Personal_Loan,240974.77,,,0.2106,12,,,507.6,1,0,7,4,887.97,5056.66,2864.63,36,5,1,0,0,12
C01462,2026-02-25,Meru,SME_Trade,Micro_Enterprise,M,35,Tier2,444,1,Overdraft,166682.59,92783.43,1.6098,0.279,0,0.0,5.0,579.8,1,1,58,2,3547.37,32369.38,29868.23,20,0,0,1,0,230
C01463,2026-02-25,Mombasa,Salaried,Contract,M,23,Tier2,505,1,Personal_Loan,74271.45,,,0.2343,24,280411.07,0.2649,610.2,1,2,0,1,16673.13,141217.79,88892.33,18,5,4,0,0,7
C01467,2026-02-25,Kiambu,Agribusiness,Micro_Enterprise,F,49,Tier2,393,0,Personal_Loan,276116.04,,,0.2569,18,217190.6,1.2713,516.2,1,2,24,3,0.0,0.0,0.0,19,6,1,0,0,26
C01468,2026-02-25,Meru,Salaried,Permanent,F,38,Tier3,334,1,Personal_Loan,117257.77,,,0.2148,18,1014614.57,0.1156,678.5,4,0,3,2,20841.54,83381.34,52008.75,41,2,1,0,0,8
C01469,2026-02-25,Uasin Gishu,Salaried,Permanent,F,55,Tier1,490,1,SME_Loan,835553.38,,,0.2264,24,,,636.5,3,1,0,4,2812.49,36645.44,15061.89,17,3,0,0,0,28
C01473,2026-02-25,Kisumu,SME_Services,Micro_Enterprise,M,41,Tier1,414,0,Overdraft,34629.53,187715.06,0.147,0.1891,0,174069.23,0.1989,686.2,2,0,14,6,13616.07,117529.55,108261.27,17,1,2,0,0,15
C01474,2026-02-25,Nairobi,Agribusiness,Micro_Enterprise,M,30,Tier2,365,0,Personal_Loan,148143.38,,,0.159,24,702950.35,0.2107,626.9,2,0,11,2,21641.17,68338.28,67264.47,23,2,1,0,0,19
C01475,2026-02-25,Kisumu,Agribusiness,Micro_Enterprise,F,64,Tier2,452,1,Personal_Loan,438972.16,,,0.2001,36,807681.02,0.5435,691.7,1,1,9,5,1488.62,20509.36,6906.85,17,6,0,0,0,11
C01476,2026-02-25,Mombasa,Agribusiness,Micro_Enterprise,M,34,Tier2,500,0,Personal_Loan,344123.97,,,0.1387,18,420372.49,0.8186,696.0,3,0,7,6,3437.97,27143.43,27176.13,28,8,0,0,0,5
C01481,2026-02-25,Machakos,SME_Trade,Micro_Enterprise,F,27,Tier1,444,0,Personal_Loan,389948.77,,,0.2459,36,930303.69,0.4192,429.8,1,1,29,3,6059.04,25315.92,29267.08,18,6,1,1,1,178
C01483,2026-02-25,Meru,Salaried,Permanent,M,34,Tier3,445,1,Overdraft,162672.47,309176.8,0.5572,0.2522,0,9604.81,5.0,729.4,2,2,0,0,26161.05,124743.59,88453.7,34,11,0,0,0,31
C01486,2026-02-25,Nyeri,Salaried,Contract,F,59,Tier1,442,1,Personal_Loan,363141.87,,,0.1774,12,712724.23,0.5095,575.4,1,2,8,4,8537.48,100431.89,96911.92,18,5,0,0,0,23
C01488,2026-02-25,Uasin Gishu,Salaried,Permanent,F,21,Tier2,447,1,Personal_Loan,277770.41,,,0.2384,36,489914.79,0.567,590.3,1,1,0,0,4734.34,57075.53,42856.85,34,6,1,0,0,17
C01489,2026-02-25,Machakos,Salaried,Contract,F,25,Tier2,490,1,SME_Loan,205826.8,,,0.1438,12,535936.47,0.3841,429.5,1,0,20,4,12624.34,88665.7,80775.16,29,10,1,0,0,8
C01491,2026-02-25,Uasin Gishu,Salaried,Permanent,M,33,Tier1,420,1,Overdraft,238611.03,377676.11,0.6067,0.222,0,212510.4,1.1228,560.2,1,1,16,3,8388.16,71938.13,64456.29,29,7,1,1,0,13
C01492,2026-02-25,Mombasa,Salaried,Permanent,M,43,Tier2,399,1,Personal_Loan,484417.5,,,0.1841,24,407212.04,1.1896,638.9,1,0,11,1,47893.38,188403.67,247602.16,34,10,1,0,0,29
C01496,2026-02-25,Nairobi,Transport,Micro_Enterprise,M,40,Tier2,463,0,SME_Loan,608628.87,,,0.294,36,252015.71,2.415,596.7,3,1,0,2,5973.45,25875.6,24513.42,13,4,1,0,0,7
C01497,2026-02-25,Uasin Gishu,Salaried,Contract,F,45,Tier1,392,1,SME_Loan,580216.93,,,0.2638,48,619312.39,0.9369,644.7,1,0,0,3,14816.34,222482.99,131126.23,28,2,0,0,0,11
C01506,2026-02-25,Nairobi,Salaried,Contract,M,31,Tier2,338,1,SME_Loan,386352.6,,,0.3226,24,,,697.9,1,1,27,2,5760.83,103692.52,86085.68,21,7,2,0,0,28
C01507,2026-02-25,Machakos,Construction,Micro_Enterprise,F,62,Tier2,427,1,Personal_Loan,657131.76,,,0.2154,18,92433.66,5.0,543.9,2,0,0,2,13932.24,42825.87,45794.82,24,3,1,0,0,16
C01508,2026-02-25,Kakamega,SME_Trade,Self_Employed,F,42,Tier2,452,1,Personal_Loan,367726.06,,,0.1474,18,658524.5,0.5584,478.6,1,0,63,4,14406.05,60288.62,64959.17,17,7,0,1,1,221
C01509,2026-02-25,Kisumu,Salaried,Permanent,M,59,Tier2,456,1,SME_Loan,685626.49,,,0.0942,24,,,740.0,2,0,0,4,8137.59,73473.67,61019.54,28,6,0,0,0,15
C01511,2026-02-25,Nairobi,Transport,Self_Employed,F,36,Tier2,483,1,Personal_Loan,142071.01,,,0.2419,24,638731.09,0.2224,526.5,1,0,3,6,2689.72,13246.43,12297.22,16,2,1,1,1,135
C01512,2026-02-25,Uasin Gishu,Other,Self_Employed,M,31,Tier2,472,1,SME_Loan,798631.68,,,0.1674,24,543586.47,1.4692,541.7,1,0,3,5,9710.52,48993.27,41146.98,21,2,0,0,0,19
C01516,2026-02-25,Kiambu,SME_Trade,Micro_Enterprise,F,62,Tier2,492,0,Overdraft,116995.01,66665.1,1.5178,0.2521,0,16649.56,5.0,520.6,1,2,29,6,16346.77,95317.74,64788.67,11,6,1,0,0,18
C01519,2026-02-25,Machakos,Transport,Self_Employed,M,43,Tier2,326,1,Personal_Loan,202409.25,,,0.2168,24,459342.02,0.4407,673.6,3,1,0,1,1412.16,11554.21,12667.21,19,3,2,0,0,12
C01520,2026-02-25,Mombasa,Salaried,Permanent,F,41,Tier2,432,1,Personal_Loan,215980.69,,,0.1927,18,535975.83,0.403,628.3,2,0,0,4,8095.9,34301.87,35302.73,24,2,1,0,0,9
C01521,2026-02-25,Mombasa,Agribusiness,Micro_Enterprise,M,59,Tier1,474,0,Personal_Loan,111678.61,,,0.2488,24,214393.13,0.5209,663.8,1,2,2,1,38666.77,148551.57,98035.06,18,4,1,0,0,34
C01525,2026-02-25,Nakuru,Salaried,Contract,M,48,Tier1,505,1,Overdraft,204882.02,191319.48,1.1234,0.2228,0,137009.76,1.4954,731.2,1,1,0,0,32474.72,93587.2,115326.71,22,4,0,0,0,20
C01526,2026-02-25,Mombasa,Salaried,Permanent,M,23,Tier2,466,1,Personal_Loan,732492.31,,,0.2181,24,185684.05,3.9448,692.6,2,3,0,0,13920.68,80783.46,63609.26,34,7,0,0,0,26
C01528,2026-02-25,Nakuru,SME_Trade,Micro_Enterprise,M,27,Tier2,482,0,Personal_Loan,198668.93,,,0.1875,36,,,716.7,2,1,2,4,4073.67,27102.79,20108.07,25,5,0,1,1,196
C01531,2026-02-25,Mombasa,SME_Services,Self_Employed,M,25,Tier1,364,0,Personal_Loan,418504.82,,,0.2077,12,325755.99,1.2847,576.0,1,1,53,4,1213.09,8629.51,7881.28,22,4,2,0,0,221
C01534,2026-02-25,Nairobi,Hospitality,Self_Employed,F,29,Tier1,478,0,Personal_Loan,447606.55,,,0.2091,12,534436.0,0.8375,632.3,1,0,0,0,0.0,76837.57,74422.32,24,3,1,0,0,14
C01537,2026-02-25,Kisumu,Construction,Self_Employed,M,27,Tier2,423,0,Personal_Loan,9374.16,,,0.2133,18,,,541.0,2,0,20,4,31658.7,72587.03,70190.76,20,4,1,0,0,18
C01538,2026-02-25,Kiambu,Construction,Self_Employed,F,25,Tier2,477,1,Personal_Loan,732509.57,,,0.2421,18,126159.96,5.0,597.5,2,1,18,5,9256.82,30264.49,31752.37,14,3,1,0,1,209
C01539,2026-02-25,Machakos,SME_Trade,Self_Employed,F,52,Tier2,335,0,SME_Loan,991256.26,,,0.281,36,794580.51,1.2475,648.5,2,3,5,3,0.0,78010.27,66659.75,15,8,4,0,0,25
C01541,2026-02-25,Mombasa,Salaried,Permanent,F,42,Tier2,533,1,Credit_Card,111010.16,265125.69,0.4144,0.282,0,,,535.4,1,0,23,6,2239.56,23183.4,7614.51,19,5,0,0,0,22
C01542,2026-02-25,Mombasa,Agribusiness,Micro_Enterprise,M,31,Tier1,466,0,Overdraft,271366.61,367010.45,0.7561,0.2301,0,109485.19,2.4786,544.4,1,0,0,2,6241.35,16093.69,18345.38,16,2,3,0,0,34
C01543,2026-02-25,Kiambu,Transport,Self_Employed,M,24,Tier3,467,0,Personal_Loan,309281.3,,,0.2047,18,281278.23,1.0996,719.6,1,2,0,2,0.0,0.0,0.0,23,4,0,0,0,32
C01544,2026-02-25,Uasin Gishu,Salaried,Permanent,M,46,Tier1,464,1,Personal_Loan,464589.76,,,0.1899,18,19607.45,5.0,651.8,4,3,0,0,1288.31,6427.46,5399.35,24,7,2,0,0,14
C01546,2026-02-25,Nakuru,SME_Services,Micro_Enterprise,M,47,Tier3,302,0,Personal_Loan,409617.51,,,0.2145,18,109778.08,3.7313,689.5,2,2,0,0,57935.73,168438.33,165089.43,16,6,1,0,0,15
C01553,2026-02-25,Nakuru,SME_Services,Self_Employed,F,44,Tier2,460,0,Personal_Loan,256335.82,,,0.2269,18,404153.2,0.6343,585.8,2,0,2,1,22938.39,306146.35,249153.98,22,2,1,0,0,28
C01554,2026-02-25,Mombasa,SME_Services,Self_Employed,M,48,Tier2,314,0,Personal_Loan,328452.61,,,0.2417,12,,,547.7,1,0,0,0,1082.17,40188.25,24460.75,13,2,0,0,0,30
C01556,2026-02-25,Machakos,SME_Services,Self_Employed,F,28,Tier3,322,1,Personal_Loan,383316.29,,,0.2165,24,0.0,5.0,727.2,1,0,0,1,3483.28,39682.6,47975.42,22,2,2,0,0,23
C01561,2026-02-25,Nairobi,Salaried,Permanent,M,34,Tier2,464,1,Personal_Loan,297648.72,,,0.2446,24,96137.21,3.0961,719.6,1,1,0,0,1626.12,11499.24,8072.52,20,4,1,0,0,26
C01562,2026-02-25,Nairobi,SME_Trade,Micro_Enterprise,M,32,Tier1,414,0,SME_Loan,272961.73,,,0.2206,24,550417.5,0.4959,556.0,2,1,18,3,4129.82,38718.27,36539.63,19,7,1,0,0,17
C01564,2026-02-25,Nairobi,Other,Micro_Enterprise,M,62,Tier3,482,0,Personal_Loan,408852.61,,,0.1736,18,592609.32,0.6899,752.7,1,0,0,1,11467.6,51284.7,42892.3,19,3,0,0,0,25
C01573,2026-02-25,Nakuru,Salaried,Permanent,M,54,Tier3,432,1,SME_Loan,0.0,,,0.2158,36,636001.05,0.05,509.8,2,0,33,5,7246.84,265961.35,259028.87,33,9,0,0,0,5
C01575,2026-02-25,Nakuru,Salaried,Permanent,M,27,Tier2,436,1,Overdraft,320504.34,312174.24,1.005,0.2191,0,,,601.3,1,3,0,0,16944.13,118212.08,111994.78,22,9,0,0,0,24
C01579,2026-02-25,Uasin Gishu,Salaried,Permanent,M,26,Tier1,443,1,Personal_Loan,477560.75,,,0.285,36,867294.87,0.5506,661.2,1,0,0,0,7597.57,35353.68,22975.99,27,3,0,0,0,10
C01581,2026-02-25,Nakuru,SME_Trade,Self_Employed,M,34,Tier2,364,1,SME_Loan,220501.27,,,0.1474,24,1064098.52,0.2072,538.7,4,0,25,5,22036.27,75485.29,73561.5,29,4,0,0,0,34
C01583,2026-02-25,Nairobi,SME_Services,Self_Employed,F,44,Tier1,433,1,SME_Loan,694786.32,,,0.1902,48,396265.88,1.7533,544.8,4,0,0,3,23989.08,86950.62,51998.06,13,3,0,1,0,206
C01584,2026-02-25,Nyeri,Salaried,Contract,F,39,Tier3,435,1,Overdraft,216929.66,472477.79,0.408,0.253,0,141003.46,1.5385,586.1,1,2,0,0,25607.75,146816.24,151091.88,34,8,1,0,0,10
C01585,2026-02-25,Kisumu,Salaried,Permanent,F,49,Tier1,466,1,Personal_Loan,56702.08,,,0.2325,12,0.0,5.0,505.7,1,0,0,5,6736.13,46380.64,40355.07,22,4,0,0,0,13
C01587,2026-02-25,Nairobi,SME_Services,Micro_Enterprise,M,58,Tier3,510,0,Overdraft,105377.38,254757.6,0.4199,0.2152,0,72830.93,1.4469,674.8,2,0,0,0,0.0,70155.49,57698.38,23,2,0,0,0,10
C01591,2026-02-25,Kiambu,Agribusiness,Self_Employed,F,54,Tier2,521,0,Overdraft,0.0,317763.49,0.0,0.2302,0,121948.77,0.05,458.6,1,2,39,4,0.0,130031.66,121076.82,13,2,1,1,1,227
C01592,2026-02-25,Nyeri,Other,Self_Employed,M,36,Tier2,464,1,Overdraft,179131.68,403399.62,0.4498,0.2382,0,240406.14,0.7451,524.6,1,0,31,6,2400.4,81521.59,38830.82,17,1,3,0,0,15
C01595,2026-02-25,Uasin Gishu,SME_Trade,Micro_Enterprise,M,52,Tier1,528,0,Overdraft,143017.01,244332.65,0.6088,0.255,0,30321.4,4.7167,706.0,1,0,10,2,6098.0,30732.9,27397.2,15,5,1,0,0,33
C01596,2026-02-25,Nairobi,Transport,Self_Employed,M,28,Tier2,410,1,SME_Loan,716491.27,,,0.2632,24,,,552.0,4,0,0,3,1269.35,6445.09,7170.78,16,5,1,0,0,22
C01597,2026-02-25,Nairobi,SME_Services,Micro_Enterprise,M,50,Tier2,448,0,Personal_Loan,207523.42,,,0.2411,12,370311.75,0.5604,473.8,1,0,24,2,0.0,160964.88,170728.72,12,2,1,0,0,28
C01598,2026-02-25,Kisumu,SME_Services,Self_Employed,M,53,Tier2,440,0,Credit_Card,25654.18,176249.71,0.1087,0.2822,0,,,422.4,1,1,66,6,11072.59,50038.07,35996.37,16,5,2,0,0,129
C01599,2026-02-25,Nairobi,Salaried,Contract,M,59,Tier1,474,1,Overdraft,98008.39,223053.87,0.4012,0.2355,0,127186.32,0.7706,712.5,1,4,0,2,0.0,0.0,0.0,18,4,1,0,0,23
C01600,2026-02-25,Nyeri,Transport,Self_Employed,F,52,Tier1,497,0,Overdraft,0.0,111952.58,0.0,0.3239,0,108922.64,0.05,670.0,1,1,0,1,2161.61,14208.14,9617.4,22,4,0,0,0,33
C01606,2026-02-25,Mombasa,Agribusiness,Self_Employed,F,61,Tier3,520,0,Personal_Loan,318928.49,,,0.231,12,277931.05,1.1475,603.6,1,1,16,3,2854.52,90927.14,59946.66,30,4,0,0,0,31
C01608,2026-02-25,Mombasa,SME_Services,Self_Employed,M,47,Tier2,402,1,Personal_Loan,461194.57,,,0.3183,36,282553.55,1.6322,400.1,2,1,47,6,7497.14,124170.55,130304.01,19,8,1,0,0,159
C01609,2026-02-25,Nairobi,SME_Services,Self_Employed,M,31,Tier2,307,0,SME_Loan,415240.43,,,0.2638,12,319834.62,1.2983,507.4,1,0,0,1,11307.41,61496.3,57984.27,15,6,1,0,0,16
C01610,2026-02-25,Nairobi,Agribusiness,Micro_Enterprise,M,26,Tier3,492,0,Credit_Card,99436.11,227826.79,0.4274,0.141,0,,,666.9,1,2,0,0,2546.77,42099.13,21314.28,20,7,3,0,0,19
C01614,2026-02-25,Mombasa,SME_Services,Self_Employed,M,52,Tier1,499,1,Personal_Loan,176133.75,,,0.2643,12,445142.76,0.3957,611.0,2,0,22,6,12483.6,109397.01,126777.04,28,6,0,0,0,34
C01615,2026-02-25,Nakuru,Salaried,Permanent,F,23,Tier2,399,1,Personal_Loan,215774.42,,,0.2623,18,0.0,5.0,583.5,1,1,0,0,4761.95,29965.68,23854.37,23,5,0,0,0,29
C01618,2026-02-25,Nairobi,SME_Trade,Micro_Enterprise,M,43,Tier1,382,1,SME_Loan,687740.55,,,0.138,48,,,511.2,2,0,28,3,27884.33,119886.23,92898.23,19,1,0,0,0,9
C01619,2026-02-25,Kiambu,SME_Trade,Self_Employed,F,26,Tier2,500,1,Credit_Card,63533.48,89428.59,0.7232,0.2618,0,,,591.7,3,2,0,1,22468.67,158796.84,100742.45,17,3,2,0,0,22
C01622,2026-02-25,Nakuru,Salaried,Permanent,F,21,Tier2,520,1,SME_Loan,299689.22,,,0.1653,24,867205.63,0.3456,764.5,1,0,9,6,22311.26,85185.23,60875.19,23,8,0,0,0,19
C01623,2026-02-25,Kisumu,Salaried,Contract,M,62,Tier2,441,1,Personal_Loan,164445.75,,,0.2088,36,969757.9,0.1696,652.7,1,0,2,0,17583.58,186931.99,171158.21,24,4,0,0,0,29
C01624,2026-02-25,Mombasa,Salaried,Contract,F,21,Tier2,429,1,Personal_Loan,187550.34,,,0.2276,18,167815.58,1.1176,693.8,3,0,0,0,43784.74,135947.56,100903.56,18,6,0,0,0,25
C01625,2026-02-25,Nairobi,Agribusiness,Self_Employed,M,45,Tier2,387,0,Personal_Loan,242434.84,,,0.2257,12,0.0,5.0,555.0,1,0,5,3,19926.06,126823.37,56194.96,17,2,2,0,0,22
C01627,2026-02-25,Nairobi,SME_Services,Self_Employed,F,47,Tier3,496,0,Credit_Card,5323.13,216174.54,0.0,0.3128,0,,,573.3,1,0,26,3,6094.61,34862.05,27192.49,17,4,0,0,0,22
C01628,2026-02-25,Mombasa,Salaried,Permanent,M,47,Tier2,426,1,Overdraft,142737.7,358298.6,0.3572,0.2341,0,,,618.9,1,2,14,4,18131.74,110581.86,70904.5,32,7,0,0,0,9
C01631,2026-02-25,Nairobi,Agribusiness,Micro_Enterprise,F,46,Tier3,469,0,SME_Loan,637581.09,,,0.2182,36,230492.45,2.7662,677.3,2,1,0,5,9706.09,98672.4,74256.5,28,0,0,0,0,17
C01633,2026-02-25,Mombasa,Salaried,Permanent,M,25,Tier3,475,1,Overdraft,47657.54,447050.83,0.0757,0.1747,0,234397.29,0.2033,573.9,3,1,4,4,1611.69,46655.72,46181.44,34,6,1,0,0,214
C01635,2026-02-25,Kakamega,Agribusiness,Self_Employed,F,39,Tier1,452,0,Personal_Loan,531274.14,,,0.2197,24,,,690.8,1,1,9,4,17219.08,70119.42,82909.22,29,4,0,0,0,27
C01637,2026-02-25,Kisumu,SME_Services,Micro_Enterprise,M,28,Tier2,477,0,SME_Loan,322451.44,,,0.1892,36,179631.53,1.7951,611.3,3,2,26,6,5835.78,26491.68,23711.74,12,5,3,1,0,179
C01638,2026-02-25,Nairobi,SME_Services,Micro_Enterprise,M,48,Tier2,476,0,Personal_Loan,144108.35,,,0.2601,24,768034.57,0.1876,649.0,1,0,0,1,875.58,10635.57,10270.12,14,3,0,0,0,16
C01639,2026-02-25,Uasin Gishu,Salaried,Permanent,F,29,Tier2,285,1,Personal_Loan,351506.38,,,0.2173,36,505939.28,0.6948,697.8,1,0,2,5,10570.04,34911.55,46866.72,16,6,0,0,0,29
C01640,2026-02-25,Uasin Gishu,Salaried,Permanent,F,33,Tier3,368,1,Overdraft,75796.25,54457.88,1.3315,0.3064,0,,,501.3,1,1,0,0,2332.41,32276.16,28810.9,24,8,0,0,0,22
C01641,2026-02-25,Uasin Gishu,Agribusiness,Micro_Enterprise,F,53,Tier2,425,1,Personal_Loan,395611.17,,,0.2484,24,604345.49,0.6546,688.6,3,2,0,0,10536.76,95462.87,79920.08,24,7,2,0,0,6
C01644,2026-02-25,Nairobi,SME_Services,Self_Employed,F,47,Tier1,360,1,Personal_Loan,409759.54,,,0.1696,18,260049.54,1.5757,540.0,2,0,13,4,3546.43,30582.27,33769.19,22,7,1,1,0,26
C01646,2026-02-25,Nairobi,SME_Trade,Micro_Enterprise,M,34,Tier3,374,1,SME_Loan,485913.23,,,0.2594,12,103385.46,4.7,488.6,2,0,49,5,7021.31,59745.77,35455.28,19,9,4,0,0,7
C01649,2026-02-25,Uasin Gishu,Construction,Self_Employed,M,64,Tier3,467,0,Credit_Card,31635.73,213415.59,0.3271,0.342,0,,,622.8,1,0,0,2,18000.76,72840.49,36262.81,25,4,3,0,0,8
C01651,2026-02-25,Mombasa,Hospitality,Self_Employed,F,29,Tier3,475,1,SME_Loan,635730.74,,,0.1562,36,,,698.3,2,0,24,1,2497.03,8324.51,8951.58,24,5,3,0,0,9
C01652,2026-02-25,Nakuru,Salaried,Permanent,M,21,Tier2,509,1,Personal_Loan,192521.82,,,0.1514,18,158087.6,1.2178,573.5,1,1,13,6,16663.29,75577.19,32546.74,30,6,0,0,0,19
C01655,2026-02-25,Kisumu,Salaried,Permanent,M,28,Tier2,487,1,Personal_Loan,347825.61,,,0.1989,12,862025.99,0.4035,681.1,2,2,20,6,1928.34,133366.87,57705.88,22,5,1,0,0,23
C01657,2026-02-25,Machakos,Transport,Self_Employed,M,59,Tier1,469,1,Personal_Loan,161952.97,,,0.2285,24,580387.35,0.279,596.9,1,2,7,5,742.13,16446.98,14486.46,19,5,1,0,0,26
C01658,2026-02-25,Machakos,SME_Services,Self_Employed,F,60,Tier2,398,1,Personal_Loan,33148.7,,,0.2009,36,0.0,5.0,564.1,2,1,5,4,769.6,77747.03,63766.47,21,2,1,0,0,13
C01659,2026-02-25,Nyeri,SME_Services,Self_Employed,M,58,Tier3,507,0,Overdraft,64017.21,230389.57,0.2589,0.2377,0,70119.2,0.913,635.4,1,1,3,0,2153.38,48250.48,63322.49,27,4,2,0,0,29
C01660,2026-02-25,Mombasa,Salaried,Permanent,F,32,Tier2,431,1,SME_Loan,522925.23,,,0.0766,12,276141.0,1.8937,622.9,1,0,0,2,8155.3,36582.1,33739.38,24,4,1,0,0,10
C01663,2026-02-25,Kiambu,Salaried,Contract,M,29,Tier1,467,1,SME_Loan,285534.61,,,0.2144,48,990104.67,0.2884,560.6,3,1,5,4,6807.45,68750.57,71503.82,27,11,0,0,0,6
C01664,2026-02-25,Kiambu,SME_Trade,Self_Employed,F,45,Tier1,468,0,Personal_Loan,409909.56,,,0.2613,12,415040.38,0.9876,676.3,2,1,4,1,3054.77,47566.99,39025.4,13,3,2,0,0,24
C01667,2026-02-25,Mombasa,SME_Trade,Self_Employed,M,54,Tier1,398,0,SME_Loan,681027.66,,,0.2114,24,0.0,5.0,625.1,2,0,38,4,675.88,19496.25,25051.82,12,9,1,0,1,131
C01668,2026-02-25,Kiambu,Salaried,Permanent,M,51,Tier2,421,1,Personal_Loan,557154.7,,,0.1645,18,564560.22,0.9869,521.0,2,1,29,3,0.0,209422.23,242832.17,33,9,0,0,0,5
C01672,2026-02-25,Machakos,Salaried,Permanent,F,46,Tier2,369,1,Credit_Card,50519.65,216278.33,0.2631,0.3022,0,,,631.6,2,1,28,3,33183.79,164176.71,193678.39,26,10,0,0,0,34
C01673,2026-02-25,Kisumu,SME_Trade,Self_Employed,M,33,Tier2,426,0,Personal_Loan,187259.97,,,0.2408,36,719052.62,0.2604,707.7,2,1,0,0,23154.76,101577.72,112176.19,25,5,1,0,0,5
C01676,2026-02-25,Nairobi,SME_Trade,Self_Employed,M,65,Tier3,413,0,Personal_Loan,279635.88,,,0.2112,12,523932.46,0.5337,648.6,1,1,0,0,5355.97,40204.09,15028.99,21,10,3,0,0,11
C01677,2026-02-25,Nairobi,Salaried,Permanent,F,27,Tier2,470,1,SME_Loan,489737.62,,,0.1901,24,50415.58,5.0,678.6,3,0,7,6,14171.28,57352.87,58127.59,29,7,0,0,0,28
C01678,2026-02-25,Kakamega,Transport,Self_Employed,M,39,Tier1,471,1,Personal_Loan,526169.94,,,0.2846,36,531035.57,0.9908,643.3,2,0,0,2,15030.51,55666.43,44067.2,16,2,4,1,0,10
C01680,2026-02-25,Nyeri,SME_Services,Self_Employed,M,44,Tier2,463,0,Credit_Card,28987.81,168680.61,0.4108,0.266,0,,,743.9,1,2,0,1,8782.86,52253.06,34107.04,19,4,2,0,0,32
C01681,2026-02-25,Nairobi,Salaried,Contract,M,63,Tier1,391,1,Credit_Card,237239.16,313542.26,0.7361,0.2259,0,,,644.6,1,1,3,5,3211.31,31981.32,25131.82,38,6,0,0,0,24
C01682,2026-02-25,Kiambu,SME_Services,Self_Employed,M,21,Tier1,422,0,Personal_Loan,489049.68,,,0.1652,24,816395.79,0.599,601.7,1,2,45,5,1418.05,13219.8,16057.31,27,1,1,0,0,24
C01685,2026-02-25,Kiambu,Salaried,Permanent,F,37,Tier2,468,1,Personal_Loan,333379.01,,,0.1958,12,,,651.7,1,2,17,2,15932.96,131733.6,110863.49,23,9,0,0,0,27
C01690,2026-02-25,Nairobi,SME_Trade,Micro_Enterprise,M,25,Tier3,444,0,SME_Loan,607111.63,,,0.2623,12,448718.7,1.353,638.4,2,0,35,3,8161.4,41992.06,27284.75,19,3,3,0,1,32
C01691,2026-02-25,Kiambu,Salaried,Permanent,F,55,Tier1,374,1,Personal_Loan,0.0,,,0.2798,12,428990.13,0.05,595.6,3,2,11,2,6394.83,74756.75,62431.13,22,6,0,0,0,26
C01694,2026-02-25,Uasin Gishu,SME_Services,Self_Employed,F,38,Tier2,523,0,SME_Loan,586454.84,,,0.2277,24,0.0,5.0,594.4,2,0,15,4,13075.55,65034.65,68926.59,19,2,1,0,0,12
C01696,2026-02-25,Machakos,Salaried,Permanent,F,51,Tier2,457,1,Personal_Loan,173065.49,,,0.254,36,607648.89,0.2848,574.7,2,0,0,0,4793.96,25564.65,27627.25,33,4,0,0,0,21
C01697,2026-02-25,Kiambu,Transport,Micro_Enterprise,M,42,Tier2,534,0,Personal_Loan,505341.31,,,0.2083,24,563934.27,0.8961,663.3,1,2,9,6,7057.02,74208.13,33761.96,22,3,3,0,0,22
C01699,2026-02-25,Kiambu,Salaried,Contract,F,37,Tier2,427,1,Credit_Card,49393.15,90354.37,0.4051,0.2952,0,,,651.1,2,1,29,4,1647.38,62809.99,51162.12,23,6,0,0,0,19
C01700,2026-02-25,Kakamega,Salaried,Permanent,M,64,Tier2,465,1,Overdraft,1775.5,462452.3,0.0459,0.2849,0,105362.36,0.05,308.7,2,2,46,3,19347.77,90130.54,59566.68,26,7,1,0,0,155
C01701,2026-02-25,Uasin Gishu,SME_Trade,Micro_Enterprise,M,32,Tier2,424,1,Overdraft,49663.86,309413.54,0.2194,0.3168,0,152763.85,0.3251,534.5,2,1,16,5,11311.38,55468.15,72821.71,19,3,2,0,0,14
C01702,2026-02-25,Nyeri,Construction,Micro_Enterprise,M,29,Tier1,433,0,SME_Loan,592512.45,,,0.2119,12,399925.62,1.4816,641.6,2,0,0,0,2537.99,31843.2,30092.3,24,6,2,0,0,19
C01703,2026-02-25,Nairobi,Transport,Micro_Enterprise,F,51,Tier3,403,1,SME_Loan,781065.39,,,0.1854,12,0.0,5.0,667.8,2,2,0,1,590.68,27710.26,16948.31,14,4,1,0,0,23
C01704,2026-02-25,Uasin Gishu,Salaried,Contract,F,29,Tier1,358,1,SME_Loan,654014.11,,,0.2801,24,418984.61,1.561,709.5,2,0,0,0,8486.34,67210.98,62225.84,35,6,0,0,0,24
C01706,2026-02-25,Kisumu,Transport,Micro_Enterprise,M,59,Tier3,460,0,Overdraft,151651.93,137279.58,1.1352,0.1985,0,215942.25,0.7023,576.5,3,0,24,4,0.0,0.0,0.0,19,5,2,1,1,183
C01708,2026-02-25,Nakuru,Salaried,Permanent,M,62,Tier2,473,1,Credit_Card,224215.88,114601.42,1.7305,0.2646,0,,,649.4,2,2,0,6,284.96,122800.28,119123.5,26,5,2,0,0,10
C01711,2026-02-25,Mombasa,Other,Micro_Enterprise,F,36,Tier3,396,1,Credit_Card,45731.98,314730.49,0.1248,0.3901,0,,,686.9,2,3,2,3,15311.3,154433.54,99986.14,18,3,2,0,0,8
C01712,2026-02-25,Nairobi,SME_Services,Self_Employed,M,42,Tier2,430,0,Overdraft,163590.61,50000.0,1.8,0.2679,0,256699.7,0.6373,502.4,2,1,39,6,279.16,6970.92,4222.2,20,5,4,1,0,147
C01713,2026-02-25,Nakuru,Salaried,Contract,F,60,Tier3,539,1,Personal_Loan,327946.09,,,0.2398,24,470039.7,0.6977,551.8,1,0,8,6,0.0,32326.26,24831.2,41,6,1,0,0,30
C01714,2026-02-25,Mombasa,Agribusiness,Self_Employed,F,54,Tier1,479,1,Personal_Loan,322879.43,,,0.2082,18,,,614.2,3,0,0,0,4712.14,141769.99,198706.37,14,8,3,0,0,33
C01716,2026-02-25,Nakuru,Construction,Micro_Enterprise,M,60,Tier2,414,0,Overdraft,34260.29,235017.91,0.034,0.3031,0,128297.5,0.267,665.7,1,0,8,4,4399.06,40872.28,58114.15,15,2,0,0,0,15
C01717,2026-02-25,Nakuru,SME_Trade,Self_Employed,M,50,Tier1,467,1,Personal_Loan,328720.48,,,0.2225,12,614470.34,0.535,615.3,3,0,2,4,17549.19,143740.9,65898.04,19,5,3,0,0,7
C01720,2026-02-25,Nakuru,Salaried,Contract,M,44,Tier1,365,1,Personal_Loan,572030.22,,,0.1818,12,373267.37,1.5325,746.7,1,0,0,1,6059.36,41257.82,62089.53,33,7,2,0,0,29
C01724,2026-02-25,Nyeri,Transport,Self_Employed,F,53,Tier2,437,1,Personal_Loan,413982.54,,,0.1921,24,513135.89,0.8068,689.6,1,1,25,2,3319.19,16614.27,20380.11,17,6,1,0,0,9
C01726,2026-02-25,Nairobi,Salaried,Contract,F,56,Tier2,465,1,SME_Loan,959760.44,,,0.1688,24,,,635.7,2,3,10,4,0.0,15937.71,21896.03,19,3,0,0,0,32
C01728,2026-02-25,Nairobi,SME_Trade,Micro_Enterprise,M,46,Tier2,411,0,Credit_Card,75912.64,254594.41,0.3616,0.2442,0,,,524.3,3,1,24,5,2627.39,34146.37,20252.54,23,6,1,0,0,12
C01736,2026-02-25,Uasin Gishu,SME_Services,Self_Employed,M,56,Tier1,431,0,Personal_Loan,615563.88,,,0.3208,18,151233.49,4.0703,647.8,1,2,4,2,4939.75,27865.22,36504.88,23,7,0,0,0,20
C01738,2026-02-25,Nairobi,Salaried,Contract,M,25,Tier2,472,1,SME_Loan,860194.98,,,0.2554,24,553035.23,1.5554,654.1,3,2,1,2,22677.84,59064.3,51756.42,28,6,1,0,0,29
C01741,2026-02-25,Nairobi,Salaried,Permanent,M,40,Tier2,540,1,Personal_Loan,182072.54,,,0.1782,12,441449.59,0.4124,498.9,3,1,22,5,982.37,5372.29,1918.86,23,4,0,1,0,158
C01743,2026-02-25,Kakamega,Hospitality,Self_Employed,M,41,Tier2,420,0,Personal_Loan,472919.31,,,0.2643,24,799525.59,0.5915,506.7,1,2,8,4,7433.44,36890.42,37307.74,11,5,2,0,0,7
C01747,2026-02-25,Kiambu,Salaried,Permanent,M,65,Tier3,359,1,Overdraft,103371.39,413018.33,0.24,0.225,0,162873.64,0.6347,650.9,1,0,0,0,15444.19,84584.93,122322.73,30,4,1,0,0,25
C01748,2026-02-25,Mombasa,Agribusiness,Self_Employed,M,37,Tier2,504,0,SME_Loan,0.0,,,0.1944,12,0.0,0.05,556.4,2,0,46,3,7381.01,63385.57,79566.62,14,2,2,0,0,5
C01752,2026-02-25,Kakamega,Salaried,Permanent,M,60,Tier3,504,1,Personal_Loan,0.0,,,0.1499,36,900511.76,0.05,618.4,1,0,2,0,21191.18,37544.84,35157.61,32,3,1,0,0,9
C01753,2026-02-25,Uasin Gishu,Salaried,Permanent,F,49,Tier1,371,1,Overdraft,73639.04,359422.06,0.2083,0.1375,0,0.0,5.0,514.4,2,1,2,0,11544.87,196162.33,143291.53,28,9,0,0,0,11
C01755,2026-02-25,Kakamega,Agribusiness,Self_Employed,M,49,Tier2,410,0,Personal_Loan,91438.99,,,0.191,12,308332.78,0.2966,624.5,1,0,0,0,976.97,6250.43,7088.37,24,0,1,0,0,5
C01756,2026-02-25,Kisumu,Agribusiness,Micro_Enterprise,M,35,Tier2,460,1,SME_Loan,1018223.75,,,0.2428,36,774136.91,1.3153,688.9,3,0,8,2,3958.19,52613.95,53813.28,12,4,1,0,0,32
C01757,2026-02-25,Machakos,SME_Services,Micro_Enterprise,M,36,Tier2,471,0,SME_Loan,706270.1,,,0.1601,24,548650.46,1.2873,630.1,2,1,16,6,13731.47,100726.19,86349.69,23,3,1,0,0,11
C01759,2026-02-25,Nairobi,Salaried,Contract,M,46,Tier2,489,1,Credit_Card,79363.47,30000.0,1.8,0.2894,0,,,641.6,3,1,2,2,9781.51,52374.96,39452.6,25,3,4,1,1,145
C01761,2026-02-25,Nairobi,SME_Services,Micro_Enterprise,M,38,Tier3,441,0,Credit_Card,88338.51,215103.32,0.3463,0.3053,0,,,661.0,1,0,5,0,4890.45,17376.53,14477.9,27,3,0,0,0,34
C01762,2026-02-25,Nyeri,Transport,Self_Employed,M,39,Tier1,436,0,Personal_Loan,365181.36,,,0.1959,24,656803.1,0.556,576.2,4,1,0,2,5618.21,21167.45,20144.29,20,4,1,0,0,30
C01763,2026-02-25,Nairobi,Salaried,Permanent,M,21,Tier2,498,1,SME_Loan,881508.65,,,0.2279,36,813865.0,1.0831,556.1,4,0,17,2,5507.15,35865.64,42712.36,25,5,0,0,0,21
C01764,2026-02-25,Kiambu,SME_Trade,Micro_Enterprise,M,48,Tier2,473,0,Personal_Loan,196553.58,,,0.2161,18,588014.1,0.3343,483.1,1,0,21,4,43625.98,302367.22,335869.98,11,0,1,0,1,215
C01767,2026-02-25,Mombasa,Salaried,Permanent,M,43,Tier2,445,1,Personal_Loan,303791.82,,,0.2301,24,0.0,5.0,707.8,1,4,15,3,24642.66,122331.89,144530.84,24,6,2,0,0,5
C01768,2026-02-25,Nairobi,SME_Services,Self_Employed,F,42,Tier1,423,1,Overdraft,6191.57,523652.55,0.0119,0.2443,0,0.0,5.0,419.6,1,1,41,4,26808.54,176967.07,145071.75,21,5,1,1,0,230
C01769,2026-02-25,Nairobi,SME_Services,Self_Employed,M,24,Tier2,482,0,Overdraft,9251.92,130958.45,0.1819,0.239,0,236230.14,0.05,551.0,4,2,0,0,2256.92,11198.2,4825.4,6,3,2,0,0,14
C01771,2026-02-25,Nyeri,Construction,Micro_Enterprise,M,36,Tier2,216,1,Personal_Loan,249661.45,,,0.1581,18,541219.06,0.4613,629.7,1,1,26,5,5515.3,35208.2,39383.27,18,7,0,1,1,202
C01776,2026-02-25,Nakuru,SME_Trade,Self_Employed,F,26,Tier2,160,0,Personal_Loan,432652.68,,,0.2082,12,353148.66,1.2251,562.7,3,1,0,2,18426.4,143554.4,91882.8,16,3,0,0,0,7
C01780,2026-02-25,Kakamega,SME_Trade,Micro_Enterprise,M,51,Tier2,452,0,Overdraft,288216.62,424882.45,0.6201,0.1998,0,58566.51,4.9212,784.0,1,1,2,0,8524.63,54601.42,68282.31,23,2,2,0,0,20
C01785,2026-02-25,Nairobi,Salaried,Permanent,M,53,Tier1,461,1,Personal_Loan,0.0,,,0.1597,24,649399.73,0.05,613.4,1,0,22,1,16359.13,78775.73,36756.56,26,6,0,0,0,32
C01787,2026-02-25,Nairobi,Agribusiness,Micro_Enterprise,F,29,Tier2,414,1,SME_Loan,768980.43,,,0.1342,12,177638.21,4.3289,619.2,1,0,4,4,0.0,0.0,0.0,24,3,0,0,0,30
C01788,2026-02-25,Kiambu,Agribusiness,Self_Employed,M,25,Tier1,459,0,Overdraft,79349.56,318005.12,0.159,0.2085,0,188138.97,0.4218,622.4,3,1,0,2,0.0,0.0,0.0,14,4,1,0,0,28
C01795,2026-02-25,Nyeri,Salaried,Contract,F,42,Tier2,425,1,Credit_Card,98264.3,335955.82,0.2765,0.303,0,,,524.2,2,0,0,0,17249.23,67212.84,52370.47,30,9,0,0,0,34
C01796,2026-02-25,Nyeri,Transport,Self_Employed,M,30,Tier1,480,0,Personal_Loan,541256.41,,,0.2603,36,337076.6,1.6057,674.7,1,1,11,4,0.0,0.0,0.0,17,3,4,0,0,31
C01797,2026-02-25,Mombasa,SME_Services,Micro_Enterprise,M,64,Tier1,471,0,Overdraft,33046.28,485085.65,0.053,0.2584,0,91758.16,0.3601,502.4,2,1,33,5,13118.56,101203.42,78098.57,26,4,2,0,0,8
C01798,2026-02-25,Mombasa,SME_Trade,Micro_Enterprise,M,29,Tier2,399,1,Personal_Loan,231957.49,,,0.1417,18,456245.98,0.5084,371.9,1,1,46,5,4931.94,25318.3,22700.59,20,2,3,1,0,164
C01800,2026-02-25,Nairobi,SME_Trade,Self_Employed,M,44,Tier1,532,1,SME_Loan,638545.76,,,0.1872,24,280372.47,2.2775,740.3,3,1,3,1,0.0,19758.03,24432.43,12,3,1,0,0,11
C01803,2026-02-25,Mombasa,Hospitality,Micro_Enterprise,F,41,Tier2,451,1,Personal_Loan,616515.67,,,0.213,24,,,638.9,1,0,1,3,737.78,5832.92,4884.59,17,1,1,0,0,22
C01806,2026-02-25,Mombasa,Hospitality,Self_Employed,M,23,Tier1,524,0,Personal_Loan,40870.58,,,0.3031,36,193985.44,0.2107,683.3,1,2,0,1,0.0,0.0,0.0,16,4,1,1,0,27
C01807,2026-02-25,Meru,SME_Trade,Self_Employed,M,21,Tier3,505,0,SME_Loan,608952.02,,,0.159,24,761370.02,0.7998,550.6,2,1,16,6,1346.04,19401.24,23680.42,26,8,1,0,0,183
C01810,2026-02-25,Kisumu,Transport,Self_Employed,M,64,Tier2,509,0,SME_Loan,523861.26,,,0.2095,12,152226.28,3.4413,651.9,2,0,0,0,3676.32,24029.12,22646.75,19,4,1,0,0,21
C01811,2026-02-25,Nairobi,Salaried,Permanent,M,32,Tier1,353,1,Credit_Card,133262.22,174886.77,0.7365,0.2525,0,,,421.7,1,0,34,2,3458.63,64517.33,60443.26,31,2,0,0,0,25
C01815,2026-02-25,Mombasa,SME_Services,Self_Employed,M,60,Tier2,434,0,SME_Loan,808922.88,,,0.2336,24,158591.64,5.0,300.0,2,3,85,4,17829.08,83494.83,85973.24,16,4,0,1,0,229
C01817,2026-02-25,Kiambu,Salaried,Contract,M,31,Tier1,439,1,Personal_Loan,486935.12,,,0.1821,12,665647.55,0.7315,641.0,1,2,0,0,1714.43,42853.58,57918.92,29,0,3,0,0,5
C01818,2026-02-25,Nyeri,Transport,Micro_Enterprise,M,32,Tier2,402,0,SME_Loan,708793.89,,,0.2551,12,647318.71,1.095,560.8,3,1,58,2,15778.83,63132.62,65318.29,19,6,1,0,0,15
C01820,2026-02-25,Kiambu,Hospitality,Micro_Enterprise,F,34,Tier2,525,0,Personal_Loan,288996.35,,,0.1985,12,469450.07,0.6156,768.2,2,0,1,2,18513.46,119513.05,113226.29,24,2,0,0,0,12
C01823,2026-02-25,Mombasa,SME_Trade,Self_Employed,F,34,Tier2,350,0,Personal_Loan,481534.73,,,0.2235,18,508764.49,0.9465,651.7,1,1,0,0,8377.17,69564.78,59611.49,17,7,1,0,0,14
C01824,2026-02-25,Nakuru,SME_Trade,Self_Employed,F,60,Tier2,430,0,Personal_Loan,282119.16,,,0.3329,18,444101.83,0.6353,411.4,1,1,30,2,2293.36,78359.01,56250.49,23,4,0,0,0,33
C01825,2026-02-25,Machakos,Transport,Self_Employed,F,55,Tier2,398,1,Personal_Loan,136085.97,,,0.2599,18,59389.71,2.2914,549.9,1,0,0,1,6149.66,29922.34,28996.79,15,4,2,0,0,20
C01828,2026-02-25,Nyeri,SME_Trade,Self_Employed,F,65,Tier1,512,0,Personal_Loan,435755.39,,,0.1714,36,1197333.06,0.3639,686.4,1,3,0,2,19819.98,91721.04,85160.47,13,1,3,0,0,7
C01830,2026-02-25,Nyeri,Salaried,Permanent,F,65,Tier2,392,1,Personal_Loan,206297.29,,,0.135,36,702743.85,0.2936,621.6,1,2,25,4,12384.84,98835.89,148409.3,25,4,1,0,0,22
C01832,2026-02-25,Meru,SME_Trade,Self_Employed,M,63,Tier3,483,0,Overdraft,83781.92,415648.39,0.2046,0.1887,0,79430.88,1.0548,691.1,2,0,0,1,512.28,1835.5,1656.67,24,5,0,0,0,10
C01833,2026-02-25,Machakos,SME_Trade,Self_Employed,F,47,Tier2,414,0,Personal_Loan,160633.47,,,0.2524,18,0.0,5.0,453.9,1,0,31,6,15276.36,74044.44,48577.11,23,6,0,1,1,182
C01836,2026-02-25,Machakos,Agribusiness,Self_Employed,M,27,Tier3,444,0,Personal_Loan,342847.99,,,0.3066,12,696389.56,0.4923,634.4,1,2,9,6,3533.77,19707.52,21570.06,28,5,3,0,0,22
C01837,2026-02-25,Machakos,SME_Services,Self_Employed,F,63,Tier3,493,1,Overdraft,152529.82,263728.07,0.6386,0.3027,0,0.0,5.0,434.5,1,0,4,5,12330.41,79265.95,50610.48,30,1,1,0,0,20
C01838,2026-02-25,Nairobi,Other,Self_Employed,M,34,Tier1,489,0,SME_Loan,445363.39,,,0.219,36,344611.41,1.2924,566.8,5,0,0,0,7583.29,31733.31,11686.79,19,3,1,0,0,16
C01840,2026-02-25,Mombasa,SME_Services,Self_Employed,F,45,Tier1,469,0,Overdraft,0.0,325814.23,0.0342,0.2094,0,195289.7,0.05,639.2,1,1,0,0,19501.9,104130.35,128389.45,24,5,3,0,0,27
C01841,2026-02-25,Kisumu,Salaried,Permanent,M,40,Tier2,493,1,Overdraft,7654.4,209029.29,0.0682,0.2716,0,,,694.5,1,1,13,5,20731.41,116508.18,122735.47,27,8,0,0,0,28
C01842,2026-02-25,Nakuru,Transport,Self_Employed,F,25,Tier2,443,1,Personal_Loan,273160.25,,,0.2601,18,405810.9,0.6731,691.4,1,0,36,3,8518.47,34292.81,41511.85,20,3,2,0,0,19
C01844,2026-02-25,Machakos,SME_Trade,Micro_Enterprise,F,59,Tier2,536,0,Personal_Loan,277382.65,,,0.2795,36,940928.88,0.2948,669.2,3,1,2,1,13298.47,92294.82,122444.86,24,6,2,0,0,19
C01845,2026-02-25,Kiambu,Transport,Self_Employed,F,54,Tier3,433,0,SME_Loan,919561.55,,,0.1468,24,641616.64,1.4332,680.2,2,1,24,2,8053.86,56133.54,45954.21,25,6,0,0,0,7
C01848,2026-02-25,Mombasa,SME_Trade,Self_Employed,M,45,Tier3,442,0,Personal_Loan,468036.72,,,0.1968,18,524436.91,0.8925,606.8,1,0,18,3,669.76,21316.69,24293.28,29,3,0,0,0,18
C01849,2026-02-25,Nairobi,Salaried,Contract,M,44,Tier1,480,1,Personal_Loan,641721.3,,,0.2225,24,46262.89,5.0,623.4,1,3,0,1,329.36,130908.51,110497.58,42,6,0,0,0,29
C01850,2026-02-25,Nairobi,Construction,Self_Employed,F,28,Tier2,487,0,Personal_Loan,315728.86,,,0.1859,12,1123289.85,0.2811,677.7,1,0,0,2,7556.7,39888.04,36862.99,17,7,1,0,0,20
C01852,2026-02-25,Nairobi,Agribusiness,Self_Employed,F,32,Tier1,530,0,Personal_Loan,224528.34,,,0.2583,36,600906.56,0.3736,530.1,1,1,31,3,9223.58,83858.72,86685.21,23,2,0,0,0,24
C01854,2026-02-25,Nairobi,Transport,Micro_Enterprise,F,28,Tier1,502,0,Personal_Loan,557879.57,,,0.2353,36,500689.74,1.1142,663.6,1,2,0,0,6883.41,39423.09,35127.38,12,6,0,0,0,29
C01855,2026-02-25,Nairobi,SME_Trade,Micro_Enterprise,M,25,Tier1,502,0,Credit_Card,159501.76,102302.42,1.4115,0.2732,0,,,611.6,2,1,11,4,11009.34,136137.19,116672.89,16,3,1,0,0,26
C01856,2026-02-25,Nairobi,Salaried,Permanent,F,59,Tier2,517,1,Personal_Loan,68068.18,,,0.2549,18,607086.27,0.1121,528.6,1,0,6,4,21909.07,160349.4,189990.68,29,7,0,0,0,30
C01859,2026-02-25,Mombasa,Hospitality,Self_Employed,F,44,Tier2,373,0,Personal_Loan,359126.17,,,0.214,24,412910.08,0.8697,511.6,1,1,35,6,5202.36,26890.16,9521.28,17,2,1,0,0,15
C01863,2026-02-25,Kiambu,Construction,Self_Employed,M,59,Tier2,517,0,Personal_Loan,0.0,,,0.3004,12,0.0,0.05,687.8,3,2,6,5,7937.51,51328.69,39357.34,16,3,0,0,0,11
C01870,2026-02-25,Kiambu,Agribusiness,Self_Employed,M,55,Tier1,437,1,Overdraft,190823.31,177200.28,1.0027,0.2191,0,132984.75,1.4349,674.5,2,0,0,0,0.0,0.0,0.0,12,3,3,0,0,17
C01875,2026-02-25,Nairobi,SME_Trade,Micro_Enterprise,M,39,Tier3,494,0,Overdraft,55154.8,313154.52,0.2215,0.2431,0,101267.45,0.5446,569.3,1,1,9,3,5404.06,60297.45,67359.91,33,6,2,0,0,34
C01881,2026-02-25,Kisumu,Salaried,Contract,F,38,Tier2,404,1,SME_Loan,795537.6,,,0.2072,36,623405.17,1.2761,538.8,3,2,0,0,10013.99,51928.24,27147.78,25,3,1,0,0,26
C01883,2026-02-25,Nairobi,Other,Micro_Enterprise,M,29,Tier1,512,0,Personal_Loan,51442.64,,,0.224,18,329871.19,0.1559,575.4,2,1,5,6,429.96,9375.62,13050.52,22,2,2,0,1,215
C01884,2026-02-25,Kisumu,SME_Services,Self_Employed,F,59,Tier3,504,0,Personal_Loan,110892.08,,,0.2315,18,567442.48,0.1954,624.5,1,4,2,1,19675.83,312649.27,238683.32,25,4,1,0,0,22
C01885,2026-02-25,Mombasa,SME_Services,Micro_Enterprise,M,48,Tier3,506,1,Personal_Loan,251928.5,,,0.2476,12,199650.66,1.2618,615.3,1,0,51,5,10034.29,74348.29,47654.03,21,6,1,0,0,32
C01886,2026-02-25,Kiambu,Salaried,Permanent,F,29,Tier2,471,1,Personal_Loan,281252.17,,,0.2484,12,,,517.4,1,0,2,3,3300.31,17318.76,20454.98,27,6,0,0,0,12
C01887,2026-02-25,Nairobi,Other,Self_Employed,M,50,Tier1,365,0,SME_Loan,282161.79,,,0.2061,24,139908.35,2.0168,639.9,3,0,6,4,16305.28,81156.69,90665.13,15,3,1,0,0,32
C01888,2026-02-25,Nairobi,Construction,Micro_Enterprise,F,39,Tier1,432,1,SME_Loan,665497.4,,,0.1346,36,844513.47,0.788,570.1,2,1,5,3,15821.43,70815.74,69448.97,23,4,1,0,0,18
C01893,2026-02-25,Machakos,Transport,Micro_Enterprise,M,60,Tier2,465,0,Personal_Loan,234436.32,,,0.1806,24,,,613.5,2,1,8,5,0.0,0.0,0.0,19,5,1,0,0,12
C01900,2026-02-25,Uasin Gishu,Salaried,Contract,M,36,Tier2,508,1,Credit_Card,72454.05,147820.72,0.5325,0.3512,0,,,490.2,1,1,33,4,0.0,0.0,0.0,24,5,0,0,1,226
C01901,2026-02-25,Nakuru,Agribusiness,Self_Employed,F,45,Tier1,480,1,Overdraft,135114.33,116134.19,0.8773,0.2452,0,325157.97,0.4155,804.1,1,1,0,0,1401.19,7738.54,5501.8,23,1,2,0,0,20
C01904,2026-02-25,Nakuru,Salaried,Permanent,F,32,Tier3,410,1,Personal_Loan,317585.2,,,0.1985,18,816904.63,0.3888,509.9,2,1,1,3,19605.74,96773.12,81173.43,41,10,1,0,0,11
C01907,2026-02-25,Meru,Agribusiness,Micro_Enterprise,F,34,Tier2,365,1,Personal_Loan,21029.22,,,0.1874,36,412914.08,0.0509,554.0,1,1,3,1,28112.84,135230.68,143529.6,20,5,0,0,0,25
C01910,2026-02-25,Nairobi,SME_Trade,Micro_Enterprise,F,63,Tier1,436,0,Credit_Card,112431.84,117805.31,0.8713,0.4138,0,,,546.4,1,1,8,3,17532.77,75906.16,85678.12,20,6,2,1,0,17
C01911,2026-02-25,Uasin Gishu,Salaried,Permanent,F,24,Tier2,506,1,Personal_Loan,261994.22,,,0.2332,36,467790.62,0.5601,565.1,2,0,15,5,15083.17,130177.47,160999.52,36,4,0,0,0,6
C01914,2026-02-25,Machakos,Agribusiness,Micro_Enterprise,M,55,Tier2,477,1,Personal_Loan,181490.87,,,0.2216,12,388844.55,0.4667,633.6,2,0,0,3,25273.41,101393.52,21539.75,19,2,1,0,0,32
C01915,2026-02-25,Kakamega,Salaried,Permanent,F,35,Tier1,294,1,Overdraft,207118.74,303491.83,0.6454,0.2704,0,0.0,5.0,561.6,2,0,3,1,31489.3,211941.13,265240.72,26,4,0,0,0,6
C01917,2026-02-25,Kiambu,Salaried,Permanent,F,33,Tier2,438,1,Overdraft,183874.39,283945.35,0.7448,0.2283,0,259915.72,0.7074,638.5,1,0,20,5,8456.41,78887.16,76035.75,30,8,0,0,0,27
C01920,2026-02-25,Nairobi,Salaried,Permanent,M,44,Tier2,498,1,Personal_Loan,330186.9,,,0.2215,36,949048.34,0.3479,601.0,1,0,26,4,48031.58,214656.87,106236.02,16,5,0,0,0,21
C01922,2026-02-25,Nakuru,Transport,Self_Employed,M,45,Tier2,531,0,SME_Loan,396919.49,,,0.2113,48,381333.12,1.0409,654.0,3,2,0,0,959.05,6798.65,4370.19,23,2,2,0,0,20
C01925,2026-02-25,Mombasa,Hospitality,Self_Employed,M,37,Tier2,460,1,Personal_Loan,93689.37,,,0.1818,18,585181.59,0.1601,693.5,1,2,0,0,6282.2,30527.9,34849.49,23,4,1,0,0,7
C01928,2026-02-25,Nyeri,Agribusiness,Micro_Enterprise,M,26,Tier2,471,0,Overdraft,256080.78,419978.59,0.6086,0.1898,0,199580.39,1.2831,562.1,1,1,30,4,4937.57,46913.34,39439.45,18,2,2,0,0,19
C01929,2026-02-25,Kakamega,Salaried,Permanent,F,29,Tier2,408,1,Overdraft,152017.49,232995.76,0.6236,0.1768,0,183693.19,0.8276,714.5,1,0,10,3,7216.29,29446.35,28698.77,24,6,3,0,0,27
C01931,2026-02-25,Nairobi,SME_Trade,Self_Employed,M,25,Tier3,401,0,Overdraft,145106.31,399254.43,0.3483,0.2238,0,112579.0,1.2889,592.0,1,0,0,0,5640.3,74256.81,80361.34,23,2,1,0,0,34
C01932,2026-02-25,Kisumu,Transport,Micro_Enterprise,F,42,Tier2,441,1,Overdraft,149851.29,238439.57,0.6796,0.2601,0,80989.06,1.8503,601.9,2,0,0,0,2968.32,30314.71,20900.23,16,5,2,1,0,5
C01934,2026-02-25,Mombasa,Transport,Self_Employed,M,63,Tier3,539,1,Overdraft,367945.54,201049.71,1.8,0.1788,0,10207.72,5.0,739.5,1,0,0,0,12260.75,31033.56,29128.36,18,5,0,0,0,17
C01941,2026-02-25,Nakuru,Construction,Self_Employed,F,28,Tier1,494,0,Overdraft,11876.26,362853.37,0.0434,0.1584,0,13755.09,0.8634,746.7,3,1,0,0,4954.59,23575.53,11446.49,14,4,0,0,0,20
C01942,2026-02-25,Nairobi,SME_Trade,Micro_Enterprise,M,32,Tier1,428,0,Overdraft,74514.09,253876.09,0.3072,0.2491,0,22071.3,3.3761,580.9,1,1,19,5,599.12,89514.0,82428.09,17,5,1,0,0,12
C01943,2026-02-25,Nakuru,Salaried,Permanent,F,60,Tier3,483,1,Overdraft,0.0,393101.79,0.0,0.1258,0,63408.32,0.05,732.8,3,1,3,5,38919.58,168258.44,109100.49,35,5,0,0,0,11
C01944,2026-02-25,Nakuru,Salaried,Contract,M,22,Tier2,484,1,Overdraft,78344.82,229408.53,0.3145,0.2847,0,161857.12,0.484,574.4,1,2,0,2,1950.89,241614.61,212258.32,20,7,0,0,0,6
C01946,2026-02-25,Nyeri,Salaried,Permanent,F,26,Tier3,439,1,SME_Loan,521264.38,,,0.1228,36,353783.29,1.4734,714.8,1,1,0,0,7437.73,28199.67,15770.7,38,3,1,1,0,15
C01948,2026-02-25,Kakamega,SME_Services,Self_Employed,F,62,Tier2,525,0,Personal_Loan,288484.26,,,0.2058,12,677338.16,0.4259,521.4,1,0,0,4,473.05,3751.25,2853.16,16,5,1,0,0,30
C01949,2026-02-25,Kiambu,Construction,Micro_Enterprise,F,21,Tier2,460,0,Personal_Loan,16302.23,,,0.1863,12,,,566.3,2,2,15,2,39794.1,191413.03,98803.53,22,1,2,0,0,34
C01950,2026-02-25,Kiambu,Transport,Self_Employed,F,35,Tier2,436,0,Personal_Loan,42108.57,,,0.2475,12,483032.7,0.0872,452.4,1,2,28,3,0.0,82513.71,47113.74,27,2,1,0,1,160
C01951,2026-02-25,Mombasa,Agribusiness,Self_Employed,M,62,Tier2,472,0,Personal_Loan,334471.98,,,0.1958,36,213765.23,1.5647,607.7,1,0,13,6,631.54,6500.21,5102.01,22,8,0,0,0,10
C01952,2026-02-25,Mombasa,SME_Trade,Micro_Enterprise,F,48,Tier3,520,1,SME_Loan,720921.75,,,0.2563,24,286477.62,2.5165,648.1,1,2,18,3,8856.81,57399.07,59078.3,15,5,0,0,0,6
C01953,2026-02-25,Nairobi,Salaried,Contract,M,24,Tier1,471,1,Personal_Loan,305634.75,,,0.2055,36,197665.33,1.5462,583.3,1,4,6,6,0.0,0.0,0.0,20,4,0,0,0,23
C01954,2026-02-25,Nyeri,SME_Services,Micro_Enterprise,M,41,Tier1,485,0,SME_Loan,488903.3,,,0.2222,24,204021.65,2.3963,611.9,4,2,7,6,26715.96,69731.33,76133.97,25,4,2,0,0,24
C01958,2026-02-25,Nairobi,SME_Services,Micro_Enterprise,M,44,Tier1,428,0,Overdraft,4753.04,366829.19,0.029,0.1508,0,90674.86,0.0524,653.5,1,1,1,3,17240.88,62360.38,50811.32,21,6,2,0,0,5
C01959,2026-02-25,Nairobi,SME_Services,Self_Employed,F,50,Tier3,449,1,SME_Loan,635396.16,,,0.2547,24,0.0,5.0,744.0,2,0,0,0,20892.25,177402.24,137422.99,21,3,1,0,0,28
C01961,2026-02-25,Nakuru,Transport,Micro_Enterprise,M,58,Tier3,489,1,SME_Loan,490577.15,,,0.2191,24,141521.5,3.4664,553.5,1,1,22,5,3972.95,15560.86,16001.59,30,5,0,0,0,33
C01965,2026-02-25,Machakos,SME_Services,Self_Employed,M,57,Tier2,442,1,Personal_Loan,309887.63,,,0.2427,36,489906.39,0.6325,609.3,2,2,12,3,14331.65,63138.22,65458.6,24,0,0,0,1,190
C01966,2026-02-25,Nairobi,Salaried,Permanent,M,54,Tier2,499,1,SME_Loan,834097.34,,,0.2141,48,25226.71,5.0,636.6,3,0,0,0,6672.5,171894.67,186185.07,24,5,0,0,0,10
C01968,2026-02-25,Kiambu,Agribusiness,Micro_Enterprise,M,42,Tier2,495,0,Overdraft,50806.84,213721.99,0.3167,0.3709,0,114833.8,0.4424,655.9,1,0,17,2,2265.23,21118.28,29354.25,21,5,0,0,0,12
C01970,2026-02-25,Nairobi,SME_Services,Self_Employed,M,27,Tier2,452,0,SME_Loan,544855.48,,,0.2617,12,531455.01,1.0252,692.6,3,0,1,0,20093.33,191698.92,132844.0,21,5,2,0,0,26
C01972,2026-02-25,Nairobi,Salaried,Permanent,M,62,Tier1,465,1,Overdraft,97836.57,391335.96,0.312,0.2426,0,104097.94,0.9399,649.8,1,1,5,6,13095.54,119166.62,134476.34,19,5,0,1,1,152
C01974,2026-02-25,Nairobi,Salaried,Contract,F,36,Tier2,447,1,SME_Loan,784300.6,,,0.2542,36,462378.23,1.6962,518.6,2,2,5,0,8631.07,109520.56,157438.91,20,6,1,0,0,18
C01975,2026-02-25,Kiambu,Other,Self_Employed,M,46,Tier2,315,0,Personal_Loan,73282.05,,,0.1652,12,1195166.9,0.0613,364.6,1,0,3,1,2308.85,25926.65,27453.52,15,3,2,0,0,25
C01976,2026-02-25,Nairobi,Other,Micro_Enterprise,M,23,Tier2,540,1,Overdraft,296190.67,325476.92,0.8022,0.2298,0,113170.77,2.6172,673.1,1,2,0,0,23371.96,177954.41,143290.84,19,2,1,0,0,12
C01977,2026-02-25,Nairobi,Agribusiness,Self_Employed,M,62,Tier1,496,0,SME_Loan,363705.22,,,0.2199,24,134721.82,2.6997,585.0,1,2,0,0,14337.19,83129.57,25107.94,21,6,0,0,0,17
C01982,2026-02-25,Nairobi,Salaried,Permanent,M,49,Tier1,518,1,Overdraft,28380.74,259367.27,0.0521,0.2182,0,109288.32,0.2597,595.6,2,0,18,3,9853.54,75346.25,86067.98,24,6,1,0,0,15
C01983,2026-02-25,Nairobi,Agribusiness,Micro_Enterprise,M,23,Tier2,447,0,Personal_Loan,310188.73,,,0.2352,36,373698.72,0.8301,642.7,3,1,0,5,3383.95,17111.59,12850.45,13,7,1,0,0,28
C01986,2026-02-25,Machakos,SME_Trade,Self_Employed,M,56,Tier3,255,0,SME_Loan,292159.4,,,0.1745,24,415408.87,0.7033,570.5,1,2,11,4,4471.45,32914.05,29567.7,19,2,0,0,0,31
C01988,2026-02-25,Uasin Gishu,SME_Trade,Self_Employed,M,30,Tier2,497,0,Personal_Loan,144502.43,,,0.2127,24,873275.54,0.1655,641.7,3,1,0,0,2062.7,7929.55,6768.5,17,5,0,1,0,24
C01989,2026-02-25,Nakuru,Agribusiness,Micro_Enterprise,M,30,Tier2,356,0,Personal_Loan,370708.17,,,0.3209,18,650250.4,0.5701,651.3,1,0,8,5,0.0,32671.99,26704.83,13,2,0,0,0,19
C01995,2026-02-25,Kisumu,Agribusiness,Self_Employed,F,54,Tier2,312,0,Personal_Loan,190746.22,,,0.2725,24,413945.02,0.4608,579.8,1,0,0,0,0.0,0.0,0.0,15,8,1,0,0,33
C02000,2026-02-25,Uasin Gishu,Salaried,Permanent,F,33,Tier2,443,1,Personal_Loan,272200.34,,,0.2734,36,402517.56,0.6762,515.5,2,1,3,5,5553.38,73460.72,78244.25,31,5,0,0,0,12
C02002,2026-02-25,Nakuru,Salaried,Permanent,M,23,Tier2,420,1,Overdraft,255281.91,190179.71,1.4937,0.1663,0,,,465.4,2,0,35,6,19272.49,196462.11,160129.34,28,5,1,0,0,29
C02003,2026-02-25,Meru,Agribusiness,Micro_Enterprise,F,38,Tier3,442,1,Personal_Loan,422637.78,,,0.2368,18,132650.86,3.1861,638.3,1,0,13,3,1199.53,13879.67,16256.92,25,0,2,0,0,34
C02005,2026-02-25,Nakuru,SME_Services,Micro_Enterprise,M,56,Tier2,439,0,Personal_Loan,545878.05,,,0.2378,36,226075.09,2.4146,676.2,2,2,0,1,1433.29,11568.22,11011.4,14,3,1,0,0,29
C02010,2026-02-25,Nairobi,Construction,Micro_Enterprise,F,49,Tier1,424,1,Personal_Loan,342907.76,,,0.2005,18,500979.13,0.6845,391.8,2,0,43,2,0.0,60451.01,78321.2,18,8,2,0,0,16
C02011,2026-02-25,Kakamega,Salaried,Permanent,M,43,Tier2,439,1,Personal_Loan,112619.14,,,0.2595,24,652576.99,0.1726,737.8,1,1,0,1,11525.89,51403.64,47673.05,23,4,1,0,0,6
C02013,2026-02-25,Nakuru,Salaried,Permanent,F,27,Tier3,495,1,SME_Loan,1030640.69,,,0.1254,36,0.0,5.0,521.8,1,0,2,0,44691.88,199341.58,229585.96,41,4,1,0,0,28
C02014,2026-02-25,Nairobi,Transport,Self_Employed,F,62,Tier2,481,0,Overdraft,506266.0,93651.0,1.8,0.2349,0,114994.34,4.4025,650.1,1,1,8,4,2728.93,47054.21,35968.98,13,6,3,0,0,8
C02016,2026-02-25,Nairobi,Salaried,Permanent,M,35,Tier2,476,1,Personal_Loan,208113.47,,,0.2499,36,770455.92,0.2701,669.3,1,1,0,4,0.0,97736.52,123454.33,32,11,0,0,0,6
C02018,2026-02-25,Uasin Gishu,SME_Trade,Micro_Enterprise,F,53,Tier2,447,0,Personal_Loan,205479.79,,,0.1911,24,962183.83,0.2136,696.8,4,1,1,0,13449.92,122245.64,137551.1,18,4,1,0,0,27
C02024,2026-02-25,Nairobi,SME_Services,Micro_Enterprise,M,47,Tier1,407,0,Personal_Loan,324353.05,,,0.2407,12,253073.15,1.2817,588.2,1,0,0,0,7971.94,43007.16,40671.92,8,3,0,0,0,29
C02025,2026-02-25,Kiambu,Salaried,Permanent,M,24,Tier3,427,1,Personal_Loan,442118.15,,,0.1651,12,408930.41,1.0812,700.7,1,0,0,0,0.0,27642.04,13399.53,32,2,0,0,0,19
C02028,2026-02-25,Kiambu,SME_Trade,Self_Employed,F,63,Tier2,523,1,Personal_Loan,369133.0,,,0.3036,36,239545.21,1.541,623.9,1,0,29,6,3709.98,47102.46,55737.91,15,7,1,0,0,20
C02029,2026-02-25,Uasin Gishu,Agribusiness,Micro_Enterprise,M,44,Tier1,469,0,Personal_Loan,560907.33,,,0.2346,36,,,543.7,1,1,13,3,28890.4,180753.11,193694.22,15,3,0,0,0,32
C02030,2026-02-25,Kiambu,SME_Trade,Self_Employed,M,36,Tier2,445,1,SME_Loan,764030.93,,,0.1627,36,690323.34,1.1068,691.7,3,2,0,1,4914.85,36490.24,44234.73,24,3,0,0,0,29
C02034,2026-02-25,Nairobi,Salaried,Permanent,F,51,Tier3,402,1,SME_Loan,75102.62,,,0.2649,24,158232.07,0.4746,689.1,3,1,0,0,23007.91,108892.2,79082.42,31,7,2,0,0,21
C02035,2026-02-25,Kakamega,Other,Self_Employed,M,65,Tier2,439,0,Personal_Loan,285992.16,,,0.2986,24,451540.69,0.6334,573.3,1,1,5,4,14105.81,122004.01,118438.5,13,1,2,0,0,19
C02036,2026-02-25,Kakamega,Construction,Self_Employed,M,59,Tier1,514,0,Personal_Loan,531335.4,,,0.2403,12,99649.47,5.0,740.3,1,0,31,5,1700.06,15847.97,10582.38,19,3,1,0,0,32
C02037,2026-02-25,Machakos,Agribusiness,Self_Employed,M,47,Tier2,344,0,SME_Loan,892971.24,,,0.2127,36,279873.77,3.1906,636.8,3,1,24,4,9214.66,113037.85,96762.53,19,3,0,0,0,29
C02038,2026-02-25,Nairobi,Salaried,Permanent,F,22,Tier1,432,1,Personal_Loan,0.0,,,0.2421,18,0.0,0.05,536.3,3,0,56,3,25856.89,92988.25,100075.77,25,2,1,0,0,21
C02040,2026-02-25,Nairobi,Salaried,Permanent,M,41,Tier1,433,1,SME_Loan,978374.79,,,0.2391,24,355291.88,2.7537,658.4,1,0,0,2,30648.59,124931.42,130061.59,30,7,2,0,0,16
C02041,2026-02-25,Mombasa,Hospitality,Micro_Enterprise,F,34,Tier3,415,1,SME_Loan,652746.56,,,0.1575,36,803165.01,0.8127,518.1,2,0,18,1,3320.39,65087.54,74488.05,24,2,1,0,0,8
C02045,2026-02-25,Kiambu,Salaried,Permanent,M,33,Tier2,438,1,Credit_Card,103654.29,260302.46,0.3798,0.2253,0,,,692.6,1,0,0,1,9050.87,46541.77,18620.53,26,12,2,0,0,27
C02049,2026-02-25,Kakamega,Hospitality,Self_Employed,F,54,Tier1,431,1,Personal_Loan,303214.94,,,0.2353,36,837519.55,0.362,629.1,1,0,0,2,24959.31,127788.21,134235.45,15,2,0,0,1,19
C02050,2026-02-25,Kiambu,Construction,Self_Employed,F,50,Tier2,515,1,Overdraft,165300.77,334897.55,0.4687,0.2745,0,188088.39,0.8788,595.3,1,0,0,0,4931.36,84856.64,79552.64,10,6,2,0,0,27
C02054,2026-02-25,Kisumu,Salaried,Permanent,F,63,Tier2,252,1,SME_Loan,670241.21,,,0.2259,48,588482.82,1.1389,817.8,1,4,0,1,16991.34,85490.44,71255.65,18,3,0,0,0,34
C02055,2026-02-25,Nakuru,SME_Services,Micro_Enterprise,F,53,Tier1,447,1,Personal_Loan,239667.82,,,0.1895,24,205738.37,1.1649,655.3,1,0,0,1,5204.8,26063.45,17001.91,17,2,1,0,0,8
C02056,2026-02-25,Kisumu,SME_Services,Self_Employed,F,37,Tier3,445,0,Personal_Loan,435003.79,,,0.1933,24,1002671.14,0.4338,442.2,3,0,90,5,17497.2,71961.62,82525.92,18,3,0,0,0,174
C02057,2026-02-25,Nairobi,Salaried,Permanent,M,54,Tier1,491,1,SME_Loan,822992.61,,,0.1633,12,,,662.2,1,0,3,3,36639.89,109882.39,151754.71,25,6,1,0,1,34
C02060,2026-02-25,Mombasa,Hospitality,Self_Employed,M,39,Tier2,521,1,Overdraft,109504.89,213531.55,0.57,0.1832,0,223659.52,0.4896,607.3,1,2,0,0,48994.16,122619.65,110376.09,20,3,2,0,0,13
C02065,2026-02-25,Mombasa,Salaried,Contract,F,47,Tier3,385,1,SME_Loan,972341.02,,,0.1597,36,381857.46,2.5463,622.9,2,1,10,3,19352.84,118483.64,131738.83,24,3,0,0,0,17
C02067,2026-02-25,Meru,Agribusiness,Micro_Enterprise,F,53,Tier2,474,0,Personal_Loan,261971.97,,,0.2282,18,521460.54,0.5024,629.3,1,0,6,3,22176.0,88178.51,46207.01,11,1,1,0,0,15
C02069,2026-02-25,Kisumu,Salaried,Permanent,M,35,Tier2,404,1,Overdraft,4116.98,213875.32,0.0146,0.2669,0,51045.81,0.0807,614.7,2,2,0,4,7650.25,65068.65,50341.9,20,1,1,0,0,8
C02074,2026-02-25,Kakamega,SME_Trade,Self_Employed,F,36,Tier3,521,0,Personal_Loan,224774.86,,,0.2121,36,809963.47,0.2775,671.2,1,1,0,0,0.0,15853.73,12655.18,30,7,2,0,0,6
C02075,2026-02-25,Kiambu,Salaried,Permanent,M,52,Tier2,453,1,Overdraft,0.0,380455.21,0.0,0.181,0,170579.12,0.05,594.0,2,1,0,0,9275.96,164824.18,136493.49,24,5,0,0,0,17
C02076,2026-02-25,Mombasa,SME_Services,Micro_Enterprise,M,39,Tier3,517,0,SME_Loan,893255.16,,,0.2217,48,378299.74,2.3612,538.7,3,0,18,3,5483.06,62607.77,62769.44,12,1,0,0,0,7
C02077,2026-02-25,Nyeri,Agribusiness,Self_Employed,F,41,Tier1,418,1,Personal_Loan,417266.31,,,0.1893,18,231714.52,1.8008,680.9,1,1,6,3,0.0,35979.01,38950.26,19,3,2,0,0,15
C02078,2026-02-25,Kisumu,SME_Trade,Self_Employed,F,40,Tier2,456,1,Personal_Loan,362323.54,,,0.18,36,0.0,5.0,478.8,4,1,24,6,14404.92,86694.96,92305.09,14,4,1,0,0,20
C02080,2026-02-25,Kisumu,SME_Trade,Self_Employed,M,26,Tier2,470,0,Personal_Loan,655787.1,,,0.2445,12,369472.57,1.7749,730.1,1,2,0,2,0.0,28230.71,32968.5,20,3,1,0,0,191
C02082,2026-02-25,Kakamega,Salaried,Permanent,M,25,Tier1,520,1,Personal_Loan,285378.54,,,0.1935,24,0.0,5.0,672.3,2,0,0,1,7521.75,64080.66,83386.07,28,7,0,1,1,152
C02083,2026-02-25,Mombasa,Salaried,Permanent,F,35,Tier2,458,1,Overdraft,162588.09,64544.7,1.8,0.289,0,58872.01,2.7617,692.2,1,1,0,1,0.0,0.0,0.0,24,2,0,0,0,15
C02090,2026-02-25,Kakamega,Agribusiness,Self_Employed,F,21,Tier2,431,1,Overdraft,207432.53,350292.63,0.5409,0.2046,0,34593.66,5.0,682.2,1,1,0,0,13544.62,64178.45,76992.56,28,4,1,0,0,32
C02091,2026-02-25,Nakuru,Agribusiness,Micro_Enterprise,M,60,Tier1,402,0,Personal_Loan,112182.95,,,0.1396,18,397312.83,0.2824,520.4,1,0,0,2,9187.33,98609.26,82365.49,23,5,2,0,0,14
C02096,2026-02-25,Nakuru,Construction,Self_Employed,M,56,Tier2,532,0,SME_Loan,643960.69,,,0.2452,24,57089.61,5.0,710.5,4,0,10,6,3001.08,14008.11,16233.96,13,5,2,1,0,226
C02103,2026-02-25,Nyeri,SME_Services,Self_Employed,F,28,Tier1,482,0,Overdraft,157372.46,381034.35,0.4822,0.243,0,100424.28,1.5671,594.5,1,1,0,0,2857.09,11501.04,7627.87,28,7,0,0,0,31
C02104,2026-02-25,Nakuru,Agribusiness,Self_Employed,F,26,Tier1,506,0,Personal_Loan,341853.78,,,0.2548,18,129644.86,2.6368,649.5,1,1,12,4,17996.09,113917.66,85322.95,21,7,1,0,0,32
C02105,2026-02-25,Nakuru,Construction,Micro_Enterprise,M,60,Tier2,380,0,Personal_Loan,278804.21,,,0.2133,12,224750.27,1.2405,597.9,3,1,0,1,18804.26,100425.11,80396.39,23,4,0,0,0,22
C02109,2026-02-25,Nairobi,SME_Services,Self_Employed,M,33,Tier1,476,0,Overdraft,197055.37,310774.59,0.6055,0.2539,0,91594.79,2.1514,573.8,1,0,1,1,40243.02,212827.19,285463.63,19,5,2,0,0,15
C02111,2026-02-25,Kisumu,SME_Trade,Self_Employed,M,33,Tier3,467,1,Personal_Loan,129516.83,,,0.2054,24,565094.02,0.2292,536.4,1,0,29,4,0.0,0.0,0.0,26,4,1,0,0,34
C02116,2026-02-25,Nairobi,Salaried,Permanent,F,30,Tier2,392,1,Personal_Loan,398169.66,,,0.2456,12,21640.02,5.0,613.2,2,1,0,0,10727.15,111705.91,54384.32,33,2,1,0,0,30
C02119,2026-02-25,Kakamega,Agribusiness,Micro_Enterprise,M,45,Tier2,404,0,Personal_Loan,299279.43,,,0.1939,24,371887.12,0.8048,562.5,2,0,8,0,3017.11,11172.6,13797.81,18,2,0,0,0,19
C02120,2026-02-25,Kakamega,Other,Micro_Enterprise,M,52,Tier2,329,0,SME_Loan,253138.15,,,0.2484,12,871954.73,0.2903,667.4,1,1,5,3,0.0,25580.93,13905.98,13,6,1,0,0,29
C02122,2026-02-25,Meru,Salaried,Permanent,F,63,Tier3,427,1,SME_Loan,1606303.75,,,0.14,24,,,558.5,3,1,21,6,7244.36,53942.78,46957.17,26,8,0,0,0,15
C02125,2026-02-25,Nakuru,Other,Self_Employed,M,54,Tier1,468,0,Credit_Card,153898.86,97878.67,1.4799,0.3282,0,,,588.8,2,1,0,1,7264.3,27815.75,24542.96,24,3,0,0,0,26
C02127,2026-02-25,Nairobi,Salaried,Permanent,F,34,Tier1,490,1,Overdraft,8141.48,91255.38,0.5972,0.2194,0,,,576.9,1,1,0,2,32369.69,111273.94,104367.91,34,3,1,0,0,20
C02128,2026-02-25,Nyeri,SME_Trade,Micro_Enterprise,M,49,Tier3,468,0,Overdraft,200801.51,570319.04,0.3476,0.2247,0,120223.01,1.6702,707.3,1,1,0,1,0.0,13025.28,12564.17,21,7,2,0,0,25
C02131,2026-02-25,Mombasa,Salaried,Permanent,M,53,Tier2,520,1,Credit_Card,90292.25,310812.72,0.1699,0.2622,0,,,509.5,2,2,0,0,2620.28,9306.99,7087.46,35,13,0,0,0,21
C02133,2026-02-25,Nyeri,Agribusiness,Micro_Enterprise,M,44,Tier2,534,1,Overdraft,192665.0,425607.45,0.3674,0.2772,0,0.0,5.0,682.2,2,0,7,2,1930.3,25223.34,23232.88,11,2,2,0,0,30
C02135,2026-02-25,Nairobi,Construction,Self_Employed,M,40,Tier2,467,1,SME_Loan,813630.2,,,0.2302,36,286408.57,2.8408,529.5,2,0,0,0,10879.87,58841.33,52953.71,12,7,1,0,0,34
C02136,2026-02-25,Machakos,Salaried,Permanent,F,51,Tier2,463,1,Overdraft,174082.6,193246.92,0.7557,0.235,0,157144.89,1.1078,617.8,1,1,8,3,12820.07,104875.57,145924.97,31,5,0,0,0,25
C02137,2026-02-25,Nakuru,SME_Trade,Self_Employed,M,45,Tier3,428,0,Overdraft,170145.95,136622.0,1.1558,0.1573,0,44722.97,3.8044,583.0,1,1,17,5,34300.89,118681.44,113671.32,22,5,2,0,0,31
C02138,2026-02-25,Nairobi,Transport,Self_Employed,M,22,Tier2,485,0,Personal_Loan,0.0,,,0.2754,18,1001470.62,0.05,606.1,1,0,0,4,18258.99,96459.86,46277.77,19,2,2,0,0,18
C02139,2026-02-25,Nairobi,Salaried,Permanent,M,45,Tier3,448,1,SME_Loan,380414.59,,,0.2065,24,596032.67,0.6382,629.0,2,0,14,6,7640.74,51015.95,58515.15,30,7,0,0,0,32
C02141,2026-02-25,Nairobi,Salaried,Permanent,F,52,Tier1,494,1,Personal_Loan,295246.65,,,0.1329,12,194753.38,1.516,596.0,2,1,24,3,0.0,0.0,0.0,19,6,1,1,0,17
C02146,2026-02-25,Kakamega,Other,Self_Employed,M,40,Tier3,455,1,Overdraft,0.0,96644.17,0.1875,0.2917,0,281191.66,0.05,672.8,1,1,0,2,0.0,0.0,0.0,20,7,0,0,0,15
C02147,2026-02-25,Mombasa,Salaried,Permanent,F,28,Tier3,514,1,Personal_Loan,413264.66,,,0.1431,18,0.0,5.0,586.9,1,0,0,1,11235.26,63507.61,61367.92,32,8,2,0,0,30
C02149,2026-02-25,Nyeri,Salaried,Permanent,F,59,Tier2,531,1,Overdraft,105677.63,297572.78,0.4383,0.2826,0,0.0,5.0,634.1,2,1,0,0,7725.11,66968.3,72861.9,24,7,0,0,0,8
C02150,2026-02-25,Machakos,Salaried,Permanent,F,59,Tier2,500,1,Overdraft,225548.87,126126.43,1.574,0.2664,0,57424.61,3.9277,588.4,2,0,15,2,2763.28,13088.8,9117.48,25,4,0,1,0,195
C02155,2026-02-25,Nakuru,Salaried,Contract,F,52,Tier2,456,1,Overdraft,35751.13,529505.74,0.1236,0.2248,0,,,618.8,3,0,17,4,25228.85,95058.02,87863.38,25,5,1,0,0,9
C02157,2026-02-25,Nyeri,SME_Services,Self_Employed,M,40,Tier2,492,0,Personal_Loan,148098.66,,,0.2771,18,434615.86,0.3408,663.0,2,0,20,6,17487.45,66616.72,36648.21,14,4,0,0,0,7
C02158,2026-02-25,Nakuru,Salaried,Permanent,M,49,Tier2,517,1,SME_Loan,721749.58,,,0.1879,24,102795.1,5.0,590.6,2,0,0,0,8486.16,32580.17,34624.24,21,7,0,0,0,26
C02159,2026-02-25,Uasin Gishu,Transport,Self_Employed,M,57,Tier2,439,0,Personal_Loan,86903.47,,,0.2105,18,762973.91,0.1139,708.7,1,0,1,2,2153.37,93546.83,91055.76,12,7,1,0,0,5
C02162,2026-02-25,Kiambu,SME_Services,Self_Employed,M,31,Tier2,434,1,Personal_Loan,385809.19,,,0.2455,24,264856.13,1.4567,681.4,1,4,0,1,2439.62,50063.32,34601.17,19,3,3,0,0,21
C02165,2026-02-25,Kiambu,Hospitality,Self_Employed,F,63,Tier2,500,0,Personal_Loan,529880.84,,,0.1616,24,,,769.8,1,0,0,2,4492.91,31154.79,23901.82,22,3,3,0,0,29
C02167,2026-02-25,Nairobi,SME_Trade,Micro_Enterprise,M,35,Tier2,456,0,SME_Loan,455097.95,,,0.1688,48,0.0,5.0,670.4,1,1,7,5,42131.01,140476.81,119891.5,31,3,2,0,0,25
C02168,2026-02-25,Meru,SME_Services,Micro_Enterprise,M,58,Tier2,393,0,SME_Loan,613302.53,,,0.1528,36,644043.23,0.9523,678.2,2,0,0,0,10232.63,102201.54,70417.56,18,7,0,0,0,26
C02169,2026-02-25,Kisumu,Transport,Self_Employed,M,63,Tier2,465,0,Credit_Card,14738.2,130757.83,0.1401,0.275,0,,,613.2,4,0,0,3,20437.94,115582.6,89278.61,22,4,2,0,0,34
C02170,2026-02-25,Nairobi,Salaried,Permanent,F,65,Tier2,406,1,Personal_Loan,335457.26,,,0.2231,36,14736.41,5.0,474.0,1,2,2,5,84.4,13349.49,12145.76,32,6,1,1,0,225
C02171,2026-02-25,Nairobi,SME_Trade,Micro_Enterprise,F,21,Tier1,376,1,Overdraft,188667.78,180324.31,0.9837,0.2085,0,231947.96,0.8134,509.5,3,1,23,6,0.0,0.0,0.0,22,5,1,1,0,199
C02175,2026-02-25,Machakos,Salaried,Permanent,F,31,Tier3,442,1,Personal_Loan,260040.29,,,0.2084,12,390196.74,0.6664,613.2,5,0,0,0,1171.32,10430.58,10591.68,34,7,1,0,0,9
C02177,2026-02-25,Nyeri,SME_Services,Self_Employed,M,25,Tier2,537,1,Personal_Loan,127769.31,,,0.214,24,213545.14,0.5983,651.8,3,0,0,0,2408.98,32929.17,32810.66,14,5,2,0,0,22
C02180,2026-02-25,Kakamega,Salaried,Permanent,M,41,Tier2,431,1,Personal_Loan,190215.7,,,0.1932,12,136823.28,1.3902,656.4,1,1,6,2,22504.26,162672.76,119089.08,24,6,1,0,0,23
C02182,2026-02-25,Kiambu,Transport,Micro_Enterprise,M,31,Tier2,468,0,Personal_Loan,161840.37,,,0.2502,12,128376.65,1.2607,397.7,1,0,41,6,15774.1,143586.84,165974.8,18,4,2,0,0,162
C02183,2026-02-25,Kiambu,Agribusiness,Micro_Enterprise,M,48,Tier1,499,0,Overdraft,0.0,232475.54,0.0603,0.2825,0,116672.25,0.05,653.0,1,0,0,0,43412.48,182326.43,160455.15,21,0,2,0,0,19
C02187,2026-02-25,Nairobi,Transport,Self_Employed,F,34,Tier1,508,0,SME_Loan,482607.61,,,0.1937,36,,,634.4,3,0,0,1,242.71,1252.38,958.48,19,5,3,0,0,21
C02188,2026-02-25,Mombasa,SME_Services,Micro_Enterprise,M,32,Tier2,392,1,Credit_Card,92667.95,232543.09,0.2914,0.2201,0,,,680.1,2,2,2,2,3143.24,14555.53,10336.69,13,5,1,0,0,11
C02190,2026-02-25,Kakamega,Hospitality,Micro_Enterprise,F,47,Tier2,464,0,SME_Loan,1071273.05,,,0.1537,36,1177401.96,0.9099,560.2,1,0,30,4,3247.46,26001.52,24363.02,15,7,1,0,0,27
C02192,2026-02-25,Machakos,Hospitality,Micro_Enterprise,F,39,Tier1,528,0,SME_Loan,608727.18,,,0.2387,36,189265.36,3.2163,549.0,2,0,22,4,11498.88,81471.72,35949.59,16,3,1,0,0,11
C02196,2026-02-25,Kiambu,Hospitality,Self_Employed,M,57,Tier3,478,0,SME_Loan,441760.79,,,0.1983,48,500205.84,0.8832,550.7,2,1,14,4,504.27,4554.25,3916.01,20,10,1,0,0,15
C02197,2026-02-25,Kiambu,Other,Micro_Enterprise,F,34,Tier2,452,0,SME_Loan,473244.43,,,0.2857,12,,,427.4,3,0,37,6,21531.28,111290.94,74658.03,22,3,1,0,0,25
C02198,2026-02-25,Mombasa,Transport,Micro_Enterprise,F,59,Tier2,392,0,SME_Loan,610843.84,,,0.2719,36,548212.25,1.1142,507.5,2,2,36,4,6452.45,66592.41,73499.76,22,4,1,0,0,29
C02200,2026-02-25,Nakuru,Salaried,Permanent,F,28,Tier3,432,1,SME_Loan,313243.17,,,0.3005,36,554445.07,0.565,527.5,2,1,0,3,7304.5,73637.66,59867.01,28,4,0,0,0,13
C02201,2026-02-25,Nairobi,SME_Trade,Micro_Enterprise,F,37,Tier3,317,0,Personal_Loan,489515.47,,,0.2816,12,508730.77,0.9622,593.7,1,1,1,2,4266.45,18603.35,22862.05,25,2,1,0,0,26
C02202,2026-02-25,Mombasa,Hospitality,Micro_Enterprise,M,21,Tier2,462,1,Credit_Card,72078.87,180309.33,0.3706,0.1831,0,,,637.9,1,0,11,6,6520.01,77797.19,65794.73,17,0,1,0,0,188
C02203,2026-02-25,Kisumu,Salaried,Permanent,M,22,Tier1,435,1,Personal_Loan,377894.49,,,0.2503,24,266808.3,1.4164,587.3,1,3,37,4,1985.66,9771.82,9189.24,23,7,0,0,0,12
C02205,2026-02-25,Nyeri,Hospitality,Micro_Enterprise,F,41,Tier3,460,0,Personal_Loan,262470.17,,,0.2598,18,288918.48,0.9085,501.2,3,0,21,3,24221.75,78761.19,56433.96,25,2,1,1,0,138
C02206,2026-02-25,Nakuru,Other,Self_Employed,M,56,Tier1,464,0,Personal_Loan,428649.79,,,0.2512,12,605641.21,0.7078,594.8,1,0,18,5,2022.52,23106.29,18493.2,21,5,1,1,0,195
C02207,2026-02-25,Kiambu,Hospitality,Self_Employed,M,27,Tier2,531,0,SME_Loan,838931.89,,,0.1555,12,375510.12,2.2341,625.8,2,0,0,0,2281.68,19509.92,14919.68,10,4,1,0,0,15
C02211,2026-02-25,Nakuru,Salaried,Permanent,F,52,Tier2,527,1,Personal_Loan,417785.08,,,0.2004,12,181695.54,2.2994,587.1,1,0,4,5,24819.48,108684.86,152828.23,23,8,1,0,0,9
C02214,2026-02-25,Kakamega,Agribusiness,Self_Employed,F,26,Tier3,445,0,Personal_Loan,518647.4,,,0.2752,36,444646.69,1.1664,563.7,1,0,0,0,6618.29,32267.58,32550.76,26,6,0,0,0,7
C02215,2026-02-25,Nyeri,SME_Trade,Micro_Enterprise,F,26,Tier2,458,0,SME_Loan,1026170.04,,,0.2372,36,177194.7,5.0,597.4,1,0,25,4,11180.91,86872.49,38272.47,16,5,2,0,0,12
C02218,2026-02-25,Nairobi,Hospitality,Self_Employed,F,65,Tier2,456,0,Personal_Loan,369787.25,,,0.2802,36,676557.94,0.5466,613.8,3,0,0,1,15692.55,87253.51,74454.69,20,2,1,0,0,23
C02219,2026-02-25,Machakos,SME_Services,Self_Employed,F,33,Tier2,509,1,SME_Loan,453202.28,,,0.1564,36,222877.58,2.0334,554.2,3,1,5,2,8076.46,64043.94,90497.58,16,5,1,0,0,27
C02225,2026-02-25,Mombasa,SME_Services,Self_Employed,F,39,Tier3,489,0,Personal_Loan,205615.83,,,0.1567,18,455501.75,0.4514,673.2,5,0,0,1,11251.18,110644.2,72553.52,19,4,1,0,0,23
C02226,2026-02-25,Nakuru,Salaried,Permanent,F,48,Tier3,410,1,Overdraft,93581.49,344251.32,0.3752,0.1996,0,153403.34,0.61,696.4,2,0,0,0,3927.86,23516.8,24736.68,28,3,0,0,0,15
C02227,2026-02-25,Nakuru,SME_Trade,Self_Employed,F,60,Tier2,499,0,Personal_Loan,426057.14,,,0.2258,24,368246.46,1.157,663.6,2,1,0,0,13125.79,67543.42,60746.55,13,3,0,0,0,21
C02229,2026-02-25,Kisumu,SME_Trade,Self_Employed,M,34,Tier3,479,0,Personal_Loan,0.0,,,0.2604,36,791693.41,0.05,493.9,1,0,0,3,6782.31,45279.61,36217.69,22,3,4,0,0,25
C02230,2026-02-25,Kakamega,SME_Services,Self_Employed,M,65,Tier1,337,0,Personal_Loan,369317.43,,,0.2511,24,716441.01,0.5155,755.9,1,1,16,5,8246.29,37646.91,44578.18,15,3,1,0,0,14
C02231,2026-02-25,Nakuru,Salaried,Permanent,F,49,Tier3,495,1,SME_Loan,610472.65,,,0.189,24,,,642.7,2,1,0,0,27327.23,140642.91,169910.71,30,3,2,0,0,12
C02234,2026-02-25,Machakos,Salaried,Permanent,F,27,Tier2,408,1,Personal_Loan,110157.71,,,0.251,18,822395.11,0.1339,599.8,1,3,3,3,0.0,0.0,0.0,20,6,0,0,0,10
C02235,2026-02-25,Nairobi,Agribusiness,Self_Employed,F,47,Tier2,431,0,Credit_Card,55825.05,125644.08,0.444,0.3545,0,,,636.9,1,1,0,1,11309.03,65199.03,63483.93,15,2,3,0,0,24
C02237,2026-02-25,Nairobi,Salaried,Permanent,F,32,Tier1,436,1,Personal_Loan,407315.69,,,0.2416,12,100525.2,4.0519,461.2,2,0,0,1,848.83,27069.59,32418.13,30,4,0,0,0,30
C02238,2026-02-25,Nairobi,Other,Micro_Enterprise,M,33,Tier2,507,1,Personal_Loan,96374.56,,,0.1114,24,840720.69,0.1146,678.9,1,1,0,0,20609.54,87126.91,81263.07,19,5,0,0,0,32
C02241,2026-02-25,Nyeri,SME_Services,Micro_Enterprise,M,31,Tier1,472,1,Personal_Loan,112401.57,,,0.2363,12,0.0,5.0,599.8,1,0,1,4,7499.13,57774.65,44109.55,19,4,1,0,0,26
C02242,2026-02-25,Nyeri,Agribusiness,Micro_Enterprise,F,50,Tier1,500,1,Personal_Loan,140583.3,,,0.1683,36,728931.42,0.1929,660.6,1,1,10,6,3182.74,16474.0,9168.22,23,4,1,0,0,22
C02246,2026-02-25,Machakos,Transport,Micro_Enterprise,F,58,Tier1,389,0,Personal_Loan,380706.92,,,0.1982,18,205157.7,1.8557,408.6,2,2,36,5,13659.98,98926.2,106065.38,27,5,2,1,1,235
C02249,2026-02-25,Kiambu,SME_Services,Self_Employed,F,28,Tier3,499,0,Personal_Loan,730163.25,,,0.1732,36,645608.29,1.131,701.7,2,0,18,3,49564.9,192346.99,207309.89,22,4,3,0,0,15
C02253,2026-02-25,Nairobi,Construction,Self_Employed,M,31,Tier3,470,1,SME_Loan,660742.18,,,0.1389,36,709875.31,0.9308,726.5,1,1,12,6,27514.39,108258.59,109479.01,22,2,0,0,0,25
C02254,2026-02-25,Kisumu,Other,Micro_Enterprise,F,43,Tier2,527,0,SME_Loan,598871.34,,,0.2414,24,1008557.52,0.5938,593.9,3,1,0,0,9881.65,28152.35,32462.68,15,3,1,0,0,12
C02257,2026-02-25,Nyeri,Transport,Micro_Enterprise,M,56,Tier3,434,0,Credit_Card,16688.4,161619.42,0.1847,0.1826,0,,,613.4,1,1,23,6,25956.86,121956.38,147804.26,24,5,1,1,0,181
C02261,2026-02-25,Uasin Gishu,SME_Services,Micro_Enterprise,F,22,Tier2,459,0,Personal_Loan,232795.61,,,0.2415,36,93841.25,2.4807,453.7,2,0,56,5,1809.4,17309.41,17333.74,17,3,2,0,0,8
C02262,2026-02-25,Nakuru,Construction,Micro_Enterprise,F,65,Tier3,466,0,Personal_Loan,239074.47,,,0.2488,36,367866.8,0.6499,551.3,2,2,0,0,6333.25,51098.16,60921.19,23,3,2,0,0,34
C02268,2026-02-25,Kiambu,SME_Trade,Self_Employed,F,53,Tier2,493,0,Personal_Loan,311148.95,,,0.2447,18,806851.48,0.3856,664.0,1,0,0,0,7295.61,61819.88,39580.42,14,6,1,0,0,153
C02281,2026-02-25,Nairobi,Salaried,Permanent,M,55,Tier2,491,1,SME_Loan,333317.53,,,0.2438,12,375078.48,0.8887,623.3,4,1,1,6,3406.08,34870.22,33569.73,26,4,1,0,0,14
C02282,2026-02-25,Nairobi,Salaried,Permanent,F,36,Tier3,457,1,Personal_Loan,467810.91,,,0.2808,12,513707.41,0.9107,665.2,1,1,8,1,0.0,9841.42,10284.58,31,6,0,0,0,32
C02283,2026-02-25,Mombasa,Other,Self_Employed,M,35,Tier1,430,1,Personal_Loan,633639.16,,,0.269,18,454739.94,1.3934,722.2,1,1,8,2,22012.91,63511.79,43165.37,12,6,0,0,0,19
C02286,2026-02-25,Nyeri,Hospitality,Micro_Enterprise,F,58,Tier1,380,0,Personal_Loan,176807.0,,,0.1663,18,116320.07,1.52,561.9,1,1,11,5,22296.96,74659.96,54911.73,15,3,0,0,0,28
C02289,2026-02-25,Nairobi,SME_Services,Micro_Enterprise,F,63,Tier3,436,0,Overdraft,136184.82,215657.13,0.7784,0.2201,0,,,682.6,1,0,33,3,0.0,56499.72,47028.19,28,4,2,0,0,25
C02294,2026-02-25,Nyeri,Salaried,Contract,M,54,Tier2,365,1,SME_Loan,649853.97,,,0.2457,12,,,501.2,1,1,21,4,0.0,0.0,0.0,23,9,1,0,0,21
C02297,2026-02-25,Nakuru,Construction,Self_Employed,F,28,Tier1,369,0,Personal_Loan,59084.98,,,0.258,24,246319.49,0.2399,661.3,2,2,7,6,4960.82,31446.93,41072.34,21,3,2,0,0,19
C02298,2026-02-25,Nairobi,SME_Trade,Self_Employed,F,43,Tier2,438,0,SME_Loan,350744.54,,,0.176,36,814470.87,0.4306,590.3,1,1,54,5,0.0,87810.37,74707.42,17,3,0,0,0,18
C02299,2026-02-25,Nairobi,Salaried,Permanent,F,30,Tier2,402,1,SME_Loan,415671.05,,,0.1571,24,75415.21,5.0,738.5,2,0,10,6,25137.61,53728.52,64637.42,33,6,0,0,0,5
C02304,2026-02-25,Nairobi,SME_Trade,Micro_Enterprise,F,60,Tier1,494,1,Overdraft,136282.84,355435.65,0.3397,0.2931,0,292410.7,0.4661,645.2,1,1,14,5,0.0,0.0,0.0,25,4,3,0,0,33
C02305,2026-02-25,Kiambu,Salaried,Permanent,M,62,Tier1,444,1,Personal_Loan,567536.97,,,0.3153,12,610505.81,0.9296,659.8,1,1,3,1,11128.04,113298.57,90280.76,34,5,1,0,0,26
C02306,2026-02-25,Kakamega,Agribusiness,Micro_Enterprise,M,25,Tier1,368,1,SME_Loan,339506.52,,,0.1591,24,372258.17,0.912,703.8,3,2,0,0,4394.25,70333.84,63346.05,20,3,1,0,0,20
C02309,2026-02-25,Meru,Hospitality,Self_Employed,F,34,Tier3,399,1,SME_Loan,920499.71,,,0.1421,24,615570.97,1.4954,382.1,3,0,47,5,10446.01,69719.99,61758.46,16,4,0,0,0,155
C02311,2026-02-25,Kakamega,SME_Trade,Self_Employed,M,33,Tier2,395,0,Credit_Card,49195.4,216418.82,0.2677,0.3318,0,,,639.4,5,2,1,2,28042.51,184046.8,161146.02,17,3,3,0,0,32
C02312,2026-02-25,Nairobi,SME_Services,Micro_Enterprise,M,24,Tier1,381,0,Personal_Loan,119551.86,,,0.2293,18,,,603.0,1,0,11,3,18337.8,185981.94,188593.87,24,3,1,1,0,221
C02314,2026-02-25,Kisumu,Salaried,Permanent,M,23,Tier2,492,1,Overdraft,61571.45,423032.25,0.1474,0.2776,0,137384.54,0.4482,533.4,1,3,1,3,41478.24,152352.55,107464.77,29,9,1,1,0,205
C02317,2026-02-25,Nairobi,Construction,Micro_Enterprise,F,24,Tier1,414,0,Credit_Card,51106.74,309832.56,0.2312,0.2742,0,,,602.9,1,1,8,2,9945.07,107767.7,106541.53,25,1,1,0,0,15
C02318,2026-02-25,Uasin Gishu,SME_Trade,Self_Employed,M,40,Tier2,503,0,SME_Loan,796936.24,,,0.2031,24,0.0,5.0,535.1,1,1,36,3,28225.33,85108.46,79287.11,18,6,0,0,0,31
C02327,2026-02-25,Kakamega,Salaried,Permanent,M,36,Tier2,379,1,Overdraft,110436.55,50000.0,1.8,0.2789,0,242340.35,0.4557,510.5,2,0,19,4,15166.18,78027.58,59483.86,26,5,0,0,0,14
C02328,2026-02-25,Nairobi,SME_Trade,Self_Employed,M,28,Tier2,474,0,Personal_Loan,483156.71,,,0.2281,12,254026.07,1.902,690.3,2,2,27,3,1405.8,17527.82,18932.83,14,4,2,0,0,16
C02331,2026-02-25,Nairobi,SME_Services,Micro_Enterprise,F,23,Tier3,504,0,SME_Loan,57223.6,,,0.313,48,487633.37,0.1173,538.8,2,0,17,4,10551.89,91892.01,38283.38,17,6,0,0,0,12
C02333,2026-02-25,Nairobi,Salaried,Permanent,M,33,Tier3,349,1,Personal_Loan,447994.31,,,0.1148,12,0.0,5.0,531.7,1,0,0,3,10258.46,118522.4,73389.72,36,2,1,0,0,20
C02339,2026-02-25,Uasin Gishu,Construction,Micro_Enterprise,F,22,Tier2,400,1,Personal_Loan,450202.22,,,0.1499,12,705050.08,0.6385,597.6,2,1,5,2,28605.25,142146.91,132525.47,18,3,0,0,0,34
C02342,2026-02-25,Kakamega,Salaried,Contract,M,38,Tier2,435,1,SME_Loan,702874.0,,,0.1413,36,86394.77,5.0,592.8,2,1,5,3,13295.72,85540.04,56130.82,24,6,0,0,0,31
C02343,2026-02-25,Meru,SME_Services,Micro_Enterprise,M,45,Tier2,463,0,Personal_Loan,100263.76,,,0.222,18,7562.07,5.0,523.4,3,2,0,0,0.0,0.0,0.0,13,5,1,0,0,24
C02344,2026-02-25,Machakos,Salaried,Contract,F,54,Tier2,483,1,Personal_Loan,9307.98,,,0.202,18,,,425.2,2,1,39,2,21599.16,86104.09,92102.19,25,4,1,0,0,18
C02345,2026-02-25,Uasin Gishu,Salaried,Permanent,F,47,Tier2,457,1,SME_Loan,417020.06,,,0.1351,12,,,534.7,2,2,15,5,3639.88,24317.03,13543.16,29,11,0,0,0,11
C02347,2026-02-25,Nairobi,Salaried,Permanent,M,35,Tier1,426,1,Overdraft,81867.91,270006.79,0.3902,0.2276,0,146827.04,0.5576,661.8,1,1,0,1,30565.89,106104.93,47151.12,25,7,1,0,0,23
C02349,2026-02-25,Kisumu,Salaried,Permanent,M,30,Tier2,522,1,SME_Loan,877331.14,,,0.143,24,458687.31,1.9127,615.7,2,3,19,4,8262.23,29346.1,13934.43,23,13,0,0,0,10
C02351,2026-02-25,Nyeri,Construction,Micro_Enterprise,F,45,Tier2,452,0,Overdraft,76070.41,337865.83,0.2327,0.2051,0,225614.15,0.3372,684.8,1,0,0,1,2290.83,41138.71,25777.41,18,3,2,0,0,21
C02353,2026-02-25,Nakuru,SME_Services,Self_Employed,M,53,Tier1,471,1,Personal_Loan,474890.58,,,0.2177,36,569544.21,0.8338,641.2,3,0,7,5,12734.97,79536.04,39642.73,21,3,0,0,0,8
C02354,2026-02-25,Nakuru,SME_Services,Micro_Enterprise,F,41,Tier2,487,0,Overdraft,33236.54,252992.71,0.1446,0.2639,0,118341.34,0.2809,683.3,4,0,0,1,6900.52,78617.32,88156.85,25,3,0,0,0,16
C02355,2026-02-25,Kakamega,Construction,Micro_Enterprise,M,34,Tier1,237,1,Overdraft,74378.18,63576.11,0.9954,0.3432,0,112145.54,0.6632,626.3,1,0,0,2,20835.34,164200.45,166454.98,22,3,1,0,0,22
C02356,2026-02-25,Nyeri,Salaried,Contract,F,37,Tier2,494,1,Overdraft,158985.57,282474.33,0.5007,0.1893,0,62456.2,2.5456,672.6,3,2,0,2,3206.04,115062.77,102617.84,26,7,0,0,0,24
C02359,2026-02-25,Mombasa,SME_Trade,Micro_Enterprise,M,49,Tier2,483,0,Personal_Loan,516824.3,,,0.1949,12,361309.38,1.4304,630.8,2,1,0,3,8164.6,103852.16,92898.43,13,7,0,0,0,24
C02361,2026-02-25,Machakos,SME_Trade,Self_Employed,F,50,Tier2,508,0,SME_Loan,220882.39,,,0.1979,36,434871.86,0.5079,646.5,2,0,0,0,11759.98,52257.76,30732.05,17,2,0,0,0,19
C02370,2026-02-25,Meru,SME_Services,Self_Employed,M,28,Tier2,408,1,Overdraft,179050.25,425981.02,0.3648,0.2628,0,230204.74,0.7778,566.6,1,1,28,6,9985.14,132390.38,148701.5,11,9,0,0,0,29
C02371,2026-02-25,Mombasa,Construction,Micro_Enterprise,M,22,Tier2,404,1,Personal_Loan,272522.93,,,0.2671,24,241058.85,1.1305,635.3,2,3,8,4,1503.05,15481.73,9574.54,13,9,2,0,0,22
C02372,2026-02-25,Machakos,SME_Services,Self_Employed,M,58,Tier2,483,0,SME_Loan,521351.62,,,0.2285,24,172907.61,3.0152,674.5,3,1,0,1,8356.26,30980.46,26719.18,11,5,2,0,0,30
C02376,2026-02-25,Nairobi,Salaried,Permanent,F,65,Tier2,423,1,Personal_Loan,474654.45,,,0.2308,18,533664.73,0.8894,505.2,1,0,41,3,24401.21,130691.15,136654.25,31,5,2,0,0,20
C02377,2026-02-25,Nyeri,Salaried,Permanent,M,59,Tier2,403,1,SME_Loan,804192.24,,,0.1001,36,671990.32,1.1967,537.0,4,1,14,3,2784.55,50098.52,40878.73,30,5,1,0,0,30
C02379,2026-02-25,Nairobi,Salaried,Permanent,M,65,Tier3,416,1,Personal_Loan,0.0,,,0.2607,36,0.0,0.05,503.0,1,0,46,6,27421.13,109320.32,102686.3,34,3,0,0,0,15
C02380,2026-02-25,Meru,Transport,Self_Employed,M,50,Tier2,366,0,Personal_Loan,251816.34,,,0.2424,36,1113507.01,0.2261,527.1,1,1,5,4,73538.15,210823.25,199273.78,23,5,1,0,0,29
C02383,2026-02-25,Kakamega,Salaried,Contract,F,62,Tier1,497,1,Personal_Loan,334863.41,,,0.2344,36,162141.37,2.0653,554.2,2,1,0,2,8967.48,45959.25,46352.72,19,7,2,1,0,150
C02385,2026-02-25,Nairobi,Transport,Self_Employed,M,29,Tier3,490,0,Personal_Loan,197755.57,,,0.2757,12,594368.41,0.3327,426.0,2,2,41,6,13378.41,79517.24,76549.09,25,2,1,0,0,28
C02388,2026-02-25,Nyeri,Construction,Self_Employed,M,64,Tier3,457,0,Credit_Card,15352.54,229887.03,0.1701,0.2765,0,,,714.1,2,0,0,0,13241.64,49335.86,40472.69,27,3,3,0,0,12
C02393,2026-02-25,Mombasa,Agribusiness,Micro_Enterprise,F,48,Tier3,465,1,Overdraft,0.0,50000.0,0.0,0.1583,0,172076.2,0.05,616.6,1,1,7,4,0.0,78714.56,84627.52,23,2,1,1,0,124
C02395,2026-02-25,Kiambu,Salaried,Permanent,M,42,Tier2,436,1,SME_Loan,349102.68,,,0.2689,48,,,668.6,3,0,0,1,14903.05,92610.6,85231.03,21,4,0,0,0,30
C02396,2026-02-25,Nairobi,Agribusiness,Micro_Enterprise,F,50,Tier2,388,0,Personal_Loan,449338.58,,,0.1817,18,,,646.6,1,1,0,0,0.0,0.0,0.0,21,5,3,0,0,15
C02397,2026-02-25,Nairobi,Salaried,Permanent,F,63,Tier3,412,1,Personal_Loan,433900.7,,,0.2502,18,336547.52,1.2893,703.8,1,0,3,3,25758.15,95483.33,53814.37,32,5,0,0,0,5
C02398,2026-02-25,Mombasa,Salaried,Contract,M,34,Tier3,523,1,Personal_Loan,158441.96,,,0.2881,12,1364223.32,0.1161,567.1,1,0,1,4,1945.29,37406.09,30040.74,27,5,0,0,0,22
C02402,2026-02-25,Nairobi,Salaried,Permanent,M,46,Tier1,399,1,Personal_Loan,165945.49,,,0.2611,18,,,466.7,1,3,31,6,6608.06,17415.2,13818.09,39,5,2,0,0,26
C02405,2026-02-25,Nairobi,Salaried,Permanent,M,38,Tier2,517,1,Personal_Loan,163624.81,,,0.1827,18,197295.83,0.8293,616.6,2,1,0,6,1002.56,59918.36,51031.71,17,2,0,0,0,34
C02407,2026-02-25,Machakos,Construction,Micro_Enterprise,M,37,Tier2,443,1,Credit_Card,56931.94,117572.2,0.4611,0.2421,0,,,566.4,3,0,0,1,15543.71,57409.48,45854.23,22,1,1,0,0,7
C02408,2026-02-25,Machakos,Construction,Self_Employed,F,52,Tier2,406,1,SME_Loan,429100.13,,,0.1992,36,0.0,5.0,640.2,3,0,0,1,14836.16,59566.39,49468.71,18,3,2,0,0,14
C02412,2026-02-25,Nyeri,Agribusiness,Self_Employed,F,23,Tier2,415,0,Personal_Loan,219428.83,,,0.2,36,179022.04,1.2257,651.8,3,2,13,5,5566.04,25100.13,21446.66,27,3,1,0,0,30
C02413,2026-02-25,Kiambu,Salaried,Permanent,M,62,Tier3,523,1,Overdraft,111749.96,67907.89,1.4219,0.2891,0,110637.29,1.0101,570.2,1,2,4,6,16900.37,64621.84,41625.64,28,7,1,0,0,26
C02415,2026-02-25,Nairobi,Transport,Self_Employed,M,37,Tier2,452,0,SME_Loan,0.0,,,0.237,36,160603.42,0.05,522.1,3,1,17,1,11414.95,158377.38,206656.31,15,5,3,0,1,211
C02420,2026-02-25,Nakuru,Transport,Self_Employed,F,39,Tier2,494,0,Personal_Loan,405059.39,,,0.2685,24,,,488.0,1,0,0,2,490.37,26335.39,26376.79,16,4,1,0,0,22
C02421,2026-02-25,Nyeri,Salaried,Permanent,M,32,Tier2,431,1,Personal_Loan,233076.46,,,0.3291,36,328659.42,0.7092,612.4,2,0,0,4,16596.07,116551.26,101140.87,22,5,0,0,0,32
C02425,2026-02-25,Kisumu,SME_Services,Micro_Enterprise,M,36,Tier2,427,0,Overdraft,395979.68,276915.26,1.4324,0.2545,0,,,460.4,2,3,26,4,6728.38,60306.65,79066.46,17,2,1,0,0,229
C02426,2026-02-25,Nakuru,SME_Trade,Self_Employed,M,46,Tier1,477,0,Personal_Loan,248111.93,,,0.1894,18,363445.06,0.6827,558.9,1,0,0,0,10584.24,70594.67,36768.61,17,4,1,0,0,22
C02430,2026-02-25,Nyeri,SME_Services,Micro_Enterprise,M,33,Tier3,432,1,SME_Loan,500507.28,,,0.1567,36,,,602.8,3,0,34,3,10806.76,39493.98,32343.05,18,5,0,0,0,34
C02431,2026-02-25,Nyeri,Salaried,Contract,M,26,Tier2,508,1,Personal_Loan,384944.55,,,0.247,24,323622.99,1.1895,668.3,1,2,0,0,1604.33,35717.71,33838.36,30,3,2,1,0,11
C02433,2026-02-25,Kisumu,SME_Services,Micro_Enterprise,M,28,Tier2,460,0,Personal_Loan,260743.45,,,0.2941,18,563306.27,0.4629,645.6,1,2,17,2,31753.99,150673.25,166816.75,19,5,1,0,0,8
C02435,2026-02-25,Nairobi,Salaried,Permanent,M,41,Tier2,395,1,Personal_Loan,189859.07,,,0.2016,24,883589.27,0.2149,607.7,1,0,0,0,10613.91,86494.25,61158.86,24,6,0,1,0,30
C02436,2026-02-25,Meru,SME_Trade,Micro_Enterprise,M,46,Tier1,390,0,Personal_Loan,195122.55,,,0.1989,18,0.0,5.0,436.3,1,1,91,6,28385.95,116330.65,116704.67,19,1,0,0,0,30
C02437,2026-02-25,Nakuru,Hospitality,Self_Employed,F,49,Tier2,502,1,Personal_Loan,408421.58,,,0.2137,24,0.0,5.0,644.7,1,1,0,3,16262.1,110244.29,95185.57,29,0,2,0,0,22
C02438,2026-02-25,Kiambu,SME_Trade,Self_Employed,F,51,Tier2,475,1,Personal_Loan,385680.25,,,0.2126,24,285225.45,1.3522,635.8,1,3,2,3,9225.03,77502.62,73378.69,14,4,2,0,0,11
C02439,2026-02-25,Mombasa,Salaried,Permanent,F,58,Tier2,463,1,SME_Loan,691656.71,,,0.2439,24,394015.1,1.7554,508.7,3,2,29,2,16020.97,136902.62,136961.41,22,11,1,0,0,157
C02442,2026-02-25,Kisumu,Salaried,Permanent,M,21,Tier1,510,1,SME_Loan,593688.25,,,0.066,12,105133.95,5.0,569.7,1,1,11,5,473.22,3828.44,2914.37,28,8,1,0,0,14
C02443,2026-02-25,Kisumu,SME_Services,Micro_Enterprise,M,21,Tier1,428,0,SME_Loan,295359.8,,,0.2756,36,603101.29,0.4897,511.5,1,2,33,6,0.0,0.0,0.0,16,5,3,0,0,20
C02445,2026-02-25,Nairobi,SME_Services,Micro_Enterprise,F,47,Tier2,516,1,SME_Loan,644900.46,,,0.2821,24,,,542.0,1,0,12,2,20724.33,76098.69,98708.31,15,4,3,0,0,11
C02447,2026-02-25,Mombasa,Salaried,Permanent,F,55,Tier1,333,1,Personal_Loan,398684.06,,,0.1653,24,627785.73,0.6351,744.2,2,0,0,2,28213.93,64818.65,76334.86,27,4,0,0,0,18
C02448,2026-02-25,Meru,Salaried,Contract,M,50,Tier1,530,1,Personal_Loan,346053.47,,,0.2388,18,302117.92,1.1454,584.9,4,1,23,5,34387.73,126182.5,43748.99,29,8,0,0,0,24
C02452,2026-02-25,Nakuru,Salaried,Permanent,M,61,Tier2,421,1,Personal_Loan,253460.48,,,0.2441,18,604227.65,0.4195,455.2,1,1,4,4,26568.17,89700.08,87499.24,41,6,0,0,0,7
C02453,2026-02-25,Nakuru,SME_Services,Self_Employed,F,25,Tier2,533,0,Overdraft,289134.86,373312.68,0.7311,0.2342,0,,,565.5,1,1,18,6,0.0,0.0,0.0,22,3,2,0,0,12
C02455,2026-02-25,Kisumu,Salaried,Permanent,M,58,Tier1,366,1,Personal_Loan,353571.5,,,0.2298,36,385996.65,0.916,646.2,2,0,9,2,0.0,115348.98,99353.59,21,14,2,0,0,7
C02459,2026-02-25,Mombasa,Transport,Self_Employed,F,42,Tier1,443,0,Credit_Card,55706.6,175422.92,0.4075,0.1921,0,,,701.5,3,2,1,1,10653.12,48817.68,53428.16,21,1,2,0,0,28
C02462,2026-02-25,Machakos,Agribusiness,Micro_Enterprise,F,30,Tier2,442,0,Overdraft,120125.67,281675.32,0.2899,0.224,0,69815.56,1.7206,400.3,3,1,60,2,6075.63,37634.86,40274.61,14,1,0,0,0,9
C02468,2026-02-25,Meru,Salaried,Permanent,F,51,Tier1,468,1,Personal_Loan,320231.25,,,0.1617,12,18512.62,5.0,583.9,1,2,3,4,62580.23,233931.77,255489.44,25,5,0,0,0,17
C02470,2026-02-25,Kisumu,Agribusiness,Self_Employed,M,30,Tier1,457,0,Personal_Loan,254730.34,,,0.2209,36,,,632.1,3,1,0,1,9532.04,78829.68,65401.32,18,3,1,1,0,8
C02471,2026-02-25,Nairobi,Salaried,Contract,F,61,Tier2,397,1,Personal_Loan,468216.32,,,0.2079,12,484004.08,0.9674,625.3,1,1,0,0,22853.38,163379.98,109943.75,27,4,0,0,0,14
C02476,2026-02-25,Mombasa,Salaried,Permanent,M,40,Tier2,388,1,SME_Loan,422490.88,,,0.2471,48,585157.24,0.722,600.8,1,3,9,6,0.0,61470.02,75560.24,27,2,0,0,0,21
C02477,2026-02-25,Nairobi,Salaried,Permanent,M,44,Tier1,492,1,Overdraft,23542.81,119937.94,0.3269,0.2045,0,33225.62,0.7086,533.2,4,0,33,6,0.0,0.0,0.0,23,7,0,0,0,24
C02478,2026-02-25,Nairobi,Agribusiness,Self_Employed,F,28,Tier2,400,0,Personal_Loan,429637.89,,,0.2336,36,829406.71,0.518,571.0,2,0,0,0,4824.8,42754.18,59528.2,19,1,0,0,0,24
C02489,2026-02-25,Nairobi,Agribusiness,Self_Employed,M,44,Tier2,461,0,Personal_Loan,308051.7,,,0.2494,18,775199.82,0.3974,604.5,1,0,3,3,2027.34,13533.52,15449.85,15,3,3,0,0,14
C02490,2026-02-25,Kisumu,Salaried,Permanent,M,37,Tier1,393,1,Personal_Loan,392662.66,,,0.2929,24,,,743.4,3,0,0,0,0.0,0.0,0.0,14,6,1,0,0,13
C02491,2026-02-25,Nakuru,Transport,Micro_Enterprise,M,36,Tier2,410,0,Personal_Loan,79612.38,,,0.1386,12,381658.19,0.2086,560.5,1,0,8,4,1791.02,32259.6,33746.53,25,2,1,0,0,15
C02493,2026-02-25,Machakos,SME_Trade,Micro_Enterprise,M,62,Tier2,491,0,Personal_Loan,215417.53,,,0.2084,24,316221.09,0.6812,575.5,1,0,11,5,5489.76,28273.63,36913.14,19,7,0,0,0,21
C02495,2026-02-25,Machakos,Transport,Micro_Enterprise,M,39,Tier1,488,1,Personal_Loan,529316.46,,,0.2838,36,449600.53,1.1773,480.2,2,1,0,0,5363.05,45663.3,32553.22,15,2,2,0,0,7
C02501,2026-02-25,Meru,SME_Trade,Self_Employed,F,52,Tier2,512,0,SME_Loan,164078.71,,,0.1924,36,477158.67,0.3439,447.3,2,1,23,3,295.61,913.1,218.45,16,5,0,1,1,206
C02509,2026-02-25,Mombasa,SME_Trade,Self_Employed,M,39,Tier2,462,1,Personal_Loan,300060.91,,,0.2349,18,302660.6,0.9914,673.7,1,0,0,0,1361.59,31840.22,23689.36,18,1,0,0,0,17
C02512,2026-02-25,Nyeri,Construction,Self_Employed,M,59,Tier2,361,0,Personal_Loan,386644.91,,,0.2034,36,3800.79,5.0,510.8,3,2,16,3,32592.81,101970.56,80548.43,19,4,2,0,0,15
C02515,2026-02-25,Uasin Gishu,Salaried,Permanent,M,25,Tier2,291,1,SME_Loan,500085.91,,,0.1643,24,1226054.39,0.4079,674.0,1,0,0,2,13943.88,99760.58,69778.04,23,11,1,0,0,18
C02517,2026-02-25,Kiambu,SME_Services,Self_Employed,F,52,Tier2,437,0,SME_Loan,821132.09,,,0.2519,36,509304.18,1.6123,631.8,1,1,2,1,32830.17,167742.2,225548.36,25,3,0,0,0,24
C02519,2026-02-25,Nyeri,Salaried,Permanent,M,27,Tier1,429,1,Overdraft,124629.81,358357.13,0.4518,0.1999,0,3911.76,5.0,706.5,2,1,4,4,45787.57,104861.84,132055.01,31,8,3,0,0,9
C02520,2026-02-25,Kiambu,Salaried,Permanent,M,65,Tier2,342,1,Personal_Loan,240492.96,,,0.2829,24,417991.79,0.5754,632.1,3,2,28,6,31070.97,114282.15,84657.65,23,4,2,0,0,17
C02523,2026-02-25,Nairobi,Hospitality,Self_Employed,M,30,Tier1,494,0,Personal_Loan,265977.47,,,0.1747,24,129155.47,2.0594,620.1,1,1,0,2,10962.47,71830.17,47337.99,31,4,2,0,0,33
C02526,2026-02-25,Kisumu,Salaried,Permanent,F,35,Tier2,496,1,Credit_Card,158301.17,51950.08,1.8,0.4025,0,,,624.5,1,1,9,3,6411.47,112894.67,109836.36,20,8,1,0,0,19
C02527,2026-02-25,Nairobi,Salaried,Permanent,F,42,Tier2,527,1,Overdraft,28654.41,401777.72,0.0727,0.1412,0,109360.06,0.262,645.1,1,1,10,1,29865.67,145409.69,136467.86,22,6,0,0,0,18
C02529,2026-02-25,Nairobi,SME_Trade,Micro_Enterprise,F,24,Tier1,469,0,SME_Loan,187894.46,,,0.1293,48,293721.48,0.6397,736.2,3,1,0,0,32958.93,141884.85,110683.46,20,4,0,0,0,29
C02531,2026-02-25,Machakos,Salaried,Permanent,F,62,Tier1,447,1,Personal_Loan,357902.2,,,0.2153,18,621959.98,0.5754,656.1,2,0,0,0,0.0,0.0,0.0,32,6,1,0,0,28
C02539,2026-02-25,Nakuru,SME_Trade,Self_Employed,M,44,Tier1,512,0,Personal_Loan,16556.54,,,0.2591,12,383822.55,0.05,679.2,1,1,0,3,20229.8,95393.97,89000.42,21,2,1,0,0,177
C02540,2026-02-25,Nairobi,Salaried,Permanent,M,43,Tier3,444,1,Personal_Loan,501695.45,,,0.178,12,685699.08,0.7317,574.6,4,1,0,0,26022.7,136125.11,83989.83,37,4,2,0,0,34
C02541,2026-02-25,Kiambu,Transport,Micro_Enterprise,F,34,Tier2,388,0,SME_Loan,664163.98,,,0.1493,36,563102.01,1.1795,417.2,1,1,22,2,2611.07,19232.49,15338.15,19,3,2,0,0,6
C02542,2026-02-25,Nakuru,Salaried,Permanent,F,64,Tier2,532,1,SME_Loan,538155.64,,,0.2329,36,0.0,5.0,654.5,4,1,14,5,0.0,0.0,0.0,36,6,1,0,0,7
C02543,2026-02-25,Nairobi,Salaried,Contract,F,64,Tier3,524,1,Overdraft,200905.9,220356.03,1.1762,0.2171,0,103056.35,1.9495,583.8,2,0,25,5,49198.92,330189.59,355566.27,27,6,2,0,0,16
C02545,2026-02-25,Uasin Gishu,SME_Trade,Self_Employed,M,57,Tier3,492,1,Personal_Loan,0.0,,,0.1601,18,8304.77,0.05,763.4,1,0,0,0,7566.53,84997.04,81621.75,23,5,3,0,0,16
C02546,2026-02-25,Kiambu,Construction,Micro_Enterprise,F,38,Tier3,447,0,Overdraft,19001.32,502042.23,0.0336,0.2171,0,85822.16,0.2214,534.5,1,1,0,0,7959.89,104040.9,113953.38,16,8,1,0,0,8
C02552,2026-02-25,Machakos,Other,Micro_Enterprise,M,35,Tier1,336,1,SME_Loan,1259072.09,,,0.1566,24,218965.48,5.0,520.2,3,0,10,2,4404.86,70042.23,71170.59,29,2,1,0,0,234
C02554,2026-02-25,Nakuru,Transport,Self_Employed,F,29,Tier2,522,1,Credit_Card,38978.42,170105.12,0.3911,0.278,0,,,657.6,1,0,35,6,865.89,2559.97,2335.69,16,3,1,0,0,28
C02555,2026-02-25,Nairobi,Agribusiness,Micro_Enterprise,F,65,Tier2,445,0,Overdraft,134967.76,119512.63,1.4039,0.2152,0,,,574.1,1,0,34,4,7352.33,64279.35,70424.5,15,4,1,0,0,174
C02556,2026-02-25,Kiambu,SME_Services,Micro_Enterprise,F,25,Tier2,424,0,SME_Loan,213296.98,,,0.1811,36,712232.28,0.2995,476.4,2,0,61,6,0.0,9309.72,10370.41,13,4,1,0,0,173
C02557,2026-02-25,Machakos,Salaried,Permanent,M,56,Tier2,483,1,SME_Loan,397107.34,,,0.1903,24,635236.66,0.6251,609.2,2,2,0,0,7247.23,31975.4,17780.75,25,8,0,0,0,7
C02559,2026-02-25,Nyeri,Salaried,Permanent,M,22,Tier2,408,1,Personal_Loan,166836.13,,,0.2583,36,408383.77,0.4085,643.1,1,0,2,5,5060.38,53986.77,54925.32,25,7,2,0,0,26
C02561,2026-02-25,Nairobi,SME_Trade,Micro_Enterprise,M,46,Tier2,398,0,SME_Loan,1105501.88,,,0.2472,48,303947.03,3.6372,607.8,2,1,0,0,6331.96,27527.91,33637.79,23,5,0,0,0,13
C02563,2026-02-25,Kiambu,SME_Services,Micro_Enterprise,F,51,Tier2,454,0,Overdraft,28631.02,140243.46,0.0764,0.3216,0,,,746.7,1,1,0,0,16629.89,42519.35,26409.18,14,4,1,0,0,26
C02567,2026-02-25,Nakuru,Salaried,Permanent,M,57,Tier1,412,1,Credit_Card,62271.9,193795.09,0.3108,0.342,0,,,603.4,1,0,15,4,10444.99,303050.76,194351.61,21,7,1,0,0,15
C02568,2026-02-25,Kiambu,Salaried,Contract,M,49,Tier3,461,1,Personal_Loan,398843.61,,,0.2554,24,95632.14,4.1706,493.0,1,3,39,4,1425.94,6980.39,6794.05,35,9,0,1,0,180
C02574,2026-02-25,Nairobi,Construction,Micro_Enterprise,F,38,Tier2,333,0,Personal_Loan,384259.48,,,0.1582,12,517414.4,0.7427,476.4,1,0,0,1,9552.86,26017.41,19197.69,28,2,3,0,0,14
C02575,2026-02-25,Nyeri,Salaried,Permanent,F,55,Tier2,354,1,Overdraft,49192.79,229352.45,0.1096,0.268,0,111854.94,0.4398,547.4,1,2,0,0,17592.29,104535.39,121436.13,30,3,1,0,0,13
C02576,2026-02-25,Nairobi,Salaried,Permanent,M,35,Tier2,388,1,Personal_Loan,261743.63,,,0.1985,24,147140.9,1.7789,535.8,2,2,49,3,9205.1,47444.9,63052.95,31,7,1,0,0,9
C02577,2026-02-25,Machakos,Agribusiness,Micro_Enterprise,F,33,Tier2,470,1,Personal_Loan,229937.3,,,0.2401,18,0.0,5.0,610.1,1,3,0,0,2003.64,37868.03,38525.04,14,6,1,0,0,32
C02579,2026-02-25,Machakos,Transport,Self_Employed,M,64,Tier2,428,0,SME_Loan,435684.24,,,0.1527,36,765057.36,0.5695,713.5,4,1,19,4,3822.12,39456.92,19119.39,16,1,1,0,0,21
C02582,2026-02-25,Kiambu,Hospitality,Self_Employed,M,41,Tier2,400,1,Personal_Loan,269402.07,,,0.2148,24,552038.63,0.488,662.4,1,0,1,0,19225.07,121451.99,83082.78,11,9,0,0,0,15
C02584,2026-02-25,Kiambu,SME_Trade,Self_Employed,M,50,Tier3,257,1,SME_Loan,295247.11,,,0.1442,36,149343.76,1.977,588.1,4,1,0,0,23514.88,173028.54,130747.5,15,5,2,0,0,31
C02585,2026-02-25,Uasin Gishu,Salaried,Contract,M,36,Tier2,457,1,SME_Loan,475553.0,,,0.1243,12,1037306.87,0.4584,596.6,6,0,27,3,9261.72,35887.24,33315.56,31,7,0,0,1,150
C02587,2026-02-25,Nairobi,Salaried,Permanent,F,37,Tier2,449,1,Personal_Loan,232264.62,,,0.2374,18,643464.95,0.361,473.2,2,2,13,3,31084.95,147049.06,174913.84,27,8,1,0,0,30
C02588,2026-02-25,Kiambu,SME_Trade,Self_Employed,F,35,Tier2,456,0,Overdraft,119085.34,260197.52,0.3967,0.2456,0,151599.76,0.7855,685.3,2,2,1,5,752.55,51799.27,50272.28,7,2,1,1,0,192
C02591,2026-02-25,Meru,SME_Services,Self_Employed,F,24,Tier2,523,0,Personal_Loan,151587.13,,,0.2295,24,204668.86,0.7406,761.5,1,0,0,0,23299.76,127176.42,83757.3,19,1,1,0,0,24
C02592,2026-02-25,Nairobi,Salaried,Permanent,F,38,Tier2,361,1,Credit_Card,79557.42,365136.07,0.1257,0.2467,0,,,758.3,2,1,3,1,21189.97,82371.67,96055.38,29,8,1,0,0,22
C02595,2026-02-25,Nairobi,Agribusiness,Self_Employed,M,34,Tier2,383,0,Personal_Loan,85329.72,,,0.2756,12,767022.64,0.1112,608.8,4,0,0,0,12361.02,81114.7,59647.8,17,5,1,0,0,6
C02596,2026-02-25,Nairobi,SME_Trade,Self_Employed,M,28,Tier2,480,0,Credit_Card,59664.28,333644.7,0.1664,0.3439,0,,,567.4,2,1,5,2,1046.21,7264.77,4235.13,21,6,1,0,0,7
C02597,2026-02-25,Nakuru,Agribusiness,Self_Employed,M,43,Tier2,494,1,Personal_Loan,82601.09,,,0.2429,18,456930.22,0.1808,574.9,1,1,0,1,14671.75,111452.02,84718.59,23,3,1,0,0,24
C02599,2026-02-25,Nairobi,SME_Trade,Self_Employed,M,64,Tier1,332,0,Personal_Loan,138863.35,,,0.1983,24,773942.83,0.1794,737.5,1,3,0,1,8308.12,115011.2,120245.88,19,5,2,0,0,9
C02600,2026-02-25,Kiambu,Other,Self_Employed,M,38,Tier2,540,1,SME_Loan,207754.19,,,0.2753,24,,,680.3,4,1,22,4,2182.47,68029.15,98412.38,21,2,1,0,0,17
C02601,2026-02-25,Nakuru,Salaried,Permanent,F,59,Tier2,539,1,Overdraft,0.0,253899.91,0.0,0.2028,0,125890.76,0.05,558.1,2,0,22,2,6371.58,51458.17,49209.25,32,4,2,0,0,18
C02605,2026-02-25,Nairobi,SME_Trade,Micro_Enterprise,M,55,Tier2,460,0,SME_Loan,799048.44,,,0.2298,24,1155208.04,0.6917,656.4,1,1,31,6,1390.02,63564.19,75557.77,19,4,1,0,0,18
C02611,2026-02-25,Uasin Gishu,Transport,Self_Employed,F,64,Tier2,356,0,Personal_Loan,528142.94,,,0.2255,18,267284.75,1.976,390.4,1,1,18,4,0.0,150397.66,145489.58,20,5,0,0,0,19
C02613,2026-02-25,Nairobi,Construction,Self_Employed,M,29,Tier1,320,1,SME_Loan,531316.98,,,0.1161,24,,,654.6,2,1,21,1,2565.87,20596.42,23497.27,19,4,1,0,0,10
C02615,2026-02-25,Machakos,SME_Services,Self_Employed,M,25,Tier1,502,0,Overdraft,66682.68,179982.89,0.2503,0.2407,0,126130.13,0.5287,724.4,4,1,2,4,14499.23,83563.06,78661.79,23,4,2,0,0,8
C02616,2026-02-25,Kisumu,Hospitality,Self_Employed,F,51,Tier2,510,0,Overdraft,183338.74,382453.59,0.4323,0.2273,0,134622.88,1.3619,642.9,1,0,0,0,6046.85,30038.19,22611.15,28,7,1,0,0,18
C02617,2026-02-25,Nairobi,Salaried,Permanent,M,65,Tier3,320,1,Personal_Loan,620833.09,,,0.2734,24,620339.93,1.0008,638.7,1,0,2,3,2306.62,30290.49,40370.72,27,7,0,0,0,17
C02619,2026-02-25,Uasin Gishu,SME_Services,Self_Employed,F,50,Tier1,500,0,SME_Loan,549577.42,,,0.2892,48,686501.79,0.8005,567.6,1,0,14,1,3450.48,147352.42,124024.32,9,2,1,0,0,20
C02624,2026-02-25,Nairobi,Other,Self_Employed,F,62,Tier2,460,1,Personal_Loan,353483.35,,,0.231,12,407179.63,0.8681,598.6,1,0,35,3,0.0,0.0,0.0,12,4,2,1,0,220
C02625,2026-02-25,Nakuru,Salaried,Permanent,M,62,Tier1,457,1,Personal_Loan,244332.66,,,0.2668,36,575009.9,0.4249,637.1,1,1,0,1,0.0,77666.56,56200.42,21,10,2,0,0,32
C02626,2026-02-25,Nairobi,Salaried,Permanent,F,47,Tier2,307,1,Personal_Loan,85115.02,,,0.2161,18,1120423.58,0.076,625.8,1,2,0,1,3816.68,68909.6,46426.59,27,5,1,0,0,27
C02627,2026-02-25,Kiambu,Construction,Micro_Enterprise,M,65,Tier2,426,0,SME_Loan,609444.04,,,0.224,24,945250.15,0.6447,539.4,2,0,0,1,98.59,569.75,548.76,12,4,4,0,0,29
C02628,2026-02-25,Machakos,Salaried,Permanent,F,21,Tier2,539,1,Personal_Loan,114114.58,,,0.2497,36,491658.21,0.2321,677.6,2,2,5,4,0.0,0.0,0.0,23,6,1,0,0,19
C02632,2026-02-25,Nairobi,Salaried,Permanent,F,51,Tier1,290,1,Overdraft,0.0,296561.21,0.0471,0.2874,0,219331.62,0.05,704.6,1,1,0,0,8614.8,140230.88,189470.91,24,2,0,0,0,20
C02633,2026-02-25,Mombasa,SME_Trade,Self_Employed,F,62,Tier2,504,1,Credit_Card,71694.78,32233.24,1.8,0.2684,0,,,592.5,1,0,26,4,5031.05,20703.79,17917.16,21,0,0,1,0,189
C02635,2026-02-25,Nairobi,Salaried,Permanent,M,24,Tier2,415,1,Overdraft,204779.99,219438.51,0.9643,0.2078,0,47844.62,4.2801,688.2,3,1,2,5,15404.82,61163.27,56706.89,28,5,2,0,0,28
C02637,2026-02-25,Nairobi,Salaried,Permanent,F,36,Tier3,466,1,SME_Loan,727883.23,,,0.2192,12,400720.69,1.8164,674.3,1,3,0,1,573.99,2849.67,3375.58,28,3,0,0,0,18
C02643,2026-02-25,Nairobi,Agribusiness,Self_Employed,M,30,Tier1,522,0,Overdraft,47299.45,157544.3,0.458,0.1446,0,,,603.0,1,2,6,6,25294.57,96835.09,125029.82,22,4,1,1,0,163
C02644,2026-02-25,Nairobi,SME_Trade,Micro_Enterprise,M,41,Tier3,253,0,Credit_Card,57584.79,123852.98,0.3472,0.2873,0,,,750.5,1,2,0,0,3882.55,43222.34,36375.67,30,4,1,0,0,16
C02646,2026-02-25,Kiambu,SME_Services,Micro_Enterprise,F,21,Tier3,270,0,Personal_Loan,264210.26,,,0.1486,36,239504.2,1.1032,750.3,1,0,0,0,3604.31,25568.79,22206.68,22,7,1,0,0,23
C02647,2026-02-25,Uasin Gishu,Transport,Self_Employed,F,46,Tier2,484,1,Personal_Loan,89842.63,,,0.2389,36,352093.04,0.2552,637.9,1,0,1,0,451.5,20815.42,31056.39,13,2,4,0,0,6
C02648,2026-02-25,Nairobi,Agribusiness,Self_Employed,M,56,Tier2,486,0,SME_Loan,314253.17,,,0.183,36,215062.82,1.4612,637.7,3,0,0,6,15362.27,122255.78,157644.0,20,2,3,1,0,155
C02649,2026-02-25,Nyeri,Salaried,Permanent,F,63,Tier3,517,1,SME_Loan,313310.02,,,0.1413,48,498092.39,0.629,627.8,2,1,0,1,0.0,65558.45,48908.56,37,9,1,0,0,17
C02650,2026-02-25,Mombasa,Other,Micro_Enterprise,M,35,Tier2,435,0,Personal_Loan,293547.56,,,0.218,12,324975.63,0.9033,613.7,2,0,0,0,5781.31,89073.4,104176.33,13,4,0,0,0,21
C02659,2026-02-25,Nakuru,SME_Trade,Self_Employed,M,51,Tier1,513,0,Personal_Loan,247367.09,,,0.2451,24,284910.66,0.8682,414.7,1,0,76,3,0.0,0.0,0.0,14,6,0,0,0,25
C02661,2026-02-25,Nyeri,Salaried,Permanent,F,40,Tier3,412,1,Overdraft,24842.71,306660.23,0.1296,0.2976,0,241699.39,0.1028,399.5,3,1,33,6,37071.61,159553.63,187648.01,31,5,2,0,0,7
C02665,2026-02-25,Kakamega,Hospitality,Self_Employed,F,30,Tier1,406,0,Personal_Loan,54714.52,,,0.2165,24,162545.5,0.3366,663.1,1,0,13,5,1266.0,20237.65,22229.47,22,2,4,1,1,121
C02668,2026-02-25,Nairobi,SME_Trade,Self_Employed,F,64,Tier2,376,0,Personal_Loan,154566.76,,,0.198,12,228742.43,0.6757,598.1,1,0,0,0,21513.48,83065.18,101774.94,17,3,1,0,0,25
C02669,2026-02-25,Kakamega,Transport,Micro_Enterprise,F,24,Tier2,484,1,Credit_Card,112230.5,30000.0,1.8,0.2373,0,,,685.9,1,1,0,0,0.0,89728.71,95345.21,30,4,1,0,0,17
C02670,2026-02-25,Kisumu,Hospitality,Self_Employed,M,64,Tier1,505,0,Personal_Loan,180101.41,,,0.155,18,286061.6,0.6296,630.6,1,1,21,6,5064.47,71148.18,99771.77,13,7,0,0,0,18
C02672,2026-02-25,Mombasa,Salaried,Permanent,F,59,Tier1,442,1,Personal_Loan,183809.14,,,0.2727,12,98037.79,1.8749,566.7,1,2,7,6,0.0,136305.39,90277.46,34,5,1,0,0,211
C02673,2026-02-25,Machakos,SME_Services,Self_Employed,M,59,Tier2,398,0,Credit_Card,57504.41,137091.54,0.5158,0.3311,0,,,585.9,1,0,5,0,1280.88,57573.37,66031.9,20,3,2,0,0,34
C02680,2026-02-25,Kiambu,Construction,Self_Employed,F,37,Tier2,337,1,Overdraft,275356.28,346979.49,0.7596,0.2034,0,263363.19,1.0455,644.7,1,1,0,3,7390.76,51019.43,39094.22,19,5,2,0,0,19
C02682,2026-02-25,Nakuru,Salaried,Permanent,M,25,Tier2,414,1,SME_Loan,366640.87,,,0.1787,24,1029630.67,0.3561,546.6,3,0,27,2,11846.18,92409.66,67875.62,25,8,3,0,0,26
C02684,2026-02-25,Nairobi,Transport,Self_Employed,F,57,Tier2,466,0,SME_Loan,624605.21,,,0.2458,36,0.0,5.0,527.2,1,0,17,6,10208.7,34747.51,25591.51,8,4,0,0,0,8
C02685,2026-02-25,Uasin Gishu,SME_Trade,Micro_Enterprise,M,43,Tier3,431,0,Personal_Loan,520133.78,,,0.1486,36,404810.6,1.2849,630.5,1,1,3,3,4646.68,56695.78,78318.85,37,5,2,0,0,7
C02687,2026-02-25,Nairobi,Salaried,Permanent,M,32,Tier1,433,1,Personal_Loan,463572.9,,,0.2482,18,114645.19,4.0435,577.9,3,1,0,4,7164.3,159500.59,161996.39,24,7,1,1,0,197
C02688,2026-02-25,Nairobi,Salaried,Permanent,F,46,Tier3,480,1,Credit_Card,79513.73,222511.91,0.5376,0.3439,0,,,700.4,3,0,0,4,19601.72,108252.92,96077.15,40,5,0,0,0,30
C02689,2026-02-25,Nairobi,Agribusiness,Micro_Enterprise,F,49,Tier1,516,0,Personal_Loan,331590.54,,,0.1902,18,54871.79,5.0,573.0,1,0,30,5,24972.17,84862.3,90946.26,12,3,1,0,0,31
C02691,2026-02-25,Nairobi,Salaried,Permanent,F,53,Tier3,513,1,Personal_Loan,0.0,,,0.2377,24,,,634.1,2,1,3,6,2403.76,78519.92,64198.49,23,7,2,0,0,17
C02692,2026-02-25,Mombasa,Salaried,Contract,F,48,Tier1,461,1,Personal_Loan,555877.77,,,0.2052,24,1069930.79,0.5195,604.3,1,1,0,0,10874.13,82744.5,85668.2,28,4,0,0,0,22
C02693,2026-02-25,Kiambu,Salaried,Permanent,M,61,Tier1,391,1,Overdraft,0.0,277980.0,0.0,0.2792,0,89342.08,0.05,576.8,1,0,0,1,42007.88,214457.1,250602.92,23,6,2,0,0,22
C02694,2026-02-25,Nakuru,Salaried,Permanent,M,40,Tier2,441,1,Personal_Loan,229804.11,,,0.0878,24,543364.35,0.4229,563.4,4,0,16,3,5362.82,138114.04,189684.29,24,5,1,0,0,11
C02695,2026-02-25,Uasin Gishu,Salaried,Permanent,F,63,Tier3,372,1,SME_Loan,596355.1,,,0.1465,12,455216.01,1.31,636.3,1,1,0,1,1482.29,10516.7,10452.25,29,6,0,0,0,12
C02696,2026-02-25,Nairobi,Salaried,Permanent,F,37,Tier1,480,1,SME_Loan,202112.48,,,0.2184,48,492444.19,0.4104,594.4,2,1,0,0,12804.89,39767.91,41485.62,25,4,0,0,0,11
C02697,2026-02-25,Kakamega,Transport,Self_Employed,F,26,Tier2,490,0,Overdraft,838.78,307305.61,0.0,0.2186,0,99571.51,0.05,562.6,1,2,5,3,17626.76,79265.74,53567.99,18,8,2,0,0,33
C02698,2026-02-25,Kisumu,Salaried,Permanent,M,39,Tier1,425,1,Overdraft,218145.12,236445.43,0.9809,0.3759,0,100133.99,2.1785,614.1,2,4,0,0,3261.5,13048.15,6264.64,31,2,0,0,0,24
C02700,2026-02-25,Kakamega,SME_Services,Self_Employed,F,26,Tier2,488,1,Overdraft,33478.38,139388.22,0.3406,0.2227,0,231655.61,0.1445,346.8,2,0,65,5,5348.54,66072.91,24389.19,18,3,2,0,0,30
C02702,2026-02-25,Uasin Gishu,Other,Micro_Enterprise,M,56,Tier3,498,0,Credit_Card,27974.75,344818.68,0.1132,0.159,0,,,645.9,3,2,2,1,4656.87,82029.25,80761.38,24,7,2,0,0,32
C02703,2026-02-25,Kakamega,Salaried,Permanent,M,30,Tier2,384,1,Credit_Card,9272.17,71986.74,0.2577,0.1888,0,,,601.7,2,0,2,1,1663.82,28078.56,20780.44,29,4,0,0,0,27
C02704,2026-02-25,Nairobi,Salaried,Permanent,M,58,Tier3,503,1,Overdraft,12772.66,104823.16,0.0,0.3038,0,34003.5,0.3756,374.7,1,2,61,3,2600.27,28293.0,36065.81,34,4,0,1,0,146
C02706,2026-02-25,Kiambu,Salaried,Permanent,F,33,Tier3,424,1,Personal_Loan,55230.15,,,0.2649,24,420588.2,0.1313,544.8,2,1,4,4,13611.58,57446.49,61764.16,30,12,3,0,0,17
C02708,2026-02-25,Nairobi,Salaried,Permanent,M,34,Tier2,529,1,Credit_Card,30224.26,328468.48,0.1325,0.2515,0,,,694.9,1,0,18,4,12568.33,83024.63,70559.43,21,3,0,0,0,23
C02711,2026-02-25,Nairobi,SME_Trade,Self_Employed,F,23,Tier2,365,0,Personal_Loan,442348.93,,,0.2568,24,114435.97,3.8655,608.8,1,0,19,4,4149.96,12304.18,11912.76,11,2,1,1,0,208
C02712,2026-02-25,Nairobi,SME_Trade,Self_Employed,F,22,Tier2,464,1,Personal_Loan,234179.32,,,0.1955,24,0.0,5.0,513.5,1,2,0,0,4214.25,54487.75,47117.42,19,2,1,0,0,26
C02714,2026-02-25,Kiambu,Salaried,Contract,M,44,Tier2,476,1,Personal_Loan,337340.67,,,0.2069,12,0.0,5.0,300.0,5,1,97,6,27075.81,170538.08,186104.66,21,7,1,0,0,205
C02716,2026-02-25,Machakos,Agribusiness,Micro_Enterprise,F,41,Tier2,454,0,Personal_Loan,392078.77,,,0.1844,36,33413.74,5.0,530.1,2,2,15,4,3874.65,13252.1,9281.33,13,4,0,0,0,26
C02717,2026-02-25,Nakuru,SME_Trade,Micro_Enterprise,F,40,Tier2,463,0,SME_Loan,704867.54,,,0.228,48,1115946.2,0.6316,681.8,1,1,0,0,3206.3,142301.08,135115.33,20,3,0,0,0,17
C02718,2026-02-25,Meru,Salaried,Permanent,M,52,Tier1,431,1,SME_Loan,1087116.42,,,0.184,24,400626.03,2.7135,594.9,1,2,10,3,30961.96,127588.6,155962.63,32,7,1,0,0,24
C02720,2026-02-25,Nairobi,Agribusiness,Micro_Enterprise,F,28,Tier2,534,0,Personal_Loan,339206.75,,,0.2236,24,,,538.0,2,1,19,4,5003.85,18831.32,18622.77,16,5,0,0,0,25
C02721,2026-02-25,Uasin Gishu,SME_Trade,Micro_Enterprise,M,49,Tier2,506,0,Personal_Loan,156893.18,,,0.2201,24,,,658.6,3,0,0,4,2750.23,38930.35,14168.36,23,3,0,0,0,5
C02722,2026-02-25,Nairobi,Salaried,Permanent,F,51,Tier2,466,1,SME_Loan,881920.12,,,0.2627,24,125812.77,5.0,592.8,5,0,11,6,17073.51,171889.26,137725.62,25,6,1,0,0,14
C02724,2026-02-25,Nairobi,Salaried,Contract,F,37,Tier2,496,1,Personal_Loan,237333.31,,,0.2453,18,713729.91,0.3325,691.1,1,0,0,0,3711.76,12592.69,11355.46,21,6,0,0,0,32
C02725,2026-02-25,Machakos,Salaried,Permanent,M,56,Tier2,408,1,SME_Loan,469561.61,,,0.2016,36,450459.84,1.0424,483.9,1,0,45,4,7648.12,132193.7,150343.11,24,8,1,0,1,187
C02726,2026-02-25,Kakamega,Salaried,Permanent,M,48,Tier1,458,1,Credit_Card,5542.93,210111.05,0.0,0.1514,0,,,613.1,2,2,0,0,23238.27,113183.6,119418.34,22,8,4,0,0,14
C02727,2026-02-25,Meru,Salaried,Permanent,M,27,Tier3,439,1,Personal_Loan,484669.49,,,0.2076,18,748087.82,0.6479,633.8,1,0,9,2,0.0,9156.81,9544.68,40,4,1,0,0,11
C02735,2026-02-25,Machakos,Salaried,Contract,M,41,Tier2,419,1,SME_Loan,482914.62,,,0.1988,24,80231.27,5.0,646.2,1,0,23,5,339.24,2880.57,3555.78,28,5,0,0,0,5
C02736,2026-02-25,Nairobi,SME_Trade,Micro_Enterprise,F,27,Tier2,473,0,SME_Loan,62309.13,,,0.1492,48,0.0,5.0,622.3,1,3,13,2,63888.64,176931.29,138763.23,12,4,2,0,0,5
C02738,2026-02-25,Nyeri,Construction,Self_Employed,F,29,Tier1,526,1,Overdraft,27976.82,50000.0,0.2908,0.2346,0,40500.11,0.6908,623.4,6,2,1,5,302.76,20624.32,17210.66,16,5,0,0,0,20
C02741,2026-02-25,Nakuru,Salaried,Contract,M,29,Tier2,517,1,Overdraft,32925.49,85503.32,0.5662,0.1949,0,0.0,5.0,564.0,2,1,7,6,19692.63,63802.43,70209.64,32,9,0,0,0,17
C02745,2026-02-25,Nairobi,Agribusiness,Micro_Enterprise,F,29,Tier2,394,1,Credit_Card,142175.11,94688.66,1.7307,0.3011,0,,,529.1,1,0,30,1,14231.04,69397.04,62303.27,19,4,5,0,1,234
C02749,2026-02-25,Nairobi,SME_Trade,Self_Employed,M,39,Tier3,503,1,Personal_Loan,194319.64,,,0.2374,36,520652.54,0.3732,718.4,1,0,14,6,456.38,14543.62,13740.32,32,2,1,0,0,31
C02750,2026-02-25,Nyeri,SME_Trade,Micro_Enterprise,M,64,Tier2,186,1,Personal_Loan,230714.62,,,0.1805,36,960127.68,0.2403,520.3,1,0,21,3,9547.15,65018.85,59386.51,18,3,3,0,0,23
C02751,2026-02-25,Nakuru,SME_Trade,Self_Employed,F,32,Tier2,432,1,Personal_Loan,258154.54,,,0.2408,36,209297.53,1.2334,364.2,1,0,30,4,3358.42,82823.36,70361.44,26,2,1,0,0,32
C02753,2026-02-25,Nairobi,SME_Trade,Self_Employed,M,47,Tier2,418,0,Overdraft,31310.99,361438.25,0.0246,0.2338,0,44651.58,0.7012,575.2,2,0,20,4,0.0,0.0,0.0,22,6,0,0,0,34
C02758,2026-02-25,Machakos,Salaried,Contract,F,49,Tier2,421,1,Personal_Loan,269011.14,,,0.2156,18,100688.59,2.6717,760.9,3,2,0,0,5620.87,21331.01,17283.43,32,5,0,0,0,29
C02761,2026-02-25,Nyeri,Salaried,Permanent,M,27,Tier2,485,1,SME_Loan,785268.98,,,0.3235,48,,,646.3,2,1,5,4,0.0,0.0,0.0,20,4,1,0,0,5
C02763,2026-02-25,Kiambu,SME_Services,Micro_Enterprise,M,37,Tier3,352,0,Personal_Loan,528488.01,,,0.2449,36,,,653.9,1,0,19,4,5904.52,70460.01,50240.83,26,0,0,0,0,32
C02765,2026-02-25,Nairobi,Salaried,Permanent,F,30,Tier2,406,1,SME_Loan,378001.82,,,0.0988,36,231502.97,1.6328,484.5,2,1,11,3,8107.07,292537.57,286795.05,35,4,0,0,0,25
C02770,2026-02-25,Uasin Gishu,SME_Services,Self_Employed,F,64,Tier2,457,1,Overdraft,37437.63,120596.71,0.2545,0.193,0,220806.7,0.1695,485.3,1,0,42,2,0.0,0.0,0.0,29,7,1,1,1,191
C02780,2026-02-25,Uasin Gishu,SME_Services,Self_Employed,M,23,Tier1,425,0,Overdraft,8339.75,207231.77,0.0584,0.2715,0,110503.89,0.0755,684.9,1,2,14,6,0.0,0.0,0.0,11,2,1,0,0,26
C02788,2026-02-25,Nakuru,Salaried,Permanent,M,23,Tier3,486,1,Personal_Loan,496138.97,,,0.1722,36,264973.58,1.8724,474.7,1,0,29,5,0.0,246868.85,259427.7,45,5,1,0,0,29
C02790,2026-02-25,Meru,Transport,Micro_Enterprise,F,58,Tier1,516,1,Personal_Loan,333985.35,,,0.2293,12,407874.36,0.8188,634.2,1,0,14,4,17669.25,74121.02,119819.42,14,5,1,0,0,17
C02791,2026-02-25,Nairobi,Transport,Self_Employed,F,63,Tier2,276,0,SME_Loan,761513.4,,,0.2121,24,576498.13,1.3209,627.3,3,0,0,3,12415.25,58521.8,28048.38,18,5,1,0,0,17
C02792,2026-02-25,Kisumu,Salaried,Contract,F,28,Tier2,431,1,SME_Loan,501563.7,,,0.1431,24,185907.22,2.6979,574.8,3,0,14,3,9226.97,55090.57,57757.73,18,9,0,0,0,14
C02793,2026-02-25,Meru,SME_Trade,Self_Employed,M,53,Tier2,397,0,Personal_Loan,557105.29,,,0.2089,12,607613.75,0.9169,775.6,2,0,1,4,3617.12,30041.18,25613.43,21,4,1,0,0,8
C02797,2026-02-25,Kiambu,SME_Services,Self_Employed,M,60,Tier1,451,0,SME_Loan,342279.12,,,0.1379,36,825076.41,0.4148,643.8,1,0,6,4,2095.01,7215.21,7011.94,23,4,0,0,0,9
C02798,2026-02-25,Nyeri,Salaried,Permanent,F,46,Tier3,455,1,Personal_Loan,386278.21,,,0.1911,18,554729.27,0.6963,743.0,3,0,0,0,28006.95,84614.18,108440.28,27,6,1,0,0,6
C02801,2026-02-25,Mombasa,Salaried,Contract,F,56,Tier2,476,1,Personal_Loan,277084.02,,,0.1872,18,,,600.0,2,3,12,4,0.0,0.0,0.0,24,5,1,0,0,28
C02802,2026-02-25,Machakos,Construction,Micro_Enterprise,M,41,Tier2,447,1,Overdraft,343690.33,240646.2,1.5005,0.1935,0,0.0,5.0,490.6,2,0,10,4,36857.61,135388.61,102865.41,16,4,1,1,1,206
C02804,2026-02-25,Kiambu,Salaried,Permanent,M,23,Tier2,437,1,Personal_Loan,224883.05,,,0.3183,12,,,589.5,1,0,23,4,6158.16,41197.82,42894.68,29,5,0,0,0,18
C02807,2026-02-25,Nakuru,Salaried,Contract,M,33,Tier2,452,1,SME_Loan,566125.95,,,0.1911,36,134596.78,4.2061,633.4,4,0,0,1,4489.85,53965.96,40743.25,17,6,1,0,0,30
C02808,2026-02-25,Mombasa,Other,Micro_Enterprise,M,34,Tier1,468,1,Personal_Loan,366772.59,,,0.1838,18,571300.08,0.642,574.1,1,0,27,6,657.27,5119.4,4809.33,16,2,0,0,0,33
C02816,2026-02-25,Nairobi,SME_Trade,Micro_Enterprise,M,25,Tier2,431,0,SME_Loan,1026622.58,,,0.1334,24,37498.04,5.0,502.9,1,4,45,6,3900.94,71863.56,74046.1,14,7,0,0,1,5
C02817,2026-02-25,Nairobi,SME_Trade,Micro_Enterprise,M,51,Tier2,531,0,SME_Loan,579709.77,,,0.1539,48,375322.19,1.5446,701.8,3,0,0,0,784.89,43490.94,56208.53,23,4,1,0,0,34
C02821,2026-02-25,Kisumu,Transport,Self_Employed,F,45,Tier2,488,0,Personal_Loan,20825.21,,,0.1742,36,663715.21,0.05,629.3,2,2,13,2,21134.3,68176.3,64035.55,17,7,2,0,0,14
C02823,2026-02-25,Nairobi,Salaried,Permanent,F,26,Tier2,499,1,SME_Loan,350010.16,,,0.2461,36,,,552.7,2,0,9,6,10454.78,92066.86,70138.39,25,2,0,0,0,9
C02824,2026-02-25,Kisumu,Construction,Micro_Enterprise,F,64,Tier2,462,1,Personal_Loan,450701.34,,,0.2725,12,,,516.7,1,1,18,5,1471.53,6235.97,6642.48,19,4,0,0,0,27
C02827,2026-02-25,Nairobi,Salaried,Permanent,M,37,Tier2,418,1,Personal_Loan,145610.35,,,0.2568,12,1167959.56,0.1247,577.6,1,0,13,3,3508.94,28621.99,14947.56,30,2,3,0,0,8
C02831,2026-02-25,Nairobi,SME_Trade,Self_Employed,M,62,Tier1,530,0,SME_Loan,87360.84,,,0.1822,36,571646.7,0.1528,644.9,1,1,0,1,22942.15,136574.52,98053.07,26,7,3,0,0,22
C02832,2026-02-25,Uasin Gishu,Agribusiness,Self_Employed,M,56,Tier2,523,0,SME_Loan,391661.76,,,0.2368,24,963063.43,0.4067,623.8,5,3,17,5,0.0,0.0,0.0,23,3,3,0,0,22
C02837,2026-02-25,Kakamega,Agribusiness,Self_Employed,M,64,Tier1,451,1,Personal_Loan,368395.25,,,0.1903,12,590299.57,0.6241,563.2,1,1,14,4,28190.96,160040.32,194341.42,17,3,3,0,0,6
C02839,2026-02-25,Kisumu,Salaried,Permanent,M,30,Tier1,477,1,Credit_Card,120369.7,193667.51,0.5438,0.247,0,,,716.3,1,1,0,2,11659.72,66120.98,53784.49,21,2,2,0,0,29
C02844,2026-02-25,Nyeri,SME_Services,Micro_Enterprise,F,42,Tier1,395,0,Personal_Loan,290577.27,,,0.1489,12,,,585.4,1,6,2,6,7963.75,88342.64,90475.14,25,3,2,0,0,30
C02845,2026-02-25,Nairobi,SME_Trade,Self_Employed,F,41,Tier1,494,0,SME_Loan,720789.27,,,0.222,24,126622.2,5.0,493.4,1,1,56,5,9813.37,98021.43,151228.54,18,8,2,0,0,217
C02847,2026-02-25,Nairobi,SME_Trade,Micro_Enterprise,F,59,Tier1,494,0,SME_Loan,700964.82,,,0.257,36,783592.79,0.8946,609.1,3,0,0,0,0.0,13413.05,11791.93,16,5,3,0,0,28
C02848,2026-02-25,Nakuru,SME_Trade,Micro_Enterprise,F,38,Tier2,425,0,Overdraft,189719.78,50000.0,1.8,0.2426,0,73502.3,2.5811,615.3,1,0,0,2,0.0,26761.08,14640.38,24,4,1,0,0,24
C02850,2026-02-25,Kakamega,Salaried,Permanent,F,37,Tier2,306,1,Overdraft,154664.34,311165.92,0.4168,0.1866,0,117586.38,1.3153,665.2,1,1,16,3,1319.25,3721.22,2969.73,25,6,2,0,0,5
C02852,2026-02-25,Nairobi,Salaried,Permanent,M,38,Tier2,472,1,Personal_Loan,367386.36,,,0.2717,18,740685.79,0.496,726.8,2,0,0,1,21233.8,65576.4,60770.28,30,8,0,0,0,27
C02854,2026-02-25,Kiambu,Other,Self_Employed,M,25,Tier2,500,1,SME_Loan,871865.55,,,0.2001,24,432327.96,2.0167,600.3,3,0,4,5,3301.58,17002.29,13495.74,12,6,3,1,1,200
C02856,2026-02-25,Nairobi,Salaried,Permanent,F,24,Tier1,499,1,Personal_Loan,431826.01,,,0.2031,24,,,657.6,3,1,0,1,0.0,0.0,0.0,26,4,0,0,0,20
C02862,2026-02-25,Nairobi,SME_Trade,Self_Employed,F,62,Tier2,463,1,Personal_Loan,368102.84,,,0.1919,24,,,619.5,3,1,0,3,0.0,135688.69,107698.54,21,1,0,0,0,18
C02863,2026-02-25,Nyeri,Salaried,Contract,M,58,Tier2,401,1,Personal_Loan,174422.48,,,0.2812,18,228997.22,0.7617,718.2,1,0,3,0,0.0,170625.41,195167.15,29,8,1,0,0,32
C02864,2026-02-25,Kiambu,Agribusiness,Micro_Enterprise,M,48,Tier3,451,0,SME_Loan,622123.7,,,0.2182,36,438146.06,1.4199,653.9,2,2,12,3,949.96,5141.42,6055.6,23,3,0,0,0,12
C02866,2026-02-25,Kakamega,Salaried,Permanent,F,22,Tier2,484,1,Overdraft,23014.21,245784.29,0.1036,0.3325,0,71471.52,0.322,702.3,1,0,0,0,3977.23,23173.06,28793.16,21,7,2,0,0,7
C02870,2026-02-25,Kiambu,Salaried,Permanent,M,30,Tier3,432,1,Personal_Loan,218439.15,,,0.235,36,18485.98,5.0,696.8,1,1,0,1,22480.72,98276.62,99053.01,45,5,0,0,0,19
C02877,2026-02-25,Kisumu,Salaried,Contract,M,50,Tier2,440,1,SME_Loan,194287.8,,,0.1716,36,0.0,5.0,742.9,2,0,0,0,13305.4,105575.72,136558.99,32,8,0,0,1,12
C02882,2026-02-25,Kakamega,SME_Trade,Self_Employed,F,31,Tier2,533,1,Credit_Card,59192.65,91618.08,1.0565,0.3115,0,,,516.8,2,4,27,1,8362.1,35287.38,28417.39,18,3,2,0,0,19
C02883,2026-02-25,Machakos,Salaried,Permanent,F,46,Tier2,346,1,SME_Loan,654887.34,,,0.204,36,435901.38,1.5024,664.1,2,0,19,3,0.0,100941.79,98252.32,27,8,2,0,0,6
C02886,2026-02-25,Kisumu,SME_Trade,Self_Employed,F,27,Tier2,459,0,Personal_Loan,304530.84,,,0.224,36,986674.22,0.3086,572.7,1,1,0,1,370.73,6793.1,3929.58,15,2,1,0,0,21
C02887,2026-02-25,Nakuru,Agribusiness,Self_Employed,F,62,Tier2,348,0,Personal_Loan,110447.47,,,0.2692,12,695424.18,0.1588,647.5,1,1,16,2,28955.7,94866.64,92231.88,26,2,2,0,0,9
C02888,2026-02-25,Nairobi,Agribusiness,Self_Employed,M,23,Tier3,494,0,Credit_Card,95368.75,139879.39,0.5752,0.2392,0,,,488.1,2,0,40,5,4630.55,19472.96,20321.18,17,5,2,0,1,19
C02896,2026-02-25,Uasin Gishu,Salaried,Permanent,M,45,Tier2,382,1,Overdraft,174949.78,214126.38,0.8914,0.2821,0,140366.42,1.2464,604.9,2,0,36,5,30373.73,83367.64,58198.49,21,7,0,0,0,21
C02898,2026-02-25,Nairobi,Salaried,Contract,F,49,Tier3,443,1,Overdraft,105848.28,98465.69,1.3521,0.2186,0,182488.24,0.58,559.6,1,2,1,1,78415.2,233907.1,322811.92,22,4,1,0,0,13
C02900,2026-02-25,Nairobi,Transport,Micro_Enterprise,M,30,Tier1,442,1,Overdraft,0.0,202166.22,0.0044,0.2344,0,0.0,0.05,534.2,1,0,8,4,4016.1,16038.83,11197.91,18,1,0,0,0,34
C02901,2026-02-25,Nakuru,SME_Trade,Self_Employed,M,43,Tier2,473,0,Personal_Loan,116874.24,,,0.2285,24,28579.96,4.0894,515.1,1,0,56,6,0.0,0.0,0.0,14,3,1,1,1,198
C02902,2026-02-25,Nakuru,SME_Trade,Micro_Enterprise,M,57,Tier2,532,0,SME_Loan,587028.03,,,0.3205,48,723665.21,0.8112,714.2,2,0,0,0,14670.71,109550.09,127628.62,19,2,2,0,0,14
C02904,2026-02-25,Kakamega,SME_Services,Self_Employed,F,48,Tier1,477,0,Personal_Loan,77128.13,,,0.2053,36,,,565.6,1,1,5,6,15271.98,93162.17,76970.64,16,6,1,0,0,25
C02907,2026-02-25,Meru,Salaried,Permanent,M,49,Tier3,536,1,Personal_Loan,263344.56,,,0.1448,12,971058.29,0.2712,723.2,1,1,0,2,9070.2,45431.94,29979.68,34,9,2,0,0,33
C02909,2026-02-25,Nairobi,Salaried,Permanent,M,26,Tier2,464,1,Credit_Card,40404.44,129778.45,0.3018,0.3094,0,,,750.6,1,1,29,3,15461.8,51581.67,79391.1,19,14,2,0,0,31
C02911,2026-02-25,Mombasa,Agribusiness,Self_Employed,M,26,Tier2,325,1,Personal_Loan,194393.62,,,0.2241,24,422736.94,0.4598,653.2,2,1,0,2,6427.28,43369.73,34503.45,12,3,4,0,0,15
C02915,2026-02-25,Mombasa,Agribusiness,Self_Employed,M,39,Tier2,462,0,Personal_Loan,204956.83,,,0.2626,18,,,544.3,2,1,0,0,17281.19,59145.46,41098.55,17,5,1,0,0,18
C02922,2026-02-25,Kiambu,SME_Services,Micro_Enterprise,F,55,Tier2,525,1,Credit_Card,65248.61,91819.52,0.3456,0.2395,0,,,567.1,2,0,45,4,2437.43,11131.05,11960.39,17,5,2,1,0,232
C02924,2026-02-25,Nakuru,Agribusiness,Micro_Enterprise,F,45,Tier2,473,1,SME_Loan,696203.44,,,0.118,24,147233.93,4.7286,615.5,3,1,0,3,0.0,50867.89,28254.08,23,1,0,0,0,19
C02927,2026-02-25,Uasin Gishu,Salaried,Permanent,F,48,Tier2,492,1,Personal_Loan,477541.85,,,0.1654,36,0.0,5.0,614.5,2,0,13,5,0.0,0.0,0.0,29,5,0,0,0,29
C02928,2026-02-25,Nakuru,Hospitality,Self_Employed,F,35,Tier1,414,1,Overdraft,324522.44,187233.29,1.6397,0.2455,0,146886.3,2.2093,699.2,1,2,28,4,1227.44,13761.36,7820.52,14,2,0,1,0,140
C02938,2026-02-25,Kisumu,Salaried,Contract,F,53,Tier2,540,1,Overdraft,0.0,178544.52,0.0,0.2119,0,155617.8,0.05,615.5,2,2,15,6,53461.4,236390.36,229239.54,25,3,3,0,0,21
C02942,2026-02-25,Meru,Agribusiness,Self_Employed,F,63,Tier2,454,0,SME_Loan,298237.79,,,0.256,12,31822.58,5.0,568.0,1,1,30,6,6969.64,35191.13,16537.49,21,6,1,1,0,187
C02943,2026-02-25,Nairobi,Salaried,Permanent,M,55,Tier2,465,1,Personal_Loan,246395.59,,,0.1993,24,0.0,5.0,506.1,2,0,0,0,6546.31,19541.57,8255.84,37,6,1,1,0,215
C02945,2026-02-25,Kakamega,Salaried,Permanent,F,57,Tier2,395,1,Personal_Loan,0.0,,,0.2474,18,465751.06,0.05,514.7,2,0,1,0,39410.54,142766.39,83909.74,19,3,2,0,0,34
C02949,2026-02-25,Kisumu,Transport,Self_Employed,M,44,Tier2,461,0,Personal_Loan,155693.43,,,0.1996,18,115844.88,1.344,601.4,2,0,0,2,2584.28,47861.39,50431.14,17,3,0,0,0,33
C02951,2026-02-25,Nairobi,SME_Trade,Self_Employed,M,22,Tier2,528,0,SME_Loan,789717.82,,,0.2654,36,,,773.1,2,0,0,2,22588.21,121231.27,106203.34,12,2,2,0,0,34
C02953,2026-02-25,Nairobi,Salaried,Permanent,F,63,Tier3,434,1,Credit_Card,82084.55,30000.0,1.8,0.264,0,,,589.5,1,0,3,1,10106.6,43290.9,50310.93,29,0,0,0,0,29
C02955,2026-02-25,Mombasa,Salaried,Permanent,F,33,Tier1,453,1,Overdraft,29374.38,247347.19,0.0,0.2596,0,133751.23,0.2196,604.6,1,1,1,1,0.0,0.0,0.0,37,7,0,0,0,22
C02956,2026-02-25,Mombasa,SME_Trade,Micro_Enterprise,F,65,Tier2,467,1,Personal_Loan,331071.48,,,0.2206,12,107163.69,3.0894,700.8,1,1,0,0,6260.79,40002.21,28963.32,15,3,1,0,0,11
C02957,2026-02-25,Mombasa,SME_Trade,Micro_Enterprise,F,25,Tier2,489,0,SME_Loan,348201.0,,,0.1496,24,621018.99,0.5607,678.1,3,0,2,2,41106.03,155421.39,140115.52,12,2,0,0,0,15
C02958,2026-02-25,Mombasa,Salaried,Contract,F,42,Tier1,539,1,SME_Loan,274555.33,,,0.2415,36,0.0,5.0,504.6,1,3,14,6,2774.8,24213.7,30760.28,25,8,0,0,0,26
C02959,2026-02-25,Uasin Gishu,SME_Trade,Self_Employed,F,44,Tier3,350,0,Personal_Loan,484328.19,,,0.2454,36,667407.87,0.7257,701.8,1,1,7,0,1877.16,21708.76,25159.96,22,4,1,0,0,19
C02960,2026-02-25,Nyeri,SME_Services,Micro_Enterprise,F,42,Tier2,479,0,Personal_Loan,422609.89,,,0.1971,12,284240.74,1.4868,656.8,3,1,0,0,0.0,0.0,0.0,19,7,2,0,0,29
C02964,2026-02-25,Uasin Gishu,Salaried,Permanent,M,24,Tier2,367,1,SME_Loan,544948.07,,,0.1791,36,15564.51,5.0,551.2,2,1,0,0,19225.85,133635.03,98438.54,20,6,0,0,0,6
C02967,2026-02-25,Meru,Salaried,Permanent,F,31,Tier2,462,1,SME_Loan,212306.31,,,0.1686,24,524571.57,0.4047,578.5,1,1,14,5,20981.11,89458.46,102149.64,23,5,1,0,0,5
C02971,2026-02-25,Mombasa,Salaried,Permanent,F,48,Tier3,347,1,Personal_Loan,174099.16,,,0.1863,36,482972.03,0.3605,618.6,1,0,17,1,5560.02,66089.15,42754.57,33,3,3,0,0,28
C02972,2026-02-25,Machakos,SME_Services,Micro_Enterprise,M,23,Tier2,350,0,Personal_Loan,299209.21,,,0.2251,18,415160.48,0.7207,595.7,2,0,4,4,20110.75,105069.77,107498.56,18,7,2,0,0,15
C02976,2026-02-25,Nairobi,Salaried,Permanent,F,42,Tier2,355,1,Personal_Loan,353162.21,,,0.1606,18,742678.97,0.4755,553.8,1,3,23,5,58567.65,135296.88,162286.48,30,9,1,0,0,14
C02979,2026-02-25,Nyeri,Agribusiness,Self_Employed,M,33,Tier2,388,0,Personal_Loan,155470.33,,,0.2527,18,1109783.27,0.1401,678.8,1,1,0,1,0.0,0.0,0.0,13,3,2,0,0,16
C02980,2026-02-25,Kiambu,Salaried,Permanent,F,42,Tier2,429,1,Personal_Loan,193346.57,,,0.2224,18,4538.39,5.0,471.2,1,1,2,1,15500.14,98313.03,98092.22,36,5,2,0,0,30
C02981,2026-02-25,Nairobi,Construction,Micro_Enterprise,F,53,Tier3,468,0,Personal_Loan,285292.1,,,0.2504,18,330903.51,0.8622,657.8,1,3,0,5,38.24,1033.0,891.44,24,2,0,0,0,27
C02990,2026-02-25,Mombasa,Agribusiness,Self_Employed,M,40,Tier1,440,0,Personal_Loan,374793.13,,,0.2026,12,606219.24,0.6182,560.3,2,0,15,5,1161.72,7151.19,6871.75,16,4,2,0,0,6
C02992,2026-02-25,Nyeri,SME_Trade,Micro_Enterprise,F,49,Tier1,510,0,SME_Loan,333555.9,,,0.2179,48,362966.26,0.919,640.9,3,2,0,0,14600.96,73521.43,65573.52,18,2,0,0,0,13
C02995,2026-02-25,Nyeri,SME_Trade,Micro_Enterprise,F,55,Tier2,465,1,SME_Loan,247822.66,,,0.1445,36,344284.08,0.7198,493.8,1,1,42,2,4861.31,37308.42,36702.58,22,0,1,1,0,192
C02996,2026-02-25,Nairobi,Construction,Micro_Enterprise,F,49,Tier3,416,0,Personal_Loan,122629.6,,,0.275,18,454675.84,0.2697,575.8,1,0,15,3,8155.64,37744.35,53116.25,23,6,1,1,0,186
C02997,2026-02-25,Nairobi,Salaried,Contract,F,34,Tier2,426,1,SME_Loan,665356.11,,,0.2846,12,0.0,5.0,651.3,4,1,0,0,40732.65,111175.23,94371.89,25,6,1,0,0,15
C02998,2026-02-25,Nairobi,Salaried,Permanent,M,36,Tier2,445,1,Overdraft,45786.98,106424.66,0.2416,0.2778,0,,,697.2,2,0,0,1,12627.9,66069.39,65671.35,23,2,0,0,0,22
C02999,2026-02-25,Mombasa,Salaried,Permanent,M,40,Tier1,536,1,Overdraft,2725.46,216418.0,0.0,0.2255,0,0.0,5.0,756.0,1,2,9,5,0.0,35517.43,41631.22,22,6,1,0,0,14
C03000,2026-02-25,Nairobi,Agribusiness,Self_Employed,F,50,Tier2,512,1,Personal_Loan,435996.56,,,0.1941,36,1098414.19,0.3969,383.4,1,0,27,4,0.0,111714.16,77512.81,16,4,0,0,0,33
C03002,2026-02-25,Nairobi,Salaried,Permanent,M,51,Tier3,485,1,Overdraft,42176.5,373537.41,0.1422,0.2111,0,142750.06,0.2955,563.5,1,1,22,4,15689.11,55535.33,54846.93,36,6,2,0,0,12
C03004,2026-02-25,Meru,SME_Services,Self_Employed,M,64,Tier1,538,0,Credit_Card,121845.42,35362.25,1.8,0.3313,0,,,598.3,3,0,48,2,3592.74,33429.51,25829.01,18,5,2,0,0,21
C03006,2026-02-25,Nairobi,SME_Services,Self_Employed,M,37,Tier2,338,0,Personal_Loan,96175.48,,,0.2002,12,120502.25,0.7981,682.1,2,0,4,5,2465.56,20014.18,19107.64,17,4,0,0,0,28
C03016,2026-02-25,Nyeri,Salaried,Permanent,F,41,Tier2,338,1,Credit_Card,13737.69,107380.18,0.2596,0.2968,0,,,553.8,2,1,0,2,18584.65,95605.48,64569.19,22,9,0,0,0,9
C03021,2026-02-25,Nakuru,Salaried,Permanent,M,36,Tier2,366,1,Personal_Loan,588495.52,,,0.2443,24,667700.46,0.8814,424.2,1,0,29,4,0.0,0.0,0.0,26,7,0,1,0,141
C03023,2026-02-25,Nyeri,Salaried,Permanent,F,38,Tier1,479,1,Personal_Loan,166823.75,,,0.2129,12,857765.02,0.1945,490.3,3,1,0,0,906.17,134565.39,184998.8,24,7,0,0,0,22
C03025,2026-02-25,Nairobi,Salaried,Permanent,F,37,Tier2,441,1,Personal_Loan,189871.34,,,0.1459,24,199399.2,0.9522,648.9,2,2,0,4,320.74,1054.24,683.52,40,12,0,0,0,6
C03028,2026-02-25,Machakos,Salaried,Permanent,F,54,Tier2,290,1,Personal_Loan,387640.51,,,0.2509,12,474378.87,0.8172,598.3,1,0,0,1,37002.33,200314.94,147099.66,23,5,3,0,0,26
C03029,2026-02-25,Kakamega,Salaried,Contract,F,31,Tier1,445,1,Credit_Card,141257.88,30000.0,1.8,0.311,0,,,690.8,2,0,0,3,42347.73,167791.89,100343.29,27,10,1,0,0,9
C03033,2026-02-25,Mombasa,SME_Services,Micro_Enterprise,M,46,Tier1,483,1,SME_Loan,249788.91,,,0.3036,36,496062.84,0.5035,629.0,1,1,3,6,5913.49,39590.18,53112.26,23,3,2,0,0,7
C03034,2026-02-25,Nakuru,Agribusiness,Micro_Enterprise,M,25,Tier1,521,0,SME_Loan,514907.16,,,0.1246,48,467611.3,1.1011,621.3,3,3,1,1,0.0,0.0,0.0,17,7,1,0,0,24
C03037,2026-02-25,Kisumu,SME_Services,Micro_Enterprise,F,57,Tier2,447,0,SME_Loan,22058.16,,,0.2047,36,0.0,5.0,703.7,2,2,3,1,13362.26,116957.78,139474.88,17,3,1,0,0,29
C03038,2026-02-25,Kakamega,Salaried,Permanent,M,27,Tier1,434,1,Personal_Loan,98801.43,,,0.1662,36,0.0,5.0,662.1,1,0,1,2,0.0,233943.73,242788.17,22,10,1,0,0,27
C03040,2026-02-25,Nairobi,Salaried,Permanent,M,29,Tier3,458,1,Personal_Loan,256972.16,,,0.1886,24,248859.56,1.0326,704.9,1,2,0,0,25415.34,89546.66,60290.74,32,4,1,0,1,239
C03041,2026-02-25,Machakos,Agribusiness,Micro_Enterprise,M,38,Tier2,409,0,SME_Loan,807868.8,,,0.2417,24,367257.86,2.1997,640.3,2,0,4,3,0.0,12009.79,11810.98,19,8,0,0,0,21
C03044,2026-02-25,Nairobi,Salaried,Permanent,M,44,Tier3,394,1,Personal_Loan,147964.39,,,0.2128,18,793274.1,0.1865,654.3,3,3,0,2,897.06,68255.0,80940.63,30,4,0,0,0,6
C03050,2026-02-25,Mombasa,Salaried,Contract,M,52,Tier2,483,1,Personal_Loan,359062.38,,,0.1782,18,380844.92,0.9428,680.4,1,1,0,0,6356.0,97549.24,67603.38,25,3,0,0,0,13
C03053,2026-02-25,Nairobi,Agribusiness,Micro_Enterprise,F,54,Tier1,530,0,SME_Loan,485453.39,,,0.2246,24,560521.29,0.8661,626.8,4,1,21,5,0.0,0.0,0.0,13,5,0,0,0,30
C03055,2026-02-25,Machakos,SME_Services,Self_Employed,M,56,Tier2,464,0,Personal_Loan,357737.47,,,0.2112,12,560762.28,0.6379,594.9,2,0,22,6,23206.79,120185.9,106003.79,13,0,3,0,1,156
C03056,2026-02-25,Nairobi,SME_Services,Micro_Enterprise,M,42,Tier2,425,0,Overdraft,21607.4,408451.22,0.0653,0.2331,0,0.0,5.0,744.0,1,0,3,1,897.35,94133.42,76265.98,19,11,0,0,0,22
C03059,2026-02-25,Mombasa,Salaried,Permanent,F,38,Tier3,355,1,Personal_Loan,182093.02,,,0.2595,12,39377.9,4.6242,594.4,1,0,15,3,1530.79,68363.99,37053.59,21,6,1,0,0,24
C03060,2026-02-25,Nyeri,Transport,Self_Employed,M,33,Tier2,515,1,Personal_Loan,187513.2,,,0.1529,12,475330.93,0.3945,412.9,1,1,42,4,20684.99,122707.52,112514.04,18,8,0,1,1,191
C03072,2026-02-25,Nakuru,Salaried,Permanent,F,42,Tier2,423,1,Credit_Card,157264.64,323585.44,0.5247,0.4417,0,,,560.4,1,0,0,2,19801.59,120369.92,88755.15,17,4,0,0,0,24
C03073,2026-02-25,Nairobi,Transport,Self_Employed,M,31,Tier3,507,1,Credit_Card,77166.18,129748.03,0.4616,0.3348,0,,,555.0,1,0,6,2,2026.51,14611.87,12383.86,29,5,2,0,0,31
C03075,2026-02-25,Meru,Agribusiness,Micro_Enterprise,F,47,Tier1,480,0,Personal_Loan,442135.32,,,0.2584,18,85007.52,5.0,597.5,4,1,0,0,15991.52,79451.06,69939.11,16,6,3,0,0,30
C03076,2026-02-25,Nairobi,Salaried,Permanent,F,54,Tier2,402,1,Overdraft,3502.74,50000.0,0.1687,0.2745,0,185675.97,0.05,733.2,1,1,0,0,16942.8,92522.04,57516.64,29,7,3,0,0,34
C03077,2026-02-25,Kiambu,SME_Trade,Self_Employed,F,25,Tier2,382,0,SME_Loan,433785.7,,,0.106,24,634458.44,0.6837,579.2,3,0,14,2,0.0,50645.59,46837.79,16,2,0,0,0,30
C03078,2026-02-25,Nakuru,Salaried,Permanent,F,57,Tier2,538,1,Personal_Loan,402691.45,,,0.1857,12,446942.77,0.901,638.3,1,0,16,2,14350.6,99798.09,73548.81,27,10,2,0,0,15
C03088,2026-02-25,Nairobi,Hospitality,Self_Employed,F,28,Tier2,512,0,Credit_Card,25084.4,265342.55,0.0,0.2042,0,,,468.9,1,0,64,5,21264.02,114315.28,181712.36,13,4,1,0,0,16
C03089,2026-02-25,Kisumu,SME_Services,Micro_Enterprise,F,31,Tier1,441,0,Overdraft,375547.06,349115.58,1.0779,0.248,0,146671.83,2.5605,604.3,2,1,0,0,5285.53,17960.78,19028.58,16,1,0,0,0,21
C03090,2026-02-25,Kiambu,Salaried,Permanent,F,42,Tier2,403,1,SME_Loan,783814.49,,,0.1517,36,23840.27,5.0,682.3,2,1,0,2,21381.3,112626.43,53688.4,27,6,1,0,0,24
C03093,2026-02-25,Kiambu,SME_Services,Self_Employed,F,53,Tier2,448,1,SME_Loan,579323.75,,,0.2945,12,107615.56,5.0,575.7,1,1,3,6,0.0,21395.56,17333.61,24,0,0,0,0,6
C03095,2026-02-25,Meru,SME_Trade,Self_Employed,F,61,Tier2,470,0,Personal_Loan,35942.04,,,0.2047,36,799589.59,0.05,631.5,5,0,0,0,27812.43,114546.12,83729.23,16,7,3,0,0,5
C03097,2026-02-25,Uasin Gishu,Agribusiness,Self_Employed,F,28,Tier3,461,1,Personal_Loan,343834.34,,,0.2306,12,,,449.5,3,0,38,5,7215.42,25427.59,22683.71,27,6,1,0,0,17
C03098,2026-02-25,Nairobi,SME_Trade,Self_Employed,M,35,Tier3,422,1,Personal_Loan,498902.1,,,0.2188,36,28214.79,5.0,504.5,1,3,25,2,0.0,0.0,0.0,31,3,1,0,0,32
C03100,2026-02-25,Nairobi,Salaried,Permanent,M,33,Tier1,341,1,Personal_Loan,453225.99,,,0.2397,24,,,344.5,2,0,36,4,6346.04,57380.95,60258.69,23,10,0,0,0,19
C03101,2026-02-25,Kakamega,Salaried,Permanent,F,37,Tier2,452,1,Personal_Loan,242877.68,,,0.2465,24,269400.75,0.9015,635.7,1,1,0,0,11119.76,50471.71,65468.28,19,9,1,0,0,28
C03102,2026-02-25,Kakamega,Salaried,Permanent,M,26,Tier2,251,1,Personal_Loan,225418.39,,,0.2052,18,,,612.1,2,0,23,4,482.97,18218.9,14635.47,30,5,1,0,1,186
C03108,2026-02-25,Nairobi,SME_Services,Self_Employed,M,37,Tier3,511,1,SME_Loan,157230.72,,,0.1814,36,,,511.7,2,0,9,6,0.0,60082.16,59248.76,26,2,1,1,0,215
C03109,2026-02-25,Kakamega,SME_Services,Micro_Enterprise,F,61,Tier1,401,0,SME_Loan,575869.55,,,0.1582,36,457999.13,1.2574,603.7,1,0,10,5,14706.91,85739.68,65479.19,11,2,1,0,0,7
C03116,2026-02-25,Nyeri,SME_Services,Micro_Enterprise,F,43,Tier1,507,1,Overdraft,110533.35,249149.1,0.4087,0.2938,0,,,636.4,3,0,0,4,13993.79,84550.94,43250.36,14,4,1,0,0,9
C03118,2026-02-25,Machakos,Transport,Self_Employed,F,49,Tier2,428,0,SME_Loan,460176.38,,,0.1809,12,,,614.6,2,1,16,4,1854.55,45628.33,58305.81,20,6,0,0,0,12
C03120,2026-02-25,Nairobi,Salaried,Permanent,M,60,Tier1,444,1,Overdraft,24248.03,275618.68,0.1512,0.2016,0,138454.15,0.1751,585.9,1,0,0,0,8118.16,67130.34,36488.25,25,7,0,0,0,21
C03122,2026-02-25,Nakuru,SME_Services,Self_Employed,F,65,Tier1,413,1,Credit_Card,76533.17,195908.94,0.5371,0.3509,0,,,560.7,1,1,0,0,8643.9,39136.02,38223.51,14,3,0,0,0,12
C03123,2026-02-25,Nairobi,Agribusiness,Micro_Enterprise,M,42,Tier2,536,0,Overdraft,104236.36,509749.51,0.1238,0.2794,0,,,652.6,1,2,16,6,0.0,0.0,0.0,11,2,2,1,1,215
C03124,2026-02-25,Kisumu,Salaried,Permanent,M,48,Tier2,530,1,Personal_Loan,274616.47,,,0.2251,18,357298.45,0.7686,461.6,1,0,0,0,0.77,78697.4,69409.29,28,7,1,0,0,8
C03125,2026-02-25,Uasin Gishu,SME_Trade,Micro_Enterprise,M,40,Tier1,353,1,Personal_Loan,608221.78,,,0.2942,12,591118.6,1.0289,527.8,1,0,13,6,6552.3,24942.34,15895.05,17,4,1,0,0,219
C03127,2026-02-25,Kiambu,Transport,Micro_Enterprise,F,58,Tier1,488,0,Personal_Loan,412012.73,,,0.1688,12,,,654.6,1,1,4,2,6046.69,56137.66,44352.16,19,7,3,0,0,5
C03135,2026-02-25,Nairobi,Salaried,Permanent,M,52,Tier2,456,1,SME_Loan,820389.6,,,0.1539,24,555847.83,1.4759,648.3,2,0,11,6,5535.82,44589.85,35888.69,18,6,1,0,0,27
C03136,2026-02-25,Mombasa,SME_Trade,Self_Employed,M,21,Tier2,382,0,Personal_Loan,372590.68,,,0.2083,36,217674.7,1.7117,578.8,1,2,0,2,3272.81,13665.68,13771.02,17,4,3,0,0,27
C03141,2026-02-25,Kiambu,SME_Trade,Self_Employed,F,43,Tier1,440,0,Overdraft,0.0,455683.75,0.0296,0.3267,0,109288.41,0.05,637.7,2,0,0,3,26533.94,118041.89,95073.21,15,6,0,0,0,5
C03144,2026-02-25,Kiambu,Transport,Self_Employed,F,46,Tier1,318,0,Personal_Loan,232881.58,,,0.197,36,31241.53,5.0,659.7,1,2,3,2,372.94,6411.31,8438.81,19,3,0,0,0,22
C03146,2026-02-25,Nakuru,Salaried,Contract,M,45,Tier2,507,1,Credit_Card,111971.1,186685.6,0.611,0.2638,0,,,675.2,1,0,0,0,0.0,58211.91,67857.46,26,8,1,0,0,12
C03147,2026-02-25,Nakuru,Salaried,Contract,F,49,Tier2,432,1,Credit_Card,129488.46,262464.23,0.585,0.2318,0,,,683.2,1,0,0,0,50521.17,219366.62,178618.0,19,4,2,0,0,31
C03149,2026-02-25,Nyeri,SME_Trade,Micro_Enterprise,M,65,Tier3,480,1,SME_Loan,799411.7,,,0.2056,36,871848.49,0.9169,531.5,1,1,4,1,2094.87,16450.5,19170.06,25,1,1,0,0,25
C03150,2026-02-25,Machakos,Hospitality,Self_Employed,M,25,Tier2,420,0,Personal_Loan,452379.31,,,0.2166,18,1040336.49,0.4348,684.7,1,1,0,0,1217.98,18910.13,17370.26,27,5,1,0,0,9
C03151,2026-02-25,Nakuru,Salaried,Permanent,M,53,Tier2,432,1,Personal_Loan,397959.96,,,0.218,24,633618.42,0.6281,617.2,1,1,12,4,25337.41,135596.12,56092.21,33,5,0,0,0,12
C03154,2026-02-25,Meru,Salaried,Permanent,M,56,Tier3,485,1,Overdraft,57681.55,306867.24,0.1374,0.3461,0,82378.71,0.7002,521.7,2,3,0,2,50538.38,180095.75,136921.55,29,4,0,0,0,24
C03156,2026-02-25,Meru,Agribusiness,Micro_Enterprise,M,59,Tier3,399,0,Personal_Loan,174091.08,,,0.166,12,590014.13,0.2951,622.5,2,0,6,2,44905.66,145537.58,89379.27,20,4,1,0,0,30
C03157,2026-02-25,Nairobi,SME_Services,Self_Employed,M,55,Tier1,453,1,Overdraft,170331.23,273183.98,0.4839,0.1751,0,,,556.0,1,0,25,5,0.0,0.0,0.0,16,5,1,1,0,237
C03158,2026-02-25,Kiambu,Transport,Self_Employed,F,65,Tier1,466,0,SME_Loan,369206.16,,,0.2142,36,535736.57,0.6892,612.9,2,3,0,1,6556.77,23491.74,22961.02,20,3,1,0,0,9
C03161,2026-02-25,Kiambu,Construction,Micro_Enterprise,F,26,Tier1,366,0,SME_Loan,382626.25,,,0.1689,48,0.0,5.0,512.3,1,0,26,3,33561.86,164217.77,190883.29,20,3,0,1,0,16
C03163,2026-02-25,Uasin Gishu,Hospitality,Micro_Enterprise,F,28,Tier3,482,0,Overdraft,112420.14,167426.84,0.595,0.3189,0,297174.57,0.3783,631.8,4,1,0,0,8120.4,134831.23,10541.04,24,10,2,0,0,25
C03164,2026-02-25,Nairobi,Salaried,Permanent,M,35,Tier2,436,1,Credit_Card,43370.35,65884.52,0.7278,0.1973,0,,,570.3,1,0,3,6,19946.6,142214.72,127492.62,25,4,1,0,0,9
C03167,2026-02-25,Nyeri,Transport,Self_Employed,M,54,Tier2,484,0,SME_Loan,418326.48,,,0.179,48,0.0,5.0,399.7,2,1,32,2,43643.21,180989.61,141311.04,9,9,1,0,1,123
C03169,2026-02-25,Mombasa,Other,Self_Employed,M,57,Tier1,464,0,Overdraft,306672.55,346634.91,0.8962,0.1905,0,205036.34,1.4957,705.0,1,0,3,2,19785.41,120142.19,142562.23,26,4,2,0,0,10
C03171,2026-02-25,Nairobi,Agribusiness,Micro_Enterprise,F,49,Tier3,491,1,SME_Loan,608690.64,,,0.241,36,0.0,5.0,655.5,3,0,0,1,7998.76,38118.32,29167.74,19,2,2,0,0,7
C03175,2026-02-25,Mombasa,Salaried,Permanent,M,65,Tier1,437,1,Overdraft,28361.03,358836.66,0.1418,0.129,0,125288.96,0.2264,648.5,2,0,0,0,1480.71,15350.86,11899.84,29,5,0,0,0,27
C03176,2026-02-25,Nakuru,Salaried,Permanent,F,46,Tier1,398,1,Overdraft,40491.49,373089.28,0.1587,0.2485,0,6529.46,5.0,514.8,3,2,0,0,11349.58,164252.53,140047.86,25,4,2,0,0,23
C03179,2026-02-25,Nyeri,Agribusiness,Self_Employed,M,30,Tier2,354,0,SME_Loan,436017.9,,,0.2214,48,858450.7,0.5079,580.6,1,1,38,2,6971.98,48007.88,32964.17,24,3,0,0,0,151
C03181,2026-02-25,Nairobi,Transport,Micro_Enterprise,M,31,Tier3,246,1,Personal_Loan,271291.75,,,0.1177,36,,,522.6,1,2,24,1,0.0,21216.9,11560.2,22,3,1,0,0,30
C03182,2026-02-25,Nairobi,SME_Services,Micro_Enterprise,M,29,Tier2,446,1,Personal_Loan,342236.91,,,0.1759,12,264139.55,1.2957,670.7,1,0,3,6,9516.45,102738.34,63986.0,16,3,1,0,0,5
C03183,2026-02-25,Kakamega,Salaried,Contract,M,54,Tier2,446,1,SME_Loan,513734.31,,,0.2049,24,,,668.4,1,1,3,3,57456.13,173054.44,233558.3,26,4,1,0,0,215
C03184,2026-02-25,Kiambu,SME_Services,Micro_Enterprise,F,23,Tier2,374,0,Personal_Loan,71145.52,,,0.2649,18,,,662.8,3,2,0,0,4161.37,54683.25,42106.6,14,3,1,0,0,16
C03187,2026-02-25,Kisumu,Construction,Self_Employed,F,55,Tier1,312,0,Personal_Loan,232026.11,,,0.202,12,504303.89,0.4601,550.1,1,0,40,5,1118.43,3160.63,3710.23,10,5,0,0,0,12
C03188,2026-02-25,Machakos,Other,Self_Employed,M,39,Tier3,500,0,Personal_Loan,352897.53,,,0.2224,18,210268.21,1.6783,635.2,1,1,6,5,1831.25,7335.92,5726.65,25,5,0,1,0,8
C03190,2026-02-25,Nairobi,Agribusiness,Micro_Enterprise,F,58,Tier3,291,0,Personal_Loan,452002.93,,,0.2334,36,618130.74,0.7312,655.6,1,0,15,4,5223.32,51812.82,67104.33,19,7,1,0,0,20
C03192,2026-02-25,Mombasa,SME_Trade,Micro_Enterprise,F,51,Tier1,504,0,Personal_Loan,581791.89,,,0.2661,12,625045.76,0.9308,607.4,1,0,3,1,7243.2,83250.43,81228.78,21,6,2,0,0,20
C03194,2026-02-25,Kisumu,Salaried,Permanent,M,29,Tier2,382,1,SME_Loan,816173.84,,,0.1091,36,328413.5,2.4852,556.5,2,1,16,3,34115.71,129471.88,142121.7,28,6,1,1,1,161
C03197,2026-02-25,Kisumu,Salaried,Permanent,M,31,Tier2,342,1,Overdraft,156554.61,321805.96,0.4083,0.2435,0,,,563.8,1,0,0,1,3924.48,29032.92,31826.47,30,5,0,0,0,17
C03200,2026-02-25,Machakos,SME_Trade,Self_Employed,M,32,Tier2,397,0,Personal_Loan,637842.77,,,0.1807,24,16218.15,5.0,622.9,1,1,3,6,12014.33,62417.28,66468.33,13,5,2,0,0,7
C03204,2026-02-25,Nyeri,Other,Self_Employed,M,27,Tier1,490,0,Personal_Loan,350489.86,,,0.2694,24,,,567.0,1,0,4,1,19622.55,99195.77,114624.07,16,4,0,0,0,31
C03207,2026-02-25,Nyeri,Agribusiness,Micro_Enterprise,M,65,Tier2,488,0,SME_Loan,690321.66,,,0.1482,48,623935.62,1.1064,691.9,4,0,7,2,2928.44,15901.31,21471.12,19,3,0,0,0,16
C03211,2026-02-25,Kakamega,SME_Trade,Micro_Enterprise,F,64,Tier1,377,0,Credit_Card,7161.73,266469.85,0.0,0.2662,0,,,350.0,2,1,67,6,11970.37,29929.38,22620.32,16,6,1,1,0,158
C03212,2026-02-25,Kiambu,Salaried,Permanent,F,33,Tier1,392,1,Personal_Loan,490337.35,,,0.1674,24,,,688.5,1,0,7,5,20202.15,98152.29,54558.97,27,5,0,0,0,9
C03214,2026-02-25,Meru,Salaried,Permanent,F,64,Tier1,248,1,SME_Loan,554792.54,,,0.2344,36,221556.68,2.5041,554.1,4,0,5,3,46008.97,194984.83,245385.31,21,11,1,0,0,9
C03215,2026-02-25,Kiambu,Salaried,Contract,F,46,Tier2,465,1,Personal_Loan,189296.65,,,0.2626,36,654197.39,0.2894,607.2,3,0,1,1,17731.62,47605.91,41129.39,37,7,0,0,0,27
C03216,2026-02-25,Nakuru,Salaried,Permanent,F,32,Tier3,447,1,Overdraft,36529.73,433285.06,0.0872,0.223,0,160995.56,0.2269,617.6,1,2,0,0,11083.2,75358.73,74180.09,27,9,1,0,0,33
C03217,2026-02-25,Mombasa,Agribusiness,Micro_Enterprise,F,21,Tier2,508,1,Overdraft,94723.83,146420.56,0.6633,0.1704,0,0.0,5.0,576.4,1,0,0,2,4331.94,54968.53,39038.24,21,1,0,0,0,15
C03220,2026-02-25,Mombasa,Salaried,Permanent,M,40,Tier1,341,1,Personal_Loan,122951.21,,,0.2367,18,151383.19,0.8122,617.3,4,0,0,1,1748.93,11624.89,12659.94,26,5,3,0,0,6
C03223,2026-02-25,Kisumu,Hospitality,Micro_Enterprise,F,55,Tier1,471,0,Personal_Loan,450312.95,,,0.1959,12,92388.7,4.8741,655.8,2,0,0,0,9967.33,34195.68,16604.37,16,3,1,0,0,34
C03227,2026-02-25,Machakos,Salaried,Permanent,M,47,Tier1,499,1,Credit_Card,29794.48,304134.9,0.1273,0.2448,0,,,668.1,1,0,14,5,17369.14,70062.03,70050.52,21,4,0,0,0,30
C03228,2026-02-25,Kisumu,SME_Trade,Micro_Enterprise,F,38,Tier3,437,0,Personal_Loan,181304.87,,,0.1857,12,334694.18,0.5417,493.2,1,3,21,4,26117.72,174975.33,136815.28,21,6,2,1,0,220
C03229,2026-02-25,Nairobi,Salaried,Permanent,M,54,Tier1,452,1,Personal_Loan,531982.12,,,0.2331,36,491804.14,1.0817,505.8,1,0,31,3,39646.29,170745.37,198633.51,25,8,0,1,0,27
C03230,2026-02-25,Machakos,Construction,Self_Employed,M,58,Tier2,408,0,SME_Loan,885813.83,,,0.1646,24,20202.31,5.0,621.3,2,1,0,0,1095.06,80987.64,63397.43,14,4,1,0,0,23
C03233,2026-02-25,Meru,SME_Trade,Self_Employed,F,51,Tier1,533,1,Credit_Card,127273.13,233521.83,0.5198,0.2194,0,,,572.7,2,1,0,2,0.0,0.0,0.0,18,2,1,0,0,10
C03236,2026-02-25,Meru,Salaried,Contract,F,46,Tier2,425,1,Personal_Loan,259363.18,,,0.1843,12,578612.73,0.4483,714.3,1,0,1,2,14391.45,58480.54,46483.0,30,6,0,0,0,5
C03237,2026-02-25,Nyeri,Salaried,Permanent,M,37,Tier1,437,1,Personal_Loan,587782.22,,,0.29,12,,,667.3,1,1,0,0,22198.68,99603.77,71132.14,26,8,2,0,0,14
C03238,2026-02-25,Nairobi,Salaried,Permanent,F,65,Tier2,216,1,Overdraft,188542.85,161914.17,1.1499,0.3016,0,19807.71,5.0,485.5,1,0,18,4,14845.13,54096.61,47113.45,18,3,0,0,1,165
C03239,2026-02-25,Machakos,Hospitality,Self_Employed,M,60,Tier2,527,0,Overdraft,160341.49,349565.4,0.5713,0.2161,0,61645.88,2.601,447.1,2,0,41,5,27941.88,117026.06,122594.4,23,3,2,1,1,239
C03241,2026-02-25,Nairobi,Hospitality,Micro_Enterprise,F,30,Tier2,465,0,Personal_Loan,301848.65,,,0.2355,36,561378.44,0.5377,453.2,1,4,63,6,2828.14,16916.17,9749.28,24,5,1,1,0,122
C03242,2026-02-25,Kakamega,Salaried,Permanent,M,30,Tier2,403,1,Overdraft,169269.42,332476.52,0.5155,0.1911,0,0.0,5.0,658.5,2,1,0,2,8461.71,38746.83,15356.06,18,9,0,0,0,33
C03243,2026-02-25,Kisumu,Construction,Micro_Enterprise,M,61,Tier2,460,1,SME_Loan,1015894.15,,,0.2392,24,,,590.1,3,1,0,2,11175.87,71904.78,49934.99,15,6,1,0,0,16
C03244,2026-02-25,Kakamega,Salaried,Permanent,F,44,Tier3,358,1,SME_Loan,593000.38,,,0.0767,36,10980.07,5.0,666.6,2,0,0,0,13440.39,54944.57,68857.99,30,5,0,0,0,12
C03247,2026-02-25,Nairobi,Salaried,Permanent,F,55,Tier2,384,1,Personal_Loan,310611.04,,,0.2345,18,394292.85,0.7878,687.7,3,0,9,4,4465.99,103527.2,91822.01,28,4,1,1,0,158
C03248,2026-02-25,Kakamega,SME_Trade,Self_Employed,M,25,Tier2,450,0,Personal_Loan,145704.2,,,0.1767,18,290438.27,0.5017,453.2,1,0,25,6,15473.1,80264.28,102326.98,13,1,0,0,1,166
C03250,2026-02-25,Nairobi,SME_Services,Self_Employed,M,38,Tier2,489,0,Personal_Loan,86776.85,,,0.2428,12,965244.55,0.0899,640.1,1,1,0,2,4306.3,79947.92,42853.04,16,6,1,0,1,136
C03251,2026-02-25,Nairobi,SME_Trade,Self_Employed,F,36,Tier1,302,0,SME_Loan,633610.56,,,0.1981,36,119276.37,5.0,618.7,2,0,0,3,30091.88,167860.85,66715.92,24,3,1,0,0,28
C03254,2026-02-25,Uasin Gishu,Other,Micro_Enterprise,F,37,Tier2,498,1,SME_Loan,549530.14,,,0.2172,12,778344.31,0.706,581.1,2,2,2,2,660.1,10447.25,8691.28,18,4,1,0,0,25
C03256,2026-02-25,Nairobi,Salaried,Permanent,F,29,Tier2,532,1,Overdraft,59323.47,326859.04,0.1846,0.2664,0,70646.18,0.8397,573.0,1,1,0,2,59930.01,143673.75,92716.87,24,7,1,0,0,21
C03257,2026-02-25,Nakuru,Salaried,Contract,M,28,Tier3,395,1,Overdraft,10227.4,132307.55,0.0,0.2215,0,69717.98,0.1467,558.8,3,4,16,2,12128.35,63016.77,40141.96,28,8,0,0,0,11
C03259,2026-02-25,Nyeri,Agribusiness,Self_Employed,M,46,Tier1,478,0,Overdraft,156717.57,133885.09,1.0527,0.257,0,0.0,5.0,486.2,1,0,69,3,21371.04,202036.89,145516.05,15,6,1,0,0,19
C03265,2026-02-25,Mombasa,SME_Trade,Self_Employed,F,44,Tier1,476,1,Personal_Loan,182458.48,,,0.231,36,866685.47,0.2105,577.5,1,0,2,4,1562.19,20211.57,20602.94,16,6,2,0,0,10
C03267,2026-02-25,Kakamega,Other,Self_Employed,M,54,Tier2,506,0,Overdraft,268698.55,167085.19,1.462,0.2009,0,57985.04,4.6339,591.5,2,1,9,1,6604.07,66049.98,55191.92,27,2,0,0,0,27
C03269,2026-02-25,Nakuru,SME_Services,Self_Employed,M,27,Tier1,433,0,SME_Loan,845997.21,,,0.2387,36,765004.97,1.1059,653.9,1,0,2,2,0.0,0.0,0.0,8,1,3,0,0,34
C03270,2026-02-25,Nairobi,Salaried,Permanent,F,65,Tier1,501,1,Personal_Loan,444065.77,,,0.2086,24,0.0,5.0,572.8,2,0,0,0,57028.82,231287.82,166479.8,24,5,1,0,0,19
C03272,2026-02-25,Mombasa,SME_Trade,Micro_Enterprise,M,39,Tier2,401,0,SME_Loan,726075.4,,,0.1731,48,649532.55,1.1178,653.5,1,0,10,2,7477.62,84988.23,48626.56,11,1,1,0,0,8
C03274,2026-02-25,Kisumu,Salaried,Permanent,M,39,Tier2,480,1,Personal_Loan,401765.19,,,0.227,12,376194.1,1.068,539.0,2,1,6,4,14508.98,45076.0,24124.43,12,7,0,0,0,16
C03275,2026-02-25,Nairobi,SME_Services,Micro_Enterprise,M,31,Tier3,387,1,Personal_Loan,226461.22,,,0.15,12,527503.73,0.4293,666.8,1,0,0,0,8711.83,34648.63,49140.19,27,4,2,0,0,13
C03276,2026-02-25,Meru,SME_Services,Micro_Enterprise,M,62,Tier2,461,0,Personal_Loan,409120.94,,,0.258,36,361226.35,1.1326,478.9,1,0,0,0,27196.29,164569.33,123783.02,19,5,1,0,0,26
C03277,2026-02-25,Meru,Construction,Self_Employed,F,24,Tier1,508,0,Overdraft,137371.39,109024.8,1.4256,0.2868,0,87245.42,1.5745,510.4,4,2,29,6,5058.12,103864.89,85493.69,24,2,1,0,1,196
C03280,2026-02-25,Nairobi,SME_Trade,Self_Employed,F,53,Tier3,502,0,Personal_Loan,370171.91,,,0.2328,12,992531.98,0.373,646.7,1,1,12,4,3092.02,22278.69,23801.78,24,4,2,0,0,12
C03284,2026-02-25,Kakamega,Salaried,Contract,M,25,Tier3,422,1,Personal_Loan,286850.27,,,0.2605,12,679472.16,0.4222,686.5,1,2,0,5,12102.33,43704.31,30256.55,39,6,0,0,0,30
C03288,2026-02-25,Nyeri,SME_Trade,Self_Employed,F,30,Tier1,524,1,Personal_Loan,332484.19,,,0.305,18,697746.42,0.4765,689.5,1,2,0,0,5007.88,82423.79,98322.79,14,6,2,0,0,16
C03291,2026-02-25,Nairobi,Salaried,Permanent,F,39,Tier2,447,1,Personal_Loan,196783.03,,,0.2811,12,39040.69,5.0,575.2,1,0,10,2,0.0,0.0,0.0,26,7,1,0,0,5
C03292,2026-02-25,Nairobi,Transport,Self_Employed,F,41,Tier2,436,0,Personal_Loan,273332.35,,,0.2441,18,308391.88,0.8863,617.1,1,1,17,5,23.23,9308.64,7497.36,19,1,0,1,0,195
C03295,2026-02-25,Mombasa,Salaried,Contract,F,29,Tier2,535,1,Personal_Loan,181698.46,,,0.2404,24,810847.54,0.2241,572.1,1,1,21,3,0.0,204244.01,183761.93,29,4,0,1,0,17
C03299,2026-02-25,Machakos,SME_Trade,Micro_Enterprise,F,45,Tier2,389,0,Overdraft,280392.84,380685.06,0.7584,0.1977,0,200352.85,1.3995,693.1,2,0,0,0,35256.77,160972.57,131810.74,17,5,0,1,0,26
C03301,2026-02-25,Uasin Gishu,SME_Trade,Micro_Enterprise,F,49,Tier2,344,0,SME_Loan,591327.46,,,0.0731,36,354004.76,1.6704,504.6,3,0,17,3,1138.18,14412.23,13655.28,16,5,0,0,0,10
C03303,2026-02-25,Machakos,Salaried,Permanent,M,48,Tier2,482,1,Overdraft,92038.16,525843.73,0.2085,0.2113,0,121492.25,0.7576,684.2,1,1,0,0,5775.44,167749.98,144613.67,29,5,2,0,0,24
C03311,2026-02-25,Mombasa,Salaried,Permanent,F,44,Tier2,411,1,SME_Loan,801795.97,,,0.1473,24,91966.87,5.0,643.2,2,1,27,2,17170.96,72599.76,75283.34,25,6,0,0,0,14
C03312,2026-02-25,Nairobi,Agribusiness,Micro_Enterprise,F,39,Tier3,430,0,SME_Loan,1272818.81,,,0.2266,12,431107.2,2.9524,506.8,2,3,19,6,0.0,175295.92,101430.72,21,5,4,0,0,5
C03314,2026-02-25,Nairobi,Transport,Micro_Enterprise,F,31,Tier3,487,1,SME_Loan,476137.69,,,0.1882,36,0.0,5.0,598.9,5,1,0,0,4220.89,18211.6,19614.73,24,3,1,0,0,7
C03315,2026-02-25,Kisumu,Salaried,Permanent,M,39,Tier2,466,1,Overdraft,274151.33,79376.72,1.8,0.1575,0,135738.11,2.0197,675.9,2,1,2,2,7839.12,47617.22,37267.0,33,2,1,1,1,189
C03316,2026-02-25,Mombasa,SME_Trade,Micro_Enterprise,M,59,Tier2,525,0,Credit_Card,0.0,114419.69,0.0028,0.217,0,,,505.8,3,0,8,5,29339.54,135921.29,149422.79,19,6,4,0,0,31
C03319,2026-02-25,Kiambu,Salaried,Permanent,F,32,Tier3,489,1,Personal_Loan,0.0,,,0.2273,18,685765.64,0.05,734.6,3,2,12,6,26086.4,129647.35,107303.0,30,11,1,0,0,21
C03322,2026-02-25,Nyeri,Salaried,Contract,F,28,Tier3,424,1,SME_Loan,890535.54,,,0.1753,36,752800.86,1.183,605.5,3,0,8,2,0.0,0.0,0.0,39,5,1,0,0,21
C03323,2026-02-25,Machakos,Salaried,Permanent,F,56,Tier3,483,1,Overdraft,0.0,205345.15,0.0,0.234,0,,,609.8,1,0,1,0,6313.71,111969.08,83641.87,31,7,0,0,0,5
C03327,2026-02-25,Nairobi,SME_Trade,Micro_Enterprise,M,28,Tier2,320,0,SME_Loan,747442.62,,,0.1502,48,,,614.4,2,0,5,5,24247.61,104002.89,63607.02,16,2,2,0,0,14
C03328,2026-02-25,Nairobi,Other,Self_Employed,F,30,Tier2,516,0,Personal_Loan,410066.32,,,0.1815,18,515529.07,0.7954,637.6,1,0,11,4,10260.27,65638.63,87821.62,24,2,2,0,0,31
C03330,2026-02-25,Nairobi,SME_Trade,Self_Employed,M,62,Tier2,289,1,Personal_Loan,105605.04,,,0.217,36,131726.87,0.8017,696.7,1,0,18,5,1441.28,30749.3,35893.55,23,4,1,0,0,9
C03332,2026-02-25,Mombasa,Construction,Self_Employed,M,59,Tier1,405,0,Personal_Loan,329542.34,,,0.1896,12,198685.67,1.6586,477.7,1,2,27,5,1931.8,20448.26,24460.28,15,3,3,0,0,29
C03334,2026-02-25,Nairobi,SME_Services,Self_Employed,F,59,Tier1,462,0,Overdraft,135006.71,267229.93,0.5604,0.2178,0,101336.36,1.3323,689.9,3,3,0,1,4954.4,37998.16,41064.47,10,2,1,0,0,33
C03336,2026-02-25,Mombasa,Agribusiness,Micro_Enterprise,F,31,Tier2,428,0,Overdraft,311939.34,325709.14,0.8562,0.2758,0,0.0,5.0,692.3,1,1,2,2,8739.7,46273.91,63555.46,13,4,3,0,0,9
C03337,2026-02-25,Nairobi,SME_Services,Self_Employed,M,44,Tier2,493,0,SME_Loan,698413.01,,,0.2468,36,635306.37,1.0993,663.4,2,0,0,0,13711.6,63810.92,35372.35,22,4,1,0,0,24
C03338,2026-02-25,Kisumu,Salaried,Permanent,F,23,Tier2,445,1,Credit_Card,23726.81,87985.96,0.3561,0.2689,0,,,684.9,1,1,0,0,15433.69,97280.16,76592.23,25,3,1,0,0,15
C03339,2026-02-25,Nakuru,Salaried,Permanent,M,59,Tier2,495,1,SME_Loan,797238.56,,,0.1544,36,0.0,5.0,568.1,2,2,4,2,3210.29,19129.76,14285.76,36,9,0,0,0,15
C03340,2026-02-25,Uasin Gishu,SME_Services,Micro_Enterprise,F,60,Tier2,472,1,Personal_Loan,260122.8,,,0.283,18,716728.64,0.3629,595.3,2,0,24,2,2429.73,57600.57,49252.01,10,5,0,0,0,12
C03341,2026-02-25,Nakuru,SME_Trade,Self_Employed,F,45,Tier3,486,0,Personal_Loan,262123.4,,,0.2436,18,771197.47,0.3399,515.0,1,0,1,6,14766.64,68587.08,47626.25,17,2,1,0,0,11
C03342,2026-02-25,Nairobi,Salaried,Permanent,M,34,Tier2,403,1,Credit_Card,15629.45,253756.44,0.0,0.2312,0,,,683.6,1,0,0,0,11024.3,147367.32,125674.68,31,10,0,0,0,12
C03347,2026-02-25,Kiambu,SME_Trade,Self_Employed,M,48,Tier2,423,0,Overdraft,184799.98,50000.0,1.8,0.1561,0,,,665.3,1,0,1,1,4248.39,28839.45,23132.15,13,9,1,0,0,9
C03348,2026-02-25,Kiambu,Salaried,Permanent,M,26,Tier2,408,1,SME_Loan,861651.38,,,0.1774,48,425895.92,2.0232,619.0,4,0,1,2,0.0,0.0,0.0,28,7,2,0,0,8
C03349,2026-02-25,Kisumu,Construction,Micro_Enterprise,M,26,Tier1,316,1,Personal_Loan,418720.44,,,0.2623,24,386992.01,1.082,663.2,1,2,27,3,45011.15,146819.2,123483.95,29,3,3,0,0,31
C03351,2026-02-25,Nakuru,Salaried,Permanent,M,28,Tier1,286,1,SME_Loan,1108677.84,,,0.1242,36,510524.55,2.1716,650.1,2,1,25,2,56055.12,170102.47,79843.8,28,3,0,0,0,27
C03352,2026-02-25,Nairobi,SME_Trade,Self_Employed,F,63,Tier2,530,1,Personal_Loan,398289.7,,,0.21,12,114251.21,3.4861,734.1,1,4,0,0,478.32,9027.04,7403.9,20,6,1,0,0,26
C03353,2026-02-25,Nairobi,SME_Trade,Micro_Enterprise,F,25,Tier2,350,1,Overdraft,25195.35,202236.77,0.0,0.1973,0,31079.16,0.8107,657.9,1,1,27,6,28422.67,202024.39,237770.36,19,2,2,0,0,22
C03354,2026-02-25,Nyeri,SME_Services,Self_Employed,M,53,Tier2,475,0,Credit_Card,114736.25,70975.67,1.4745,0.2498,0,,,480.2,2,0,9,1,2258.37,50740.33,37181.42,20,3,0,0,0,19
C03358,2026-02-25,Machakos,Salaried,Permanent,F,60,Tier2,478,1,SME_Loan,565310.17,,,0.2119,36,0.0,5.0,724.8,2,1,0,0,14007.49,77873.98,87267.67,29,5,1,0,0,13
C03365,2026-02-25,Nairobi,SME_Services,Micro_Enterprise,F,28,Tier1,471,0,Personal_Loan,69925.53,,,0.1995,24,179211.84,0.3902,630.1,1,2,0,0,4146.12,43444.1,42319.85,24,0,0,0,0,27
C03366,2026-02-25,Uasin Gishu,Salaried,Permanent,M,54,Tier1,518,1,SME_Loan,681523.47,,,0.2672,36,554572.72,1.2289,663.1,2,0,7,3,4515.88,57203.03,76168.62,21,9,2,0,0,14
C03369,2026-02-25,Nairobi,Salaried,Permanent,F,40,Tier2,426,1,SME_Loan,340127.55,,,0.1992,36,736315.02,0.4619,505.8,2,1,25,6,36523.15,124184.03,112922.27,28,8,2,0,0,30
C03371,2026-02-25,Kakamega,SME_Trade,Micro_Enterprise,M,65,Tier2,435,0,Personal_Loan,144286.48,,,0.1914,24,718326.1,0.2009,711.6,2,1,0,2,14310.63,67815.71,44855.96,23,1,0,0,0,20
C03372,2026-02-25,Uasin Gishu,Agribusiness,Self_Employed,F,31,Tier1,500,1,Personal_Loan,211277.64,,,0.1571,12,508439.99,0.4155,575.1,1,0,18,4,0.0,129208.87,120580.54,13,3,2,0,0,30
C03373,2026-02-25,Nairobi,Salaried,Permanent,F,34,Tier3,538,1,Personal_Loan,377582.09,,,0.2071,24,573461.46,0.6584,694.0,1,3,8,3,15018.35,106062.53,55090.35,34,2,1,0,0,19
C03375,2026-02-25,Mombasa,Other,Self_Employed,M,51,Tier1,533,0,Overdraft,22759.49,400452.87,0.0467,0.2114,0,0.0,5.0,541.6,2,0,15,3,31714.3,197025.99,129752.44,17,3,2,0,0,16
C03377,2026-02-25,Mombasa,Salaried,Permanent,F,43,Tier1,513,1,Overdraft,59774.74,281117.63,0.3122,0.2257,0,0.0,5.0,636.8,1,1,0,0,6089.59,108178.58,99853.13,26,4,2,1,0,132
C03378,2026-02-25,Kakamega,SME_Services,Micro_Enterprise,F,47,Tier2,401,1,Credit_Card,55989.37,238442.54,0.2699,0.32,0,,,622.2,3,0,0,0,5311.99,32611.59,25698.54,14,6,0,1,1,224
C03379,2026-02-25,Kisumu,Salaried,Permanent,M,59,Tier2,494,1,Personal_Loan,428351.94,,,0.2209,12,153138.37,2.7972,622.2,1,3,0,2,26303.74,102644.55,86577.55,24,7,0,0,0,24
C03380,2026-02-25,Meru,Construction,Self_Employed,M,38,Tier2,394,0,Overdraft,116480.89,348730.97,0.3111,0.203,0,188490.22,0.618,687.7,1,0,0,0,4435.21,24831.9,20842.06,15,3,1,0,0,24
C03381,2026-02-25,Nakuru,SME_Trade,Micro_Enterprise,F,58,Tier2,498,0,Personal_Loan,223562.52,,,0.2319,18,537042.2,0.4163,624.8,1,0,20,5,13935.68,146361.31,137836.63,19,3,1,0,0,6
C03384,2026-02-25,Uasin Gishu,Transport,Micro_Enterprise,M,62,Tier2,492,0,Personal_Loan,33533.93,,,0.2644,18,,,568.1,2,0,0,0,9518.17,43886.69,26213.55,12,3,1,0,0,20
C03385,2026-02-25,Nairobi,Construction,Micro_Enterprise,M,56,Tier1,439,1,SME_Loan,474049.05,,,0.2215,36,174827.42,2.7115,668.6,1,0,6,1,9935.92,46937.73,51971.33,14,3,1,0,0,19
C03386,2026-02-25,Kisumu,SME_Trade,Micro_Enterprise,M,32,Tier2,415,1,Overdraft,74994.21,196485.16,0.3303,0.2485,0,90039.51,0.8329,724.2,1,1,6,2,1937.79,18641.66,14957.08,19,1,3,0,0,10
C03395,2026-02-25,Mombasa,SME_Trade,Micro_Enterprise,F,36,Tier2,422,0,SME_Loan,711611.15,,,0.1241,24,1035983.66,0.6869,570.9,2,2,23,2,848.13,5815.82,6979.56,22,5,1,0,0,12
C03398,2026-02-25,Nairobi,Agribusiness,Micro_Enterprise,M,64,Tier3,376,1,Credit_Card,156025.26,314509.89,0.456,0.3259,0,,,533.8,2,0,18,2,0.0,0.0,0.0,15,7,3,0,0,31
C03400,2026-02-25,Kiambu,SME_Services,Self_Employed,F,53,Tier1,430,1,Personal_Loan,219482.99,,,0.1852,24,556291.64,0.3945,684.1,1,1,15,6,11697.63,55842.39,51360.42,17,4,0,1,0,180
C03401,2026-02-25,Mombasa,Salaried,Permanent,M,57,Tier2,526,1,Personal_Loan,0.0,,,0.308,18,448223.32,0.05,683.8,1,1,0,1,15857.27,57454.69,35979.39,21,7,1,0,0,32
C03403,2026-02-25,Nyeri,Transport,Micro_Enterprise,M,28,Tier1,425,0,Overdraft,27866.69,279667.93,0.0309,0.2073,0,240236.47,0.116,659.9,1,0,3,2,18838.84,145115.69,140818.53,18,4,0,0,0,14
C03405,2026-02-25,Mombasa,Agribusiness,Self_Employed,F,38,Tier3,507,1,Overdraft,92242.08,310239.73,0.2678,0.2698,0,16736.33,5.0,613.8,1,1,1,3,1129.13,22290.34,12133.89,25,3,0,0,0,22
C03408,2026-02-25,Nakuru,Agribusiness,Micro_Enterprise,M,49,Tier2,401,0,Personal_Loan,321084.95,,,0.1632,18,46835.86,5.0,675.1,2,0,1,2,14186.21,79053.23,48658.3,18,6,2,0,0,29
C03409,2026-02-25,Nakuru,Salaried,Permanent,F,50,Tier1,531,1,Overdraft,158982.16,382527.09,0.3405,0.2702,0,74503.34,2.1339,736.1,1,0,8,1,17841.99,93247.27,115096.57,30,5,0,0,0,24
C03413,2026-02-25,Nyeri,Salaried,Contract,F,30,Tier2,434,1,SME_Loan,645441.88,,,0.1835,36,581747.56,1.1095,658.9,1,1,0,2,0.0,119458.05,109813.91,24,6,2,0,0,29
C03414,2026-02-25,Kakamega,Agribusiness,Micro_Enterprise,F,25,Tier1,434,0,Credit_Card,150320.09,170590.02,0.9292,0.3365,0,,,658.1,1,0,0,2,943.14,99295.72,116723.93,22,2,2,0,0,19
C03415,2026-02-25,Nairobi,Salaried,Permanent,M,47,Tier2,396,1,Personal_Loan,298207.9,,,0.234,12,870526.11,0.3426,535.8,1,2,10,3,41219.8,156980.24,209817.09,30,6,1,1,0,146
C03421,2026-02-25,Nairobi,SME_Trade,Micro_Enterprise,M,44,Tier2,390,1,Personal_Loan,300140.23,,,0.2468,24,561072.24,0.5349,603.6,1,1,0,1,46696.1,154131.33,151566.79,16,6,4,0,0,28
C03423,2026-02-25,Nyeri,Salaried,Permanent,M,48,Tier2,295,1,Personal_Loan,480918.54,,,0.1986,36,420872.44,1.1427,596.2,1,1,0,0,0.0,0.0,0.0,20,7,2,0,0,27
C03427,2026-02-25,Machakos,SME_Trade,Micro_Enterprise,F,42,Tier2,501,0,Personal_Loan,280245.33,,,0.1882,12,,,671.2,1,2,5,6,611.8,134352.58,158419.87,21,5,0,0,0,34
C03432,2026-02-25,Uasin Gishu,Transport,Self_Employed,F,55,Tier2,496,0,SME_Loan,558025.96,,,0.1566,24,,,745.1,2,0,1,3,132.1,5530.93,5519.32,24,7,1,0,0,23
C03433,2026-02-25,Machakos,Hospitality,Self_Employed,F,30,Tier1,432,0,Personal_Loan,309024.69,,,0.2185,18,642769.77,0.4808,666.9,1,1,0,0,0.0,0.0,0.0,20,7,2,0,0,34
C03434,2026-02-25,Meru,SME_Services,Micro_Enterprise,M,36,Tier2,494,0,Personal_Loan,352660.16,,,0.1531,12,22761.89,5.0,491.0,3,0,8,4,0.0,138182.63,114476.73,15,4,1,0,0,32
C03439,2026-02-25,Nairobi,Salaried,Permanent,M,63,Tier2,457,1,Personal_Loan,445800.13,,,0.1364,18,628566.88,0.7092,669.9,1,0,0,0,51930.81,175402.94,182870.33,22,9,0,0,0,7
C03441,2026-02-25,Nakuru,SME_Services,Self_Employed,M,63,Tier3,480,0,SME_Loan,339600.61,,,0.2821,24,282715.09,1.2012,571.8,2,2,1,2,0.0,44323.35,49983.03,25,0,0,0,0,32
C03444,2026-02-25,Nairobi,SME_Trade,Micro_Enterprise,M,30,Tier3,352,0,SME_Loan,530147.76,,,0.2382,24,532937.53,0.9948,602.4,1,0,4,4,0.0,0.0,0.0,29,4,2,0,0,34
C03445,2026-02-25,Machakos,Salaried,Contract,M,62,Tier3,341,1,Personal_Loan,486274.13,,,0.2621,24,285379.72,1.704,668.5,1,3,0,0,42278.48,149412.82,99929.04,30,8,0,0,0,10
C03447,2026-02-25,Nairobi,Salaried,Contract,F,35,Tier1,422,1,SME_Loan,178272.75,,,0.3117,12,356757.33,0.4997,522.1,4,0,9,1,38256.17,178747.13,181055.95,31,8,0,0,0,25
C03449,2026-02-25,Nairobi,SME_Trade,Micro_Enterprise,M,48,Tier2,464,0,Personal_Loan,439342.42,,,0.2148,36,172222.3,2.551,585.8,1,1,1,6,9638.28,86439.56,65799.09,17,4,3,1,0,32
C03451,2026-02-25,Nairobi,Construction,Micro_Enterprise,F,42,Tier2,463,0,Personal_Loan,195472.04,,,0.1765,36,1070019.47,0.1827,525.3,1,3,28,4,8202.57,67780.32,50824.59,13,1,1,0,0,204
C03452,2026-02-25,Nakuru,Agribusiness,Micro_Enterprise,F,23,Tier2,457,1,Overdraft,22048.38,203789.52,0.1012,0.2193,0,186773.32,0.118,647.2,2,4,0,0,11074.83,67363.75,94877.2,19,2,0,0,0,19
C03453,2026-02-25,Nairobi,SME_Services,Self_Employed,F,41,Tier2,415,0,Personal_Loan,186682.51,,,0.2533,18,306998.3,0.6081,635.0,2,1,9,3,6844.4,34392.25,30094.27,20,5,3,0,0,32
C03455,2026-02-25,Kisumu,SME_Trade,Micro_Enterprise,F,57,Tier2,442,0,Personal_Loan,226165.47,,,0.1983,18,463924.57,0.4875,609.1,1,2,29,5,2722.22,14925.6,22289.38,19,4,1,0,0,29
C03457,2026-02-25,Nairobi,SME_Trade,Micro_Enterprise,F,54,Tier1,284,0,Overdraft,30050.14,212371.02,0.1655,0.2399,0,14935.29,2.012,703.6,1,3,7,2,15015.83,203830.92,123009.99,20,1,0,0,0,131
C03459,2026-02-25,Nairobi,Salaried,Permanent,F,58,Tier2,480,1,Overdraft,213006.22,227814.16,1.003,0.2384,0,105903.84,2.0113,559.1,1,0,0,0,22661.4,173524.38,112433.27,30,10,1,0,0,34
C03462,2026-02-25,Nairobi,Salaried,Permanent,F,63,Tier1,480,1,Personal_Loan,47740.21,,,0.2523,36,471501.87,0.1013,825.4,1,2,0,0,11622.87,90107.98,63805.16,26,4,1,0,0,11
C03467,2026-02-25,Nairobi,SME_Trade,Self_Employed,F,45,Tier3,473,0,Personal_Loan,335764.76,,,0.2691,18,122869.35,2.7327,633.7,1,1,34,4,0.0,0.0,0.0,19,6,0,0,0,24
C03468,2026-02-25,Nairobi,Salaried,Contract,F,32,Tier2,392,1,SME_Loan,1097143.55,,,0.2281,24,0.0,5.0,599.5,1,2,10,5,15641.19,116248.6,80039.35,17,3,1,0,0,6
C03470,2026-02-25,Nairobi,Agribusiness,Micro_Enterprise,F,59,Tier2,437,0,Personal_Loan,568802.85,,,0.2829,24,0.0,5.0,692.5,2,0,0,0,1069.8,3664.38,2543.46,18,7,1,0,0,14
C03471,2026-02-25,Machakos,Agribusiness,Micro_Enterprise,F,31,Tier1,452,0,SME_Loan,0.0,,,0.2157,36,199356.23,0.05,740.2,1,0,1,3,10.83,194.83,168.57,21,4,1,0,0,10
C03476,2026-02-25,Kakamega,Salaried,Permanent,F,30,Tier2,450,1,Personal_Loan,201975.34,,,0.1508,36,,,656.1,2,2,15,6,21085.91,102905.57,93779.37,32,4,1,0,0,32
C03477,2026-02-25,Nyeri,Salaried,Permanent,F,45,Tier1,268,1,Personal_Loan,359520.34,,,0.179,18,202540.12,1.7751,528.2,3,0,1,0,32898.49,149662.34,186555.49,31,6,2,0,0,32
C03480,2026-02-25,Mombasa,SME_Services,Micro_Enterprise,F,56,Tier1,437,0,Overdraft,264634.51,50000.0,1.8,0.2482,0,144301.82,1.8339,761.3,1,1,10,2,0.0,71905.21,72427.41,21,9,1,1,0,200
C03481,2026-02-25,Nairobi,SME_Trade,Self_Employed,M,56,Tier2,264,0,SME_Loan,318333.75,,,0.1173,24,147773.18,2.1542,520.5,1,0,18,3,9545.41,49870.68,67043.55,15,4,0,1,0,190
C03482,2026-02-25,Nakuru,Hospitality,Self_Employed,M,32,Tier2,419,0,SME_Loan,704601.65,,,0.1858,24,564982.42,1.2471,662.9,4,0,0,0,0.0,7257.18,6668.2,21,1,0,0,0,11
C03483,2026-02-25,Mombasa,Salaried,Permanent,F,56,Tier2,433,1,SME_Loan,485464.5,,,0.1611,48,0.0,5.0,649.3,1,0,16,6,16794.96,55106.86,65396.07,27,8,0,0,0,22
C03488,2026-02-25,Mombasa,Salaried,Contract,F,64,Tier1,398,1,Personal_Loan,185015.36,,,0.2734,24,345814.78,0.535,658.5,1,1,15,6,8179.32,41850.99,40206.17,28,4,1,0,0,13
C03489,2026-02-25,Machakos,Other,Self_Employed,F,40,Tier2,469,0,Personal_Loan,245288.0,,,0.2307,18,430373.84,0.5699,443.2,2,0,22,6,12661.41,77287.14,78975.46,16,2,0,0,0,19
C03490,2026-02-25,Uasin Gishu,Agribusiness,Self_Employed,M,52,Tier2,437,0,Overdraft,260571.88,336095.09,0.7364,0.2936,0,,,659.7,2,2,1,1,17156.97,76258.13,62089.93,21,4,4,0,0,12
C03493,2026-02-25,Nairobi,SME_Trade,Micro_Enterprise,F,37,Tier2,408,0,Credit_Card,62985.24,244619.23,0.2114,0.1909,0,,,596.3,1,2,0,1,0.0,127910.6,147980.97,16,2,2,0,0,7
C03499,2026-02-25,Machakos,SME_Trade,Self_Employed,F,26,Tier2,479,1,Personal_Loan,280056.57,,,0.1926,12,72940.3,3.8395,510.3,3,1,33,6,23531.97,88065.24,91203.03,11,6,2,0,0,22
C03500,2026-02-25,Nakuru,SME_Trade,Self_Employed,M,41,Tier1,154,0,Personal_Loan,515574.38,,,0.1909,12,,,576.1,1,2,1,1,5660.01,50659.17,49631.13,16,4,1,0,0,24
