customer_id,snapshot_date,pred_default_next_90d
C00036,2025-01-01,0.3157686213393755
C00044,2025-01-01,0.2294976239839106
C00057,2025-01-01,0.2620358240159272
C00139,2025-01-01,0.30858009581272483
C00150,2025-01-01,0.26060704139354246
C00160,2025-01-01,0.3712811578077091
C00244,2025-01-01,0.4089688411480426
C00276,2025-01-01,0.3368766694886904
C00291,2025-01-01,0.6326420459142614
C00297,2025-01-01,0.3922010117291019
C00300,2025-01-01,0.2578622846200572
C00307,2025-01-01,0.30863144970563394
C00324,2025-01-01,0.2467876337768607
C00331,2025-01-01,0.5197446457374177
C00345,2025-01-01,0.24223118069591504
C00376,2025-01-01,0.4795485763936452
C00421,2025-01-01,0.44810812405484607
C00436,2025-01-01,0.48444441653232057
C00494,2025-01-01,0.5524234816118285
C00505,2025-01-01,0.22273938364974036
C00529,2025-01-01,0.28458080017852927
C00581,2025-01-01,0.33425424602403947
C00640,2025-01-01,0.3055152519101191
C00656,2025-01-01,0.6994150353495961
C00662,2025-01-01,0.6400813023331202
C00742,2025-01-01,0.3752071240486981
C00791,2025-01-01,0.8099470641437442
C00811,2025-01-01,0.715664795417366
C00817,2025-01-01,0.38320770152046807
C00828,2025-01-01,0.2585104886524727
C00831,2025-01-01,0.36703873894145006
C00842,2025-01-01,0.2225116705987196
C00873,2025-01-01,0.374695051379673
C00888,2025-01-01,0.6554279661064848
C00938,2025-01-01,0.4111046821092006
C00952,2025-01-01,0.5179960073765827
C00967,2025-01-01,0.39519051904021707
C00973,2025-01-01,0.287656172920651
C00990,2025-01-01,0.2241421445522744
C01026,2025-01-01,0.18355340833689346
C01030,2025-01-01,0.43296034909868997
C01033,2025-01-01,0.27266449751634747
C01045,2025-01-01,0.37949736288304026
C01103,2025-01-01,0.3477157555803268
C01181,2025-01-01,0.541669618188325
C01209,2025-01-01,0.47158781208667766
C01240,2025-01-01,0.3392423792129519
C01256,2025-01-01,0.2534459648262302
C01283,2025-01-01,0.47674817338170533
C01296,2025-01-01,0.21497012383916092
C01330,2025-01-01,0.5159928753986929
C01423,2025-01-01,0.400356134407912
C01480,2025-01-01,0.3675656978219166
C01485,2025-01-01,0.34799449892916695
C01512,2025-01-01,0.5606052440810763
C01517,2025-01-01,0.3517053478941674
C01525,2025-01-01,0.4068065471581935
C01536,2025-01-01,0.1661934207266558
C01591,2025-01-01,0.4988769551251212
C01593,2025-01-01,0.29646995450649477
C01604,2025-01-01,0.5249175438064605
C01622,2025-01-01,0.24163430546191755
C01629,2025-01-01,0.3856774859517102
C01633,2025-01-01,0.2233703661235761
C01702,2025-01-01,0.3176172820968114
C01732,2025-01-01,0.30579702975999157
C01781,2025-01-01,0.434163342591747
C01789,2025-01-01,0.5269474087624598
C01790,2025-01-01,0.22937101099572885
C01792,2025-01-01,0.6517679485589005
C01853,2025-01-01,0.5673798962077978
C01947,2025-01-01,0.3906826555659796
C01963,2025-01-01,0.3462026784521165
C01973,2025-01-01,0.24207352894834497
C01980,2025-01-01,0.44597765197167016
C02006,2025-01-01,0.8694385140978493
C02016,2025-01-01,0.3859865374852376
C02042,2025-01-01,0.28997053264117456
C02108,2025-01-01,0.29864033138516216
C02147,2025-01-01,0.29969698845797815
C02167,2025-01-01,0.2563346602459463
C02217,2025-01-01,0.2736139954948082
C02242,2025-01-01,0.4220370904732753
C02254,2025-01-01,0.5288750112421503
C02281,2025-01-01,0.3871407556597168
C02296,2025-01-01,0.4570744822460996
C02301,2025-01-01,0.25164188091119377
C02316,2025-01-01,0.41017306274179305
C02398,2025-01-01,0.3509296770634959
C02413,2025-01-01,0.7141672061294604
C02440,2025-01-01,0.24144340538685577
C02448,2025-01-01,0.32992871963670606
C02463,2025-01-01,0.16422498948437197
C02501,2025-01-01,0.615195835655287
C02548,2025-01-01,0.33920674038445664
C02563,2025-01-01,0.28937137853994205
C02572,2025-01-01,0.2953663541093313
C02581,2025-01-01,0.5890749687234693
C02600,2025-01-01,0.5800768083287029
C02628,2025-01-01,0.3209823426241558
C02696,2025-01-01,0.2524361856956425
C02714,2025-01-01,0.6394115481703779
C02733,2025-01-01,0.3450379820153233
C02734,2025-01-01,0.45649652512242905
C02747,2025-01-01,0.49709918310329526
C02774,2025-01-01,0.2100356636742706
C02788,2025-01-01,0.28734285910703333
C02936,2025-01-01,0.33516961243945353
C02944,2025-01-01,0.35659691046902103
C02950,2025-01-01,0.1773587523532658
C02997,2025-01-01,0.28122108331440515
C03002,2025-01-01,0.29054066413468044
C03052,2025-01-01,0.5450618102424969
C03088,2025-01-01,0.37823168238659766
C03163,2025-01-01,0.4198491027043183
C03185,2025-01-01,0.4278088463303436
C03239,2025-01-01,0.6027564329052223
C03248,2025-01-01,0.6993501091118095
C03255,2025-01-01,0.299276425187626
C03344,2025-01-01,0.5591054701262967
C03355,2025-01-01,0.4906829698384201
C03358,2025-01-01,0.19134512890843047
C03376,2025-01-01,0.3690049312658894
C03433,2025-01-01,0.24442692432812102
C03454,2025-01-01,0.4121905293007574
C00051,2025-01-31,0.3957018903243522
C00057,2025-01-31,0.24015651566880292
C00116,2025-01-31,0.26141660466512634
C00132,2025-01-31,0.41319835991904996
C00145,2025-01-31,0.27303681800610446
C00150,2025-01-31,0.1892575164247878
C00160,2025-01-31,0.280372449950047
C00189,2025-01-31,0.5193031404541911
C00244,2025-01-31,0.34017550247916156
C00276,2025-01-31,0.3239796357803638
C00285,2025-01-31,0.42215258986401155
C00291,2025-01-31,0.513539367335865
C00300,2025-01-31,0.23197841721484452
C00305,2025-01-31,0.27487205349965776
C00308,2025-01-31,0.3866231955428902
C00311,2025-01-31,0.6157906172404993
C00321,2025-01-31,0.36169592352105034
C00324,2025-01-31,0.26728708571022597
C00367,2025-01-31,0.20313087364442223
C00397,2025-01-31,0.3664578420144589
C00424,2025-01-31,0.22578296262900674
C00544,2025-01-31,0.35652755685562143
C00569,2025-01-31,0.2999239214872624
C00600,2025-01-31,0.4248794630180596
C00728,2025-01-31,0.5960497709885857
C00733,2025-01-31,0.5988386118396121
C00791,2025-01-31,0.798665926421686
C00817,2025-01-31,0.358533557145268
C00839,2025-01-31,0.25989294052894035
C00842,2025-01-31,0.21244885411139552
C00952,2025-01-31,0.5517604809253418
C00973,2025-01-31,0.27907920537355685
C00975,2025-01-31,0.2516553287809671
C00990,2025-01-31,0.26699068638153245
C01026,2025-01-31,0.15573493325367138
C01038,2025-01-31,0.3231283416915015
C01075,2025-01-31,0.5499826425006313
C01143,2025-01-31,0.44748586741334395
C01148,2025-01-31,0.3519031808702606
C01152,2025-01-31,0.3910567337893121
C01181,2025-01-31,0.6904686132346461
C01182,2025-01-31,0.18844620925963684
C01209,2025-01-31,0.5542644318261546
C01246,2025-01-31,0.3807320905331641
C01326,2025-01-31,0.6802845866379479
C01330,2025-01-31,0.5863441953125276
C01355,2025-01-31,0.2996761016364145
C01415,2025-01-31,0.3544478604898818
C01423,2025-01-31,0.3982033115212759
C01433,2025-01-31,0.5631702719432485
C01456,2025-01-31,0.4330184955998114
C01472,2025-01-31,0.5961340060789848
C01517,2025-01-31,0.29276939944074293
C01538,2025-01-31,0.4288601764328018
C01591,2025-01-31,0.6636218770865129
C01604,2025-01-31,0.5541059295556305
C01614,2025-01-31,0.40798105563665366
C01627,2025-01-31,0.3887074172566042
C01629,2025-01-31,0.43118112176881074
C01633,2025-01-31,0.25936719027486216
C01702,2025-01-31,0.31928593535256955
C01732,2025-01-31,0.282295846573482
C01780,2025-01-31,0.20275190979024765
C01781,2025-01-31,0.3936146037214278
C01790,2025-01-31,0.21510984724528381
C01792,2025-01-31,0.7471705336697959
C01832,2025-01-31,0.25810280875375774
C01947,2025-01-31,0.41279366418899355
C01972,2025-01-31,0.36387955858627413
C01973,2025-01-31,0.29409544070971566
C02032,2025-01-31,0.3059537904705552
C02108,2025-01-31,0.28458920731322374
C02121,2025-01-31,0.3423599989955738
C02135,2025-01-31,0.4949814821274597
C02136,2025-01-31,0.4890375664965645
C02262,2025-01-31,0.5139773886560564
C02281,2025-01-31,0.4061480712648748
C02316,2025-01-31,0.29779968441248533
C02346,2025-01-31,0.7078578190243612
C02350,2025-01-31,0.5423247596250954
C02377,2025-01-31,0.4794382358985793
C02398,2025-01-31,0.35478443377504315
C02448,2025-01-31,0.3600192529649948
C02462,2025-01-31,0.5593829860317218
C02463,2025-01-31,0.16351098654091903
C02491,2025-01-31,0.3951159245765527
C02521,2025-01-31,0.598685752589444
C02563,2025-01-31,0.31585081568786866
C02581,2025-01-31,0.6090401560390016
C02600,2025-01-31,0.6493423653241851
C02635,2025-01-31,0.38076006806056834
C02696,2025-01-31,0.2920997887776296
C02714,2025-01-31,0.8112572615873196
C02747,2025-01-31,0.3939621098960618
C02774,2025-01-31,0.31818242153561094
C02804,2025-01-31,0.25823708328260264
C02806,2025-01-31,0.791979832256895
C02878,2025-01-31,0.5128140663605938
C02936,2025-01-31,0.32426442081274043
C02950,2025-01-31,0.2360318966509012
C02982,2025-01-31,0.2518763185162885
C03002,2025-01-31,0.3767250701797252
C03083,2025-01-31,0.5213727236552039
C03094,2025-01-31,0.4245968070053323
C03127,2025-01-31,0.23328684101666192
C03162,2025-01-31,0.49466529309950596
C03163,2025-01-31,0.4574267241932325
C03239,2025-01-31,0.7088034049991293
C03255,2025-01-31,0.3041712278518529
C03284,2025-01-31,0.3180903891923577
C03294,2025-01-31,0.40375062922313076
C03318,2025-01-31,0.5235108207942567
C03345,2025-01-31,0.32310935413804676
C03355,2025-01-31,0.6811457165432823
C03358,2025-01-31,0.1632287243882141
C03428,2025-01-31,0.32820634987095304
C03449,2025-01-31,0.5536624737337555
C00036,2025-03-02,0.36703100636980723
C00044,2025-03-02,0.23218197076263686
C00051,2025-03-02,0.507916462018679
C00107,2025-03-02,0.6219224588791912
C00139,2025-03-02,0.31011153769543565
C00175,2025-03-02,0.31774851832733086
C00200,2025-03-02,0.21558656460882497
C00276,2025-03-02,0.31585502841241525
C00278,2025-03-02,0.29092991541734226
C00285,2025-03-02,0.5311924166550944
C00291,2025-03-02,0.5560333929237566
C00297,2025-03-02,0.4456511932656985
C00300,2025-03-02,0.2992966011454417
C00308,2025-03-02,0.5030814757024878
C00311,2025-03-02,0.6955156542274172
C00397,2025-03-02,0.3774320608693415
C00424,2025-03-02,0.39776159745090417
C00436,2025-03-02,0.5065523613789922
C00494,2025-03-02,0.6616342997899759
C00621,2025-03-02,0.859769093709436
C00640,2025-03-02,0.32380437810604895
C00656,2025-03-02,0.6744170139418686
C00662,2025-03-02,0.6217557106377958
C00737,2025-03-02,0.38701168216386905
C00784,2025-03-02,0.4841499060229011
C00799,2025-03-02,0.4002433444101433
C00817,2025-03-02,0.4078285903650616
C00842,2025-03-02,0.2010120300509218
C00844,2025-03-02,0.47025686945719014
C00873,2025-03-02,0.395196620714697
C00952,2025-03-02,0.624389753258482
C01026,2025-03-02,0.16388853188161903
C01030,2025-03-02,0.536782445480979
C01033,2025-03-02,0.2631513944072463
C01038,2025-03-02,0.3475098870823289
C01045,2025-03-02,0.3624371530877959
C01075,2025-03-02,0.6371537835327274
C01099,2025-03-02,0.33423157526280556
C01103,2025-03-02,0.3907215459082647
C01137,2025-03-02,0.8005759847180637
C01140,2025-03-02,0.26407771448364403
C01148,2025-03-02,0.35038078870657413
C01181,2025-03-02,0.7390830843347077
C01240,2025-03-02,0.45891208305695397
C01283,2025-03-02,0.5698523330132815
C01296,2025-03-02,0.232814599154817
C01297,2025-03-02,0.3097638296560412
C01326,2025-03-02,0.6446989072417086
C01337,2025-03-02,0.5531850410070337
C01423,2025-03-02,0.4037110071713574
C01433,2025-03-02,0.6428739128990107
C01456,2025-03-02,0.47120551706256714
C01480,2025-03-02,0.5060459213592122
C01485,2025-03-02,0.4032520111068701
C01514,2025-03-02,0.3080205428763358
C01581,2025-03-02,0.5713469613126887
C01604,2025-03-02,0.4533840533941013
C01622,2025-03-02,0.27383195632839546
C01629,2025-03-02,0.39052132483319085
C01702,2025-03-02,0.31598735674823
C01743,2025-03-02,0.7053505924138762
C01781,2025-03-02,0.4336895506740782
C01790,2025-03-02,0.22798948743617176
C01792,2025-03-02,0.7726368775880892
C01898,2025-03-02,0.28594798396222626
C01947,2025-03-02,0.4233075047552142
C02001,2025-03-02,0.17238256355422224
C02032,2025-03-02,0.38591240909604335
C02042,2025-03-02,0.3693232931116618
C02092,2025-03-02,0.3730090804998098
C02106,2025-03-02,0.35185705873036177
C02108,2025-03-02,0.2912686438013995
C02136,2025-03-02,0.47131349349336993
C02181,2025-03-02,0.41172179946532617
C02217,2025-03-02,0.25984047826073564
C02242,2025-03-02,0.5370818701822244
C02246,2025-03-02,0.5831527095996497
C02327,2025-03-02,0.8000231173247022
C02346,2025-03-02,0.7420237674995451
C02398,2025-03-02,0.42462152911089285
C02418,2025-03-02,0.15870996222244185
C02448,2025-03-02,0.3728245528846394
C02462,2025-03-02,0.7006145494571441
C02490,2025-03-02,0.13626534054767547
C02501,2025-03-02,0.6264235293607512
C02548,2025-03-02,0.4193491093897446
C02569,2025-03-02,0.47913100297990524
C02577,2025-03-02,0.3659261166368803
C02595,2025-03-02,0.34520213919184606
C02618,2025-03-02,0.28753770049448396
C02624,2025-03-02,0.466615154945936
C02714,2025-03-02,0.8689764424011653
C02733,2025-03-02,0.36039734445273397
C02806,2025-03-02,0.8679346813922035
C02825,2025-03-02,0.6927141841217582
C02878,2025-03-02,0.581370064409566
C02936,2025-03-02,0.4018494113468304
C02943,2025-03-02,0.4110743763785581
C03002,2025-03-02,0.4265720865739396
C03083,2025-03-02,0.5651618795859763
C03162,2025-03-02,0.4670550895133309
C03163,2025-03-02,0.24035024769808241
C03185,2025-03-02,0.512800259528939
C03218,2025-03-02,0.3553550027481731
C03297,2025-03-02,0.4205430581687778
C03318,2025-03-02,0.45151663917778045
C03334,2025-03-02,0.3796752368445721
C03344,2025-03-02,0.6941611725714835
C03345,2025-03-02,0.3995200552660019
C03347,2025-03-02,0.5752569272006186
C03355,2025-03-02,0.7471972038452369
C03358,2025-03-02,0.1642857735148348
C03376,2025-03-02,0.49449699982604195
C03398,2025-03-02,0.5753096075355001
C03428,2025-03-02,0.33403868688250027
C03454,2025-03-02,0.4036493426929591
C03464,2025-03-02,0.2800339835224002
C03485,2025-03-02,0.26459716970592984
C00044,2025-04-01,0.2625794887684659
C00051,2025-04-01,0.5915406155287029
C00071,2025-04-01,0.723906621576292
C00132,2025-04-01,0.4464966143304958
C00145,2025-04-01,0.29478227716547556
C00150,2025-04-01,0.25576959563560175
C00175,2025-04-01,0.304543005517713
C00189,2025-04-01,0.5128887844653215
C00200,2025-04-01,0.20720062498018849
C00244,2025-04-01,0.3380765591567663
C00285,2025-04-01,0.6637546894414442
C00291,2025-04-01,0.5227350985219409
C00300,2025-04-01,0.19706404002268385
C00305,2025-04-01,0.28076147282858627
C00307,2025-04-01,0.30097578397922037
C00311,2025-04-01,0.7722968370472517
C00321,2025-04-01,0.36088310668200896
C00345,2025-04-01,0.2766033754466665
C00421,2025-04-01,0.5487308005657132
C00424,2025-04-01,0.4834204520952198
C00425,2025-04-01,0.3439552781502041
C00436,2025-04-01,0.574994031342188
C00526,2025-04-01,0.2857396523665137
C00529,2025-04-01,0.34250693349815625
C00569,2025-04-01,0.3176114935741489
C00621,2025-04-01,0.7763099289985418
C00626,2025-04-01,0.5971770533517688
C00640,2025-04-01,0.28496274071421823
C00656,2025-04-01,0.6521788200664214
C00691,2025-04-01,0.44652853532028575
C00760,2025-04-01,0.13779074120959542
C00817,2025-04-01,0.43523096526328103
C00831,2025-04-01,0.3148625297694948
C00839,2025-04-01,0.3156615623327216
C00873,2025-04-01,0.4698759503319101
C00888,2025-04-01,0.7008955696449323
C00920,2025-04-01,0.4000289150050101
C00973,2025-04-01,0.37340587890197774
C00990,2025-04-01,0.23504935888765807
C01030,2025-04-01,0.5368716051207792
C01053,2025-04-01,0.4732504044019761
C01094,2025-04-01,0.39724547730972504
C01152,2025-04-01,0.4074102869042128
C01176,2025-04-01,0.22485598052257783
C01182,2025-04-01,0.2215690234940635
C01193,2025-04-01,0.3522853932600941
C01240,2025-04-01,0.4948768692821733
C01283,2025-04-01,0.5717445409823855
C01297,2025-04-01,0.3814459366695171
C01337,2025-04-01,0.5779135586895807
C01355,2025-04-01,0.261270670923418
C01415,2025-04-01,0.3042990182242066
C01423,2025-04-01,0.40570520567244356
C01456,2025-04-01,0.5073392088914185
C01480,2025-04-01,0.5926869237206035
C01506,2025-04-01,0.22210729236276416
C01517,2025-04-01,0.4096455524958062
C01536,2025-04-01,0.22633208516732656
C01538,2025-04-01,0.50226412111481
C01581,2025-04-01,0.6083879658379326
C01591,2025-04-01,0.6972457523840646
C01593,2025-04-01,0.27891477798257475
C01604,2025-04-01,0.46282912937855814
C01611,2025-04-01,0.21763467626283692
C01614,2025-04-01,0.4456395709110854
C01622,2025-04-01,0.2810253979344026
C01781,2025-04-01,0.47214350353451984
C01792,2025-04-01,0.7424659761596752
C01832,2025-04-01,0.3212042186560378
C01898,2025-04-01,0.2592471130276725
C01973,2025-04-01,0.2876014072596478
C02042,2025-04-01,0.3731492633779282
C02106,2025-04-01,0.35004573397263705
C02119,2025-04-01,0.4377168212374159
C02121,2025-04-01,0.39069802241218077
C02167,2025-04-01,0.3087377622292706
C02203,2025-04-01,0.3195106540473481
C02210,2025-04-01,0.3879789845168718
C02217,2025-04-01,0.2922710024758267
C02246,2025-04-01,0.6570369576075293
C02254,2025-04-01,0.5194140604162848
C02262,2025-04-01,0.5205054569645342
C02296,2025-04-01,0.518402471840209
C02301,2025-04-01,0.2928501705074789
C02327,2025-04-01,0.8245087973847585
C02346,2025-04-01,0.8498913272291789
C02350,2025-04-01,0.5906776928007512
C02367,2025-04-01,0.39578430007649207
C02377,2025-04-01,0.42535707366545933
C02398,2025-04-01,0.3605832691914913
C02418,2025-04-01,0.1764586749251819
C02440,2025-04-01,0.24679774548533964
C02501,2025-04-01,0.6578698848735757
C02521,2025-04-01,0.5991607284838353
C02548,2025-04-01,0.4958819642478948
C02563,2025-04-01,0.2642028684545313
C02714,2025-04-01,0.8970118139895105
C02734,2025-04-01,0.5967274920365022
C02767,2025-04-01,0.6077452575349263
C02788,2025-04-01,0.2937253356941297
C02804,2025-04-01,0.3137842422261404
C02851,2025-04-01,0.29196108395179504
C02878,2025-04-01,0.5026761736927412
C02935,2025-04-01,0.2546761373589934
C03002,2025-04-01,0.42266781217246047
C03052,2025-04-01,0.5377008416678344
C03057,2025-04-01,0.17176530692833236
C03088,2025-04-01,0.5137831547264682
C03094,2025-04-01,0.36235078696198325
C03125,2025-04-01,0.5918391046471592
C03162,2025-04-01,0.5675123296170771
C03255,2025-04-01,0.27138975219517825
C03299,2025-04-01,0.33673568142018934
C03342,2025-04-01,0.15354280905253823
C03344,2025-04-01,0.7344727196497505
C03345,2025-04-01,0.38005015601963227
C03355,2025-04-01,0.7692576838473207
C03356,2025-04-01,0.4826823398554235
C03360,2025-04-01,0.2673926400459592
C03376,2025-04-01,0.4998268902620641
C03398,2025-04-01,0.5159900581039641
C03433,2025-04-01,0.2723301962247295
C03449,2025-04-01,0.5016028192538654
C03483,2025-04-01,0.3943293318634524
C03485,2025-04-01,0.20035829270282104
C00044,2025-05-01,0.2677053518942912
C00051,2025-05-01,0.6992564994812452
C00057,2025-05-01,0.2665247504749972
C00132,2025-05-01,0.3704073328281726
C00133,2025-05-01,0.47914540276497836
C00139,2025-05-01,0.24229991604194692
C00145,2025-05-01,0.2933537933011507
C00160,2025-05-01,0.24549371916324286
C00189,2025-05-01,0.5434324660985752
C00207,2025-05-01,0.36552434108765536
C00209,2025-05-01,0.22630271889868758
C00244,2025-05-01,0.3278233860469418
C00276,2025-05-01,0.2844046353125021
C00278,2025-05-01,0.3225263236019985
C00305,2025-05-01,0.3180904564128261
C00308,2025-05-01,0.5848075299496281
C00345,2025-05-01,0.37451930536232225
C00367,2025-05-01,0.19334265929188993
C00421,2025-05-01,0.5895369468819308
C00424,2025-05-01,0.5065413404554199
C00436,2025-05-01,0.5886130455849239
C00494,2025-05-01,0.7783503955630154
C00505,2025-05-01,0.2282251999649162
C00526,2025-05-01,0.3940480985161687
C00544,2025-05-01,0.2777458451730689
C00569,2025-05-01,0.348304278758222
C00600,2025-05-01,0.40143687782467596
C00621,2025-05-01,0.8466511305026048
C00640,2025-05-01,0.25100172091701406
C00662,2025-05-01,0.7291454707759798
C00728,2025-05-01,0.6987117250069507
C00733,2025-05-01,0.5456594981899134
C00742,2025-05-01,0.4647925405295128
C00760,2025-05-01,0.1489974803880506
C00784,2025-05-01,0.517114030349232
C00791,2025-05-01,0.833082025425074
C00799,2025-05-01,0.4090313099722177
C00811,2025-05-01,0.758846616465946
C00844,2025-05-01,0.5551726364189199
C00873,2025-05-01,0.38213491998772864
C00888,2025-05-01,0.7587777555543629
C00920,2025-05-01,0.4362099758048796
C00967,2025-05-01,0.350034320347442
C00973,2025-05-01,0.4298326698472205
C00975,2025-05-01,0.2655367441992947
C00990,2025-05-01,0.30991446612113877
C01026,2025-05-01,0.24579018170912426
C01033,2025-05-01,0.2543443686173704
C01075,2025-05-01,0.6660385597922976
C01099,2025-05-01,0.42307056076754984
C01140,2025-05-01,0.25497053163952843
C01193,2025-05-01,0.33169706393605974
C01209,2025-05-01,0.5594366863281545
C01240,2025-05-01,0.49497336547332715
C01246,2025-05-01,0.4292965483232849
C01283,2025-05-01,0.5431413087635101
C01326,2025-05-01,0.6433841298421098
C01472,2025-05-01,0.5313538964824736
C01492,2025-05-01,0.14989630289285805
C01506,2025-05-01,0.1912683482155878
C01512,2025-05-01,0.695294894903547
C01514,2025-05-01,0.2894390030909651
C01536,2025-05-01,0.1898966580528349
C01538,2025-05-01,0.5745504131535275
C01581,2025-05-01,0.4993896149054418
C01604,2025-05-01,0.4758576709015621
C01611,2025-05-01,0.2333784425601657
C01622,2025-05-01,0.3794869909798717
C01702,2025-05-01,0.31086737565086464
C01743,2025-05-01,0.6947696067733362
C01745,2025-05-01,0.5446533054898455
C01790,2025-05-01,0.21401716337300758
C01832,2025-05-01,0.2844112077345173
C01853,2025-05-01,0.6887722226363148
C01947,2025-05-01,0.4014468113596142
C01973,2025-05-01,0.28349594023561103
C02001,2025-05-01,0.28321241746158615
C02006,2025-05-01,0.8586253643783339
C02016,2025-05-01,0.3940111389528343
C02106,2025-05-01,0.33207147297574163
C02108,2025-05-01,0.3093374108990556
C02136,2025-05-01,0.5099587350097847
C02167,2025-05-01,0.3032313114434342
C02222,2025-05-01,0.8228285569113958
C02246,2025-05-01,0.7067185359576923
C02281,2025-05-01,0.4691997190318136
C02301,2025-05-01,0.29960410383089664
C02317,2025-05-01,0.412637401790291
C02327,2025-05-01,0.8297303220918907
C02346,2025-05-01,0.9016463918873046
C02350,2025-05-01,0.6744193514860585
C02402,2025-05-01,0.5310081147118185
C02418,2025-05-01,0.1689964951320924
C02440,2025-05-01,0.27286894023985314
C02448,2025-05-01,0.5306539636064863
C02462,2025-05-01,0.8042130551998049
C02581,2025-05-01,0.6239461638545254
C02614,2025-05-01,0.3236977650069071
C02696,2025-05-01,0.2704439317447872
C02714,2025-05-01,0.9555142612104333
C02733,2025-05-01,0.3878987141658842
C02788,2025-05-01,0.2858808928366003
C02825,2025-05-01,0.7504174423604585
C02878,2025-05-01,0.5514972166208642
C02911,2025-05-01,0.323246900602118
C02935,2025-05-01,0.248642231228282
C02936,2025-05-01,0.5010771380673974
C02982,2025-05-01,0.3127676143872489
C03052,2025-05-01,0.5286657228299458
C03057,2025-05-01,0.16034889644789363
C03088,2025-05-01,0.526660222233092
C03094,2025-05-01,0.39325993344456295
C03125,2025-05-01,0.6498027432734006
C03185,2025-05-01,0.605401167641284
C03239,2025-05-01,0.6396639593861004
C03248,2025-05-01,0.7403806103424433
C03299,2025-05-01,0.3611637011735741
C03318,2025-05-01,0.48208790507967103
C03344,2025-05-01,0.7986894833943573
C03345,2025-05-01,0.38983779309988276
C03347,2025-05-01,0.6369672604654213
C03360,2025-05-01,0.38797741198044294
C03428,2025-05-01,0.32861941377610115
C03444,2025-05-01,0.4036386592628167
C03454,2025-05-01,0.37327986702233273
C03464,2025-05-01,0.26502285105730383
C03488,2025-05-01,0.2787283921949335
C00006,2025-05-31,0.3459556623944518
C00036,2025-05-31,0.27719376438587395
C00044,2025-05-31,0.3230631232520581
C00145,2025-05-31,0.30402322600743054
C00150,2025-05-31,0.25563671047380093
C00209,2025-05-31,0.23520186384118472
C00285,2025-05-31,0.7753687040330584
C00291,2025-05-31,0.5234439296073227
C00307,2025-05-31,0.324982796448255
C00324,2025-05-31,0.40178658714647536
C00345,2025-05-31,0.3470411874022707
C00421,2025-05-31,0.6143625236068916
C00425,2025-05-31,0.4507148968258209
C00569,2025-05-31,0.3210966677451167
C00581,2025-05-31,0.4295305130716222
C00600,2025-05-31,0.49445049444362826
C00621,2025-05-31,0.8448584442247312
C00656,2025-05-31,0.6196526055241334
C00760,2025-05-31,0.12756854541120236
C00817,2025-05-31,0.39483842220297594
C00821,2025-05-31,0.30022985466835805
C00828,2025-05-31,0.24615559676739016
C00844,2025-05-31,0.6345116357762841
C00967,2025-05-31,0.39804020477084406
C00990,2025-05-31,0.3933001231690257
C01030,2025-05-31,0.5625676699185774
C01033,2025-05-31,0.24571089815703642
C01038,2025-05-31,0.2963976414872509
C01075,2025-05-31,0.6925559116548987
C01099,2025-05-31,0.5141871061445483
C01143,2025-05-31,0.5082436424352684
C01152,2025-05-31,0.5074507284361494
C01181,2025-05-31,0.7304912933081498
C01182,2025-05-31,0.26306782534959244
C01296,2025-05-31,0.1709588723792033
C01297,2025-05-31,0.4466421235708344
C01337,2025-05-31,0.647705847334734
C01355,2025-05-31,0.3929272817011175
C01456,2025-05-31,0.5745294751685158
C01472,2025-05-31,0.6248977640641386
C01480,2025-05-31,0.5370271547333254
C01506,2025-05-31,0.28957920588165187
C01512,2025-05-31,0.6694817163789089
C01514,2025-05-31,0.24210965433092277
C01517,2025-05-31,0.4567535408989768
C01525,2025-05-31,0.25996195310184494
C01536,2025-05-31,0.20151395269282912
C01611,2025-05-31,0.2241066703710257
C01614,2025-05-31,0.42949832153530487
C01627,2025-05-31,0.48712690578149365
C01745,2025-05-31,0.5952841054664305
C01780,2025-05-31,0.259867181827409
C01781,2025-05-31,0.49514883202216464
C01972,2025-05-31,0.4408743938685667
C02001,2025-05-31,0.371661786214387
C02006,2025-05-31,0.8981934334213731
C02023,2025-05-31,0.49972360328468773
C02121,2025-05-31,0.4607373051764462
C02147,2025-05-31,0.20305894357657048
C02167,2025-05-31,0.38822484357793874
C02210,2025-05-31,0.4481042488403987
C02242,2025-05-31,0.5645296469864217
C02246,2025-05-31,0.6814365412420321
C02301,2025-05-31,0.2750604686514409
C02317,2025-05-31,0.4158755935908096
C02367,2025-05-31,0.4023910993939201
C02398,2025-05-31,0.370895928003793
C02413,2025-05-31,0.7324315490571286
C02418,2025-05-31,0.17462477035506355
C02440,2025-05-31,0.2308032455786273
C02462,2025-05-31,0.8303384914629113
C02490,2025-05-31,0.16273482342330306
C02501,2025-05-31,0.6995108927778084
C02512,2025-05-31,0.5654237918045105
C02521,2025-05-31,0.6272596389604004
C02563,2025-05-31,0.266350647377327
C02569,2025-05-31,0.5764090518337557
C02572,2025-05-31,0.3924990284153663
C02577,2025-05-31,0.36334676360453994
C02618,2025-05-31,0.252143257674021
C02624,2025-05-31,0.6026823840654242
C02628,2025-05-31,0.22985951507176183
C02714,2025-05-31,0.9706149003743985
C02733,2025-05-31,0.443476304134588
C02734,2025-05-31,0.5498336612229534
C02747,2025-05-31,0.4288774189911997
C02763,2025-05-31,0.30515120277638147
C02774,2025-05-31,0.39819479542930675
C02804,2025-05-31,0.25989212937109607
C02825,2025-05-31,0.8242170656955309
C02875,2025-05-31,0.40614605510106183
C02935,2025-05-31,0.2528398563138676
C02943,2025-05-31,0.4044300313656106
C02944,2025-05-31,0.3795751841891618
C02982,2025-05-31,0.3469202407122046
C02987,2025-05-31,0.3046139318014817
C02997,2025-05-31,0.35016181981276595
C03002,2025-05-31,0.5142522172409243
C03059,2025-05-31,0.20077396934932476
C03094,2025-05-31,0.45147121042272237
C03125,2025-05-31,0.6948250605333121
C03162,2025-05-31,0.5514984140366134
C03185,2025-05-31,0.6722574463590995
C03248,2025-05-31,0.7880687323518198
C03297,2025-05-31,0.5607138764564598
C03299,2025-05-31,0.3118131374731098
C03334,2025-05-31,0.4165257254615383
C03345,2025-05-31,0.36754774224793796
C03358,2025-05-31,0.1683736142351699
C03376,2025-05-31,0.6534940139089851
C03398,2025-05-31,0.5693977024291604
C03428,2025-05-31,0.37090067264920534
C03444,2025-05-31,0.46931731546306515
C03454,2025-05-31,0.5152975768543284
C03485,2025-05-31,0.16902894000806504
C03488,2025-05-31,0.373551543526039
C00036,2025-06-30,0.3120867425449797
C00051,2025-06-30,0.7739936816280226
C00057,2025-06-30,0.218050567278532
C00071,2025-06-30,0.7443047335164115
C00107,2025-06-30,0.6951169528830913
C00132,2025-06-30,0.4057666745157208
C00133,2025-06-30,0.5400426404740614
C00138,2025-06-30,0.5432388711276482
C00139,2025-06-30,0.4301744554857465
C00150,2025-06-30,0.3122541244895385
C00209,2025-06-30,0.20240888609932703
C00244,2025-06-30,0.341785262471285
C00276,2025-06-30,0.33342049976079463
C00291,2025-06-30,0.4949133328918158
C00305,2025-06-30,0.3222771449339598
C00307,2025-06-30,0.25609323542803825
C00324,2025-06-30,0.5144444827481223
C00345,2025-06-30,0.3499791419341938
C00376,2025-06-30,0.6024527960513261
C00397,2025-06-30,0.386808981263008
C00421,2025-06-30,0.6505910114650233
C00425,2025-06-30,0.5239066593233641
C00494,2025-06-30,0.7965035023287607
C00505,2025-06-30,0.19903729502860767
C00526,2025-06-30,0.4425980474787708
C00529,2025-06-30,0.43918251791819485
C00544,2025-06-30,0.23180417684665788
C00569,2025-06-30,0.32756790074740455
C00600,2025-06-30,0.46897032748056755
C00621,2025-06-30,0.8580059593883403
C00640,2025-06-30,0.24847184538761702
C00656,2025-06-30,0.5295879097187324
C00691,2025-06-30,0.4476387217593908
C00733,2025-06-30,0.5664463426705891
C00737,2025-06-30,0.40956142739356227
C00742,2025-06-30,0.5399647240600751
C00791,2025-06-30,0.9331734587327463
C00799,2025-06-30,0.5018371333456353
C00811,2025-06-30,0.8047804074563485
C00817,2025-06-30,0.4596970849578686
C00938,2025-06-30,0.4159526766325442
C00952,2025-06-30,0.7079283518434687
C00975,2025-06-30,0.24803094864020597
C01045,2025-06-30,0.49407016131134535
C01053,2025-06-30,0.5375882269423952
C01094,2025-06-30,0.42556870799673496
C01137,2025-06-30,0.8833335950232293
C01140,2025-06-30,0.22982288256782857
C01176,2025-06-30,0.25622637286096295
C01193,2025-06-30,0.2746931961009626
C01209,2025-06-30,0.6038055981558004
C01256,2025-06-30,0.2736999160702564
C01283,2025-06-30,0.4384797568886111
C01297,2025-06-30,0.4055457870943598
C01355,2025-06-30,0.35611821564850277
C01423,2025-06-30,0.35100864116070907
C01480,2025-06-30,0.5291440323024647
C01506,2025-06-30,0.25637856022373756
C01538,2025-06-30,0.5693100342990606
C01581,2025-06-30,0.6378654366036048
C01604,2025-06-30,0.4241431894322296
C01622,2025-06-30,0.32266714784234746
C01627,2025-06-30,0.5037047901436595
C01633,2025-06-30,0.30614644883912395
C01743,2025-06-30,0.6931288966261865
C01789,2025-06-30,0.5841968993415225
C01792,2025-06-30,0.7855852090503574
C01832,2025-06-30,0.26088751168693164
C01898,2025-06-30,0.29727070113216403
C02106,2025-06-30,0.31234513351220516
C02108,2025-06-30,0.2946577757557106
C02121,2025-06-30,0.5134640387693407
C02135,2025-06-30,0.5167728605324207
C02181,2025-06-30,0.3640487286137616
C02203,2025-06-30,0.4458067730375587
C02217,2025-06-30,0.3008806420546393
C02246,2025-06-30,0.7653403027841226
C02281,2025-06-30,0.531163177678712
C02316,2025-06-30,0.30492528723221785
C02325,2025-06-30,0.5418791739778908
C02327,2025-06-30,0.8534772108603055
C02346,2025-06-30,0.9000406665593783
C02350,2025-06-30,0.6649137601224417
C02377,2025-06-30,0.4655048806274144
C02413,2025-06-30,0.8396075294271177
C02418,2025-06-30,0.15388472890913127
C02462,2025-06-30,0.8283086306010907
C02501,2025-06-30,0.7450835045325622
C02548,2025-06-30,0.4252847533344295
C02569,2025-06-30,0.5457105543436673
C02581,2025-06-30,0.7210951268495066
C02595,2025-06-30,0.37240634639264114
C02618,2025-06-30,0.27576043939485156
C02628,2025-06-30,0.25165039099710484
C02635,2025-06-30,0.46343621688005415
C02696,2025-06-30,0.2504537142741694
C02733,2025-06-30,0.5110215704127611
C02763,2025-06-30,0.35379888409323373
C02767,2025-06-30,0.6642772670194727
C02878,2025-06-30,0.514910955643634
C02911,2025-06-30,0.3695445713226174
C02935,2025-06-30,0.25261858070403287
C02936,2025-06-30,0.4195237388412866
C02944,2025-06-30,0.518569007063066
C02997,2025-06-30,0.2888169655945944
C03052,2025-06-30,0.5569231686358227
C03083,2025-06-30,0.550321304616268
C03094,2025-06-30,0.5680255868474958
C03125,2025-06-30,0.743928603651123
C03162,2025-06-30,0.586527240367457
C03185,2025-06-30,0.7056837417527322
C03239,2025-06-30,0.7868558264171404
C03248,2025-06-30,0.8281337144955776
C03255,2025-06-30,0.2590051703610199
C03294,2025-06-30,0.37415889539449276
C03318,2025-06-30,0.46269580179120373
C03334,2025-06-30,0.45554375262709657
C03342,2025-06-30,0.19340955675317828
C03355,2025-06-30,0.8348680380980719
C03356,2025-06-30,0.44690557573125955
C03358,2025-06-30,0.17758532162988544
C03449,2025-06-30,0.43828464282004004
C03483,2025-06-30,0.3495544540082747
C03485,2025-06-30,0.19735616058826197
C00006,2025-07-30,0.43007302466017294
C00036,2025-07-30,0.315552626584041
C00044,2025-07-30,0.3010670928747312
C00116,2025-07-30,0.32036945169491504
C00132,2025-07-30,0.4622040488695151
C00133,2025-07-30,0.6138512092070458
C00145,2025-07-30,0.29369517722453997
C00150,2025-07-30,0.36319792205072965
C00160,2025-07-30,0.2578356074422684
C00175,2025-07-30,0.3243596662698567
C00189,2025-07-30,0.5669324031416335
C00200,2025-07-30,0.18334022726697466
C00207,2025-07-30,0.35136379652303784
C00244,2025-07-30,0.31677222244391895
C00285,2025-07-30,0.7512713627922966
C00307,2025-07-30,0.26352393932116486
C00331,2025-07-30,0.5166555695807195
C00376,2025-07-30,0.6718240777656026
C00397,2025-07-30,0.3648877175076101
C00424,2025-07-30,0.6038166382673784
C00425,2025-07-30,0.5261678478059041
C00436,2025-07-30,0.6839973280083945
C00505,2025-07-30,0.2147158249227935
C00529,2025-07-30,0.5302798132791752
C00569,2025-07-30,0.2938425743726603
C00621,2025-07-30,0.8586549091096044
C00626,2025-07-30,0.5271134431101208
C00662,2025-07-30,0.7353139030726134
C00728,2025-07-30,0.7385658728365535
C00791,2025-07-30,0.95033568054588
C00811,2025-07-30,0.8241155953380271
C00828,2025-07-30,0.26539100771008983
C00831,2025-07-30,0.34272217610271855
C00844,2025-07-30,0.6801692513602474
C00873,2025-07-30,0.4205720683881723
C00888,2025-07-30,0.8169299185540272
C00920,2025-07-30,0.4252938828488168
C00973,2025-07-30,0.47230707187657
C01026,2025-07-30,0.24416374361774063
C01030,2025-07-30,0.58872242029089
C01075,2025-07-30,0.8470180102910239
C01094,2025-07-30,0.4990481463747218
C01099,2025-07-30,0.6345621263966665
C01140,2025-07-30,0.2123346688512862
C01143,2025-07-30,0.44887788400318757
C01176,2025-07-30,0.2037303392435104
C01182,2025-07-30,0.25461258412378224
C01193,2025-07-30,0.26940221369684114
C01209,2025-07-30,0.5764237393239655
C01240,2025-07-30,0.591913049447272
C01297,2025-07-30,0.4182756369084466
C01326,2025-07-30,0.7005934680764511
C01330,2025-07-30,0.628475592762526
C01337,2025-07-30,0.6559542165284756
C01433,2025-07-30,0.7066333368741223
C01472,2025-07-30,0.5751546501897723
C01480,2025-07-30,0.5362871165341124
C01506,2025-07-30,0.3207918839488786
C01512,2025-07-30,0.7471108606281316
C01514,2025-07-30,0.25029431303702604
C01517,2025-07-30,0.468195633664281
C01581,2025-07-30,0.7089271355345285
C01611,2025-07-30,0.2541155744894451
C01614,2025-07-30,0.4901217105375208
C01622,2025-07-30,0.3858123113420473
C01633,2025-07-30,0.29323783025238404
C01702,2025-07-30,0.2845644628735848
C01732,2025-07-30,0.3563096899385793
C01745,2025-07-30,0.6715443688553541
C01780,2025-07-30,0.21393000215296856
C01792,2025-07-30,0.8374447674733053
C01898,2025-07-30,0.312799260693484
C01947,2025-07-30,0.46748777733109803
C02006,2025-07-30,0.9394641975084781
C02023,2025-07-30,0.5376743241454945
C02121,2025-07-30,0.5094771276990638
C02147,2025-07-30,0.2877051681419392
C02181,2025-07-30,0.3844841846903146
C02203,2025-07-30,0.4876739406317678
C02210,2025-07-30,0.47492530333930155
C02242,2025-07-30,0.6095966630477074
C02281,2025-07-30,0.433814001399768
C02301,2025-07-30,0.25636215194050654
C02327,2025-07-30,0.8913757968926097
C02346,2025-07-30,0.9486909588575162
C02398,2025-07-30,0.40926934265946574
C02402,2025-07-30,0.5824300992284432
C02418,2025-07-30,0.15072500674166397
C02440,2025-07-30,0.24421903008473592
C02448,2025-07-30,0.532884454685651
C02463,2025-07-30,0.1924966265790933
C02501,2025-07-30,0.6992528171862842
C02548,2025-07-30,0.42781190681459486
C02569,2025-07-30,0.6510355820620276
C02600,2025-07-30,0.5977357528736171
C02614,2025-07-30,0.2947523112221165
C02618,2025-07-30,0.33373929116767975
C02624,2025-07-30,0.6066814950040581
C02635,2025-07-30,0.42641691435029727
C02747,2025-07-30,0.41850066441370604
C02767,2025-07-30,0.7052739593283799
C02788,2025-07-30,0.33796530647957174
C02851,2025-07-30,0.30094179773577473
C02875,2025-07-30,0.4563646183666986
C02878,2025-07-30,0.5366790763950029
C02911,2025-07-30,0.3854121295886281
C02943,2025-07-30,0.39098783363503453
C02982,2025-07-30,0.3649858361652493
C02997,2025-07-30,0.27013030228733803
C03002,2025-07-30,0.5136504947285848
C03059,2025-07-30,0.23233578599381063
C03083,2025-07-30,0.5255270025060069
C03088,2025-07-30,0.6687980351946615
C03162,2025-07-30,0.5595872243143329
C03299,2025-07-30,0.3052458225795027
C03358,2025-07-30,0.16990319947046365
C03360,2025-07-30,0.4006934485629186
C03376,2025-07-30,0.6317872786219692
C03398,2025-07-30,0.6470826931264582
C03449,2025-07-30,0.612357578680553
C03488,2025-07-30,0.5398293261164074
C00006,2025-08-29,0.504901078145975
C00036,2025-08-29,0.27308388883553836
C00044,2025-08-29,0.3036645496578243
C00071,2025-08-29,0.8085757018396481
C00132,2025-08-29,0.5135815029481113
C00133,2025-08-29,0.6799018270829673
C00138,2025-08-29,0.57390402750204
C00139,2025-08-29,0.4366599075177623
C00150,2025-08-29,0.31505278498365713
C00160,2025-08-29,0.2676735157521168
C00175,2025-08-29,0.34955694558531275
C00189,2025-08-29,0.5411792077916728
C00244,2025-08-29,0.4346181479173408
C00297,2025-08-29,0.5484625385088501
C00305,2025-08-29,0.3202595198236437
C00307,2025-08-29,0.24849904528875022
C00308,2025-08-29,0.6063252368845352
C00321,2025-08-29,0.34518236535571906
C00331,2025-08-29,0.572578873357591
C00367,2025-08-29,0.19843454330530627
C00376,2025-08-29,0.629661749034737
C00397,2025-08-29,0.4071964385576583
C00425,2025-08-29,0.44231259455747374
C00436,2025-08-29,0.7351376870964051
C00544,2025-08-29,0.2454021053668531
C00569,2025-08-29,0.31775393171126504
C00640,2025-08-29,0.316987297555014
C00656,2025-08-29,0.531601105548064
C00691,2025-08-29,0.47988935886032524
C00742,2025-08-29,0.5699759031256001
C00760,2025-08-29,0.11098337115809871
C00791,2025-08-29,0.9647449020269807
C00799,2025-08-29,0.4858687799272256
C00811,2025-08-29,0.8721359899584582
C00828,2025-08-29,0.2826532692927081
C00839,2025-08-29,0.3517805871096725
C00888,2025-08-29,0.8662956584173522
C00967,2025-08-29,0.40754393876883216
C00973,2025-08-29,0.42345403809434606
C00990,2025-08-29,0.42012513476847835
C01026,2025-08-29,0.3503983047057213
C01045,2025-08-29,0.46894990791857677
C01075,2025-08-29,0.7952900549837216
C01103,2025-08-29,0.44763261761678036
C01148,2025-08-29,0.40990893303617115
C01176,2025-08-29,0.18981589377518227
C01193,2025-08-29,0.23920790673818815
C01209,2025-08-29,0.5810052817723609
C01240,2025-08-29,0.6019960879666935
C01256,2025-08-29,0.28401180910143187
C01297,2025-08-29,0.4246750105337481
C01330,2025-08-29,0.6986296446201629
C01423,2025-08-29,0.3544569527779148
C01433,2025-08-29,0.7196829851721914
C01456,2025-08-29,0.6726322682933257
C01472,2025-08-29,0.6415588810641946
C01506,2025-08-29,0.3395780831639033
C01512,2025-08-29,0.7306686906753804
C01525,2025-08-29,0.33435820526832716
C01581,2025-08-29,0.6518645414737256
C01591,2025-08-29,0.6930074567115067
C01593,2025-08-29,0.2374423312177317
C01629,2025-08-29,0.3936471225715094
C01702,2025-08-29,0.3514305172886135
C01732,2025-08-29,0.3405629176430252
C01781,2025-08-29,0.5134937529515026
C01790,2025-08-29,0.21467992252365056
C01832,2025-08-29,0.21630308372574464
C01853,2025-08-29,0.6414399964726865
C01947,2025-08-29,0.35102690815189375
C01980,2025-08-29,0.45362433859311496
C02001,2025-08-29,0.4622072565503212
C02042,2025-08-29,0.478295178283955
C02108,2025-08-29,0.3077932641956393
C02246,2025-08-29,0.8017688603692865
C02254,2025-08-29,0.4338087202747795
C02262,2025-08-29,0.5194483451202689
C02281,2025-08-29,0.46087873078040553
C02316,2025-08-29,0.35955256379798967
C02317,2025-08-29,0.38558628769216235
C02327,2025-08-29,0.8994624611247738
C02367,2025-08-29,0.34327776484002764
C02413,2025-08-29,0.7221040932522902
C02512,2025-08-29,0.6826197124536627
C02521,2025-08-29,0.587559222855099
C02548,2025-08-29,0.4108256262257522
C02563,2025-08-29,0.25170840488516716
C02581,2025-08-29,0.7131822563130399
C02614,2025-08-29,0.30922998231799675
C02696,2025-08-29,0.2244897271322388
C02733,2025-08-29,0.45660451023587456
C02763,2025-08-29,0.3629648651176631
C02788,2025-08-29,0.44738733506428546
C02804,2025-08-29,0.38149149708229196
C02875,2025-08-29,0.393703210063228
C02935,2025-08-29,0.2584306897049856
C02936,2025-08-29,0.5890645283214064
C02943,2025-08-29,0.3780174266463364
C02944,2025-08-29,0.48764659968600205
C03057,2025-08-29,0.2119593527102525
C03059,2025-08-29,0.22269023441130362
C03083,2025-08-29,0.4455506864386009
C03125,2025-08-29,0.7749030329598146
C03162,2025-08-29,0.534963408957712
C03284,2025-08-29,0.3365081445030078
C03294,2025-08-29,0.3343676309982807
C03299,2025-08-29,0.3003057979050455
C03334,2025-08-29,0.3637996412869834
C03342,2025-08-29,0.18017647205288115
C03344,2025-08-29,0.8206289869928155
C03347,2025-08-29,0.6006726429064527
C03428,2025-08-29,0.3776953859951697
C03433,2025-08-29,0.2026410041857531
C03449,2025-08-29,0.6097300814447421
C03454,2025-08-29,0.47007663494708407
C03464,2025-08-29,0.29591566586802165
C03483,2025-08-29,0.3506348715833888
C03485,2025-08-29,0.1832162049460531
C03488,2025-08-29,0.4766602155595437
C00071,2025-09-28,0.8327323398159365
C00107,2025-09-28,0.8111126707448375
C00116,2025-09-28,0.42051356012468977
C00133,2025-09-28,0.7390082378221127
C00189,2025-09-28,0.5228106382302232
C00207,2025-09-28,0.31907551667503925
C00285,2025-09-28,0.815695537077682
C00300,2025-09-28,0.2611535173203964
C00307,2025-09-28,0.2166352609014796
C00308,2025-09-28,0.6713759460579516
C00331,2025-09-28,0.5996652234044557
C00367,2025-09-28,0.13054473637898018
C00376,2025-09-28,0.6904642467255846
C00397,2025-09-28,0.32242020102817387
C00436,2025-09-28,0.7591294205556571
C00505,2025-09-28,0.18624853543160638
C00529,2025-09-28,0.6136750198579176
C00544,2025-09-28,0.2440549557212
C00569,2025-09-28,0.3138166652001675
C00581,2025-09-28,0.4866895695118518
C00600,2025-09-28,0.4194225704752723
C00640,2025-09-28,0.30385794734812255
C00662,2025-09-28,0.7332383966340051
C00742,2025-09-28,0.5766605933896807
C00760,2025-09-28,0.10639607911791621
C00784,2025-09-28,0.49643255450571633
C00828,2025-09-28,0.2636232550749459
C00831,2025-09-28,0.28271151556717194
C00839,2025-09-28,0.3094501927011412
C00873,2025-09-28,0.43545968169498134
C00888,2025-09-28,0.8963944094295455
C00920,2025-09-28,0.32710534815422004
C00938,2025-09-28,0.43010377122111537
C00967,2025-09-28,0.4029753276452725
C00990,2025-09-28,0.43244545765917347
C01026,2025-09-28,0.3023643472671158
C01045,2025-09-28,0.5477573270755521
C01053,2025-09-28,0.5975692769829923
C01099,2025-09-28,0.7213752386739328
C01103,2025-09-28,0.4814871610929483
C01128,2025-09-28,0.38295172847583925
C01148,2025-09-28,0.43389121060523084
C01152,2025-09-28,0.5283413024332358
C01176,2025-09-28,0.16581238103521462
C01181,2025-09-28,0.7629808748931712
C01193,2025-09-28,0.1872903889062747
C01240,2025-09-28,0.5503549270097213
C01246,2025-09-28,0.42793088028909526
C01283,2025-09-28,0.5441114271200377
C01296,2025-09-28,0.20762797694580698
C01326,2025-09-28,0.7771695313745733
C01337,2025-09-28,0.732524157468186
C01355,2025-09-28,0.44263346024648753
C01433,2025-09-28,0.7269885435316922
C01485,2025-09-28,0.42866833859616915
C01514,2025-09-28,0.32320330646972734
C01517,2025-09-28,0.5100379361710101
C01525,2025-09-28,0.29765038554362205
C01591,2025-09-28,0.8041132179816812
C01593,2025-09-28,0.22692052778644287
C01614,2025-09-28,0.6022722778797565
C01622,2025-09-28,0.3247192256046784
C01629,2025-09-28,0.3875183881234109
C01790,2025-09-28,0.19747390753161573
C01963,2025-09-28,0.20106516612674263
C01972,2025-09-28,0.47856304584760784
C01973,2025-09-28,0.23166357503216436
C02001,2025-09-28,0.4943823761737117
C02006,2025-09-28,0.9193684890419177
C02023,2025-09-28,0.5612867047196739
C02092,2025-09-28,0.40672744251516585
C02108,2025-09-28,0.2742865767639979
C02119,2025-09-28,0.43248190510874357
C02135,2025-09-28,0.5296529155280686
C02203,2025-09-28,0.6924352657242063
C02222,2025-09-28,0.8532194518525688
C02242,2025-09-28,0.5966748583673223
C02246,2025-09-28,0.8758304271693774
C02296,2025-09-28,0.604696329518443
C02325,2025-09-28,0.5699577164650086
C02346,2025-09-28,0.9709253026905711
C02367,2025-09-28,0.35047444844177217
C02402,2025-09-28,0.6928363018451048
C02413,2025-09-28,0.7215036320305872
C02418,2025-09-28,0.17362477893252345
C02462,2025-09-28,0.9002510602092585
C02490,2025-09-28,0.14710784993502382
C02521,2025-09-28,0.5352559873695526
C02548,2025-09-28,0.4196410344879424
C02563,2025-09-28,0.22903171257864502
C02572,2025-09-28,0.395534806273398
C02577,2025-09-28,0.3653768577187224
C02581,2025-09-28,0.7563615955574506
C02595,2025-09-28,0.37380638914714703
C02628,2025-09-28,0.2545481862582476
C02733,2025-09-28,0.480071452291701
C02747,2025-09-28,0.42341111237643847
C02763,2025-09-28,0.48810878973148825
C02767,2025-09-28,0.7508927952420231
C02788,2025-09-28,0.6498227938642698
C02804,2025-09-28,0.3423374741527824
C02851,2025-09-28,0.4308345600626453
C02878,2025-09-28,0.5302215767396664
C02911,2025-09-28,0.41249799695137346
C02982,2025-09-28,0.38487771401244
C02997,2025-09-28,0.30499773280425685
C03057,2025-09-28,0.20356873215732946
C03059,2025-09-28,0.4254916364464485
C03083,2025-09-28,0.47238934120950693
C03088,2025-09-28,0.7550295759164842
C03094,2025-09-28,0.46953895599397866
C03127,2025-09-28,0.22142163983075977
C03162,2025-09-28,0.597991841733208
C03163,2025-09-28,0.4179749719569277
C03185,2025-09-28,0.76126835330531
C03218,2025-09-28,0.42368022356110857
C03239,2025-09-28,0.8463224940392591
C03297,2025-09-28,0.6581481484361825
C03334,2025-09-28,0.3846040892517081
C03347,2025-09-28,0.5760038376788628
C03355,2025-09-28,0.8843605498007775
C03360,2025-09-28,0.42166590393403475
C03376,2025-09-28,0.6943476896776918
C03398,2025-09-28,0.618213824563837
C03428,2025-09-28,0.337888401051119
C00036,2025-10-28,0.21225730222961176
C00051,2025-10-28,0.7850997666343713
C00071,2025-10-28,0.8532355957937872
C00107,2025-10-28,0.857751551248334
C00133,2025-10-28,0.7677091486270372
C00138,2025-10-28,0.5503405465555391
C00139,2025-10-28,0.46904235118742554
C00189,2025-10-28,0.4543328020658196
C00200,2025-10-28,0.15663902035849092
C00209,2025-10-28,0.25664585306964444
C00278,2025-10-28,0.3041121392062327
C00291,2025-10-28,0.46394197396301645
C00297,2025-10-28,0.6247175243714558
C00300,2025-10-28,0.2636015475553814
C00307,2025-10-28,0.23594804894363877
C00311,2025-10-28,0.8441112882663334
C00324,2025-10-28,0.4144092616016534
C00331,2025-10-28,0.6844801534075612
C00376,2025-10-28,0.7765176835761651
C00397,2025-10-28,0.32346651524942993
C00421,2025-10-28,0.6767909430837814
C00424,2025-10-28,0.7135821736672496
C00425,2025-10-28,0.4752795636057512
C00436,2025-10-28,0.7860300054604277
C00494,2025-10-28,0.8077176875064997
C00505,2025-10-28,0.1584355974814282
C00529,2025-10-28,0.603446210716661
C00544,2025-10-28,0.23027242264524897
C00581,2025-10-28,0.5153631255222807
C00600,2025-10-28,0.4183178840988143
C00621,2025-10-28,0.8409471331880853
C00626,2025-10-28,0.5752289812968149
C00640,2025-10-28,0.31582559371866037
C00662,2025-10-28,0.7796418629812644
C00691,2025-10-28,0.6075348784019929
C00733,2025-10-28,0.5806985251013475
C00737,2025-10-28,0.477507980989246
C00760,2025-10-28,0.09732011811044629
C00784,2025-10-28,0.46473358934864034
C00791,2025-10-28,0.9789517814805729
C00799,2025-10-28,0.43070049158693535
C00811,2025-10-28,0.8968738310514203
C00817,2025-10-28,0.41759711260253796
C00831,2025-10-28,0.30501667895806867
C00842,2025-10-28,0.1850861813380075
C00844,2025-10-28,0.7446394943348551
C00952,2025-10-28,0.7231831335285153
C01030,2025-10-28,0.5970754130122764
C01038,2025-10-28,0.5505036523868279
C01045,2025-10-28,0.5064792308033871
C01075,2025-10-28,0.8695477219993324
C01094,2025-10-28,0.4099355413142407
C01099,2025-10-28,0.7653691821827331
C01103,2025-10-28,0.5313377198459679
C01128,2025-10-28,0.3514850626857055
C01137,2025-10-28,0.9196320276043984
C01182,2025-10-28,0.3106058480763985
C01193,2025-10-28,0.23467711234934285
C01246,2025-10-28,0.42261693151532087
C01256,2025-10-28,0.2694392118712305
C01296,2025-10-28,0.13216117853814047
C01326,2025-10-28,0.7409469906339159
C01337,2025-10-28,0.7973645884710983
C01472,2025-10-28,0.7614620736658584
C01480,2025-10-28,0.46645046992435657
C01506,2025-10-28,0.3356553130851999
C01517,2025-10-28,0.48318612138056916
C01525,2025-10-28,0.23729818006414136
C01581,2025-10-28,0.7774124615346624
C01593,2025-10-28,0.17999314599340163
C01604,2025-10-28,0.4158801702417099
C01614,2025-10-28,0.6987853876748377
C01732,2025-10-28,0.41358903328380037
C01743,2025-10-28,0.6949469132616417
C01780,2025-10-28,0.21289520876469592
C01781,2025-10-28,0.5278497758927553
C01789,2025-10-28,0.731160551801305
C01792,2025-10-28,0.8709787325805618
C01898,2025-10-28,0.3534719711628873
C01972,2025-10-28,0.3885133905445088
C02001,2025-10-28,0.4952476977070291
C02032,2025-10-28,0.3499279927735405
C02092,2025-10-28,0.48173480239443134
C02108,2025-10-28,0.2866113329056143
C02119,2025-10-28,0.46261473553347204
C02121,2025-10-28,0.6483954338719182
C02135,2025-10-28,0.46720582944367395
C02167,2025-10-28,0.4618887452322392
C02210,2025-10-28,0.5490164173242916
C02217,2025-10-28,0.26109622641405217
C02222,2025-10-28,0.8793070074677422
C02242,2025-10-28,0.5568155345240339
C02254,2025-10-28,0.4954720100313804
C02262,2025-10-28,0.515641702722637
C02281,2025-10-28,0.49663937543447984
C02317,2025-10-28,0.394672598959262
C02325,2025-10-28,0.6335996247857767
C02346,2025-10-28,0.9875341627480319
C02350,2025-10-28,0.5285535403635655
C02462,2025-10-28,0.9397080891346534
C02463,2025-10-28,0.17579763043330174
C02490,2025-10-28,0.14519526496475668
C02512,2025-10-28,0.7243444385574535
C02581,2025-10-28,0.7673164455631748
C02614,2025-10-28,0.2917833736813361
C02618,2025-10-28,0.289771049790807
C02624,2025-10-28,0.7206780569015507
C02734,2025-10-28,0.5028028640780362
C02788,2025-10-28,0.80439888114277
C02806,2025-10-28,0.8269169752204566
C02851,2025-10-28,0.48389504714353815
C02878,2025-10-28,0.5560422255508315
C02944,2025-10-28,0.5101298840584269
C02950,2025-10-28,0.19052191590825837
C02987,2025-10-28,0.27253965739609
C02997,2025-10-28,0.29155391542346515
C03002,2025-10-28,0.5116403849829434
C03052,2025-10-28,0.5505330088517918
C03057,2025-10-28,0.19254256717663376
C03083,2025-10-28,0.4745378744559962
C03088,2025-10-28,0.7755956176190609
C03125,2025-10-28,0.8378381423781435
C03284,2025-10-28,0.49073838815216475
C03294,2025-10-28,0.33251402522993906
C03344,2025-10-28,0.9029082035823603
C03345,2025-10-28,0.3531682715169613
C03347,2025-10-28,0.6311781024704035
C03355,2025-10-28,0.9385616829354236
C03433,2025-10-28,0.20314122914698113
C03444,2025-10-28,0.4470607406614199
C03449,2025-10-28,0.6781048824985666
C03464,2025-10-28,0.2946180061539452
C03483,2025-10-28,0.44607500700898584
C00044,2025-11-27,0.28206106246511875
C00051,2025-11-27,0.8976553770952918
C00071,2025-11-27,0.856172708948128
C00116,2025-11-27,0.46601344934265826
C00132,2025-11-27,0.5805845742452113
C00145,2025-11-27,0.2560063787735599
C00150,2025-11-27,0.3230572797238847
C00175,2025-11-27,0.37081952550211483
C00189,2025-11-27,0.46348777827849286
C00200,2025-11-27,0.11825947228419083
C00209,2025-11-27,0.2294486032058826
C00244,2025-11-27,0.2739094588609854
C00308,2025-11-27,0.7778031011405083
C00311,2025-11-27,0.8018969904071218
C00321,2025-11-27,0.36278092680745716
C00331,2025-11-27,0.7165324937967196
C00425,2025-11-27,0.6324746468180472
C00494,2025-11-27,0.8390868883329266
C00662,2025-11-27,0.8105693851507876
C00691,2025-11-27,0.6351998167420347
C00733,2025-11-27,0.5440850924690926
C00737,2025-11-27,0.5520469327537122
C00742,2025-11-27,0.6269874691672735
C00760,2025-11-27,0.09281637124210122
C00817,2025-11-27,0.47650009525334514
C00821,2025-11-27,0.3610182000038508
C00839,2025-11-27,0.37020839208036393
C00842,2025-11-27,0.18341206848022787
C00952,2025-11-27,0.754642874106672
C01030,2025-11-27,0.6184756219857219
C01033,2025-11-27,0.23393461083699438
C01053,2025-11-27,0.5557679710972874
C01128,2025-11-27,0.3589886361175839
C01143,2025-11-27,0.6009224708437737
C01152,2025-11-27,0.5373553509698256
C01176,2025-11-27,0.1845927146222438
C01240,2025-11-27,0.514883299766991
C01256,2025-11-27,0.22144345660859666
C01283,2025-11-27,0.5980371239060244
C01296,2025-11-27,0.1604846258433695
C01297,2025-11-27,0.34397537364131303
C01326,2025-11-27,0.7690391357683419
C01330,2025-11-27,0.7032129563484038
C01355,2025-11-27,0.4099791865577451
C01415,2025-11-27,0.2831798388315879
C01423,2025-11-27,0.3997823011924591
C01433,2025-11-27,0.7965699391096255
C01456,2025-11-27,0.732114085115833
C01485,2025-11-27,0.5418449146340625
C01512,2025-11-27,0.6964316929038903
C01517,2025-11-27,0.624003250338642
C01591,2025-11-27,0.8703960780073061
C01611,2025-11-27,0.24681555763191382
C01614,2025-11-27,0.7504758218923352
C01627,2025-11-27,0.6034156063213987
C01629,2025-11-27,0.30421451060397775
C01633,2025-11-27,0.2823087457808146
C01745,2025-11-27,0.7580314024782343
C01781,2025-11-27,0.4850994729649999
C01792,2025-11-27,0.8758341063821068
C01832,2025-11-27,0.21866522532496377
C01947,2025-11-27,0.32781708217656613
C01972,2025-11-27,0.39438792742218787
C01973,2025-11-27,0.295211216396275
C01980,2025-11-27,0.41255371915930383
C02001,2025-11-27,0.5716728461905695
C02016,2025-11-27,0.3507524038001206
C02023,2025-11-27,0.6818542434998309
C02092,2025-11-27,0.46301536964858164
C02106,2025-11-27,0.3070713009960963
C02119,2025-11-27,0.480189633602757
C02210,2025-11-27,0.5921975248413026
C02242,2025-11-27,0.6216713425926474
C02254,2025-11-27,0.4673401817558601
C02281,2025-11-27,0.49846007411400667
C02301,2025-11-27,0.25726856980748536
C02316,2025-11-27,0.27745378106566615
C02317,2025-11-27,0.45819720451336327
C02325,2025-11-27,0.7226329554106116
C02350,2025-11-27,0.545401518918839
C02367,2025-11-27,0.3355205770555181
C02377,2025-11-27,0.4864179769556563
C02398,2025-11-27,0.4875118293366644
C02402,2025-11-27,0.829239022790495
C02462,2025-11-27,0.9410133377728166
C02501,2025-11-27,0.7929284609324999
C02548,2025-11-27,0.3865435048058191
C02563,2025-11-27,0.2418350002523105
C02614,2025-11-27,0.25260567968457986
C02624,2025-11-27,0.7421327502241815
C02628,2025-11-27,0.30268310568271684
C02635,2025-11-27,0.5239254756817368
C02747,2025-11-27,0.3541079458149706
C02763,2025-11-27,0.5583022757655279
C02767,2025-11-27,0.7658705481519446
C02774,2025-11-27,0.3428871981066133
C02804,2025-11-27,0.3741639827881391
C02825,2025-11-27,0.8218773818662233
C02851,2025-11-27,0.6289966361432716
C02878,2025-11-27,0.46909465222721203
C02935,2025-11-27,0.2961742858691498
C03052,2025-11-27,0.5246152564356007
C03059,2025-11-27,0.4434889427154538
C03094,2025-11-27,0.5930507035677324
C03125,2025-11-27,0.8119595996490729
C03127,2025-11-27,0.2496764452762011
C03163,2025-11-27,0.4612724056745356
C03239,2025-11-27,0.9043930045439923
C03255,2025-11-27,0.25587225067649777
C03284,2025-11-27,0.46648501039185347
C03294,2025-11-27,0.36864705647242074
C03297,2025-11-27,0.802757543618132
C03299,2025-11-27,0.26869509721805507
C03356,2025-11-27,0.47431520150111306
C03376,2025-11-27,0.76434350491479
C03444,2025-11-27,0.47171608741954896
C03454,2025-11-27,0.6441155686579092
C00006,2025-12-27,0.5377020341519516
C00036,2025-12-27,0.20013126396726647
C00044,2025-12-27,0.40232038086450594
C00051,2025-12-27,0.9324504869457528
C00116,2025-12-27,0.5792739329594282
C00139,2025-12-27,0.5912421520367197
C00160,2025-12-27,0.18834320749730302
C00175,2025-12-27,0.28682036305387143
C00207,2025-12-27,0.256917055453047
C00209,2025-12-27,0.18213450591990032
C00244,2025-12-27,0.3372621351969036
C00278,2025-12-27,0.2922421222059551
C00297,2025-12-27,0.6475748600306174
C00305,2025-12-27,0.31132110826845943
C00307,2025-12-27,0.22564228595019423
C00308,2025-12-27,0.8504640857354316
C00331,2025-12-27,0.793755783975871
C00376,2025-12-27,0.7643656693332107
C00397,2025-12-27,0.36387032157202787
C00421,2025-12-27,0.7001900629491862
C00424,2025-12-27,0.7424985369767323
C00436,2025-12-27,0.7734753047588375
C00526,2025-12-27,0.5273534285410744
C00529,2025-12-27,0.6718574548033768
C00544,2025-12-27,0.16416769539909534
C00581,2025-12-27,0.60122385117239
C00621,2025-12-27,0.8198264384800168
C00626,2025-12-27,0.4981274175594626
C00640,2025-12-27,0.2945836770271232
C00656,2025-12-27,0.5348909776371998
C00691,2025-12-27,0.734975406679446
C00733,2025-12-27,0.6058382852513354
C00742,2025-12-27,0.6757893430110256
C00760,2025-12-27,0.100929627639005
C00791,2025-12-27,0.9838397635528655
C00799,2025-12-27,0.5044687779475813
C00828,2025-12-27,0.24614254924049228
C00831,2025-12-27,0.2901839939364482
C00842,2025-12-27,0.1788920029901893
C00873,2025-12-27,0.3632553097017925
C00938,2025-12-27,0.3239707885756613
C00952,2025-12-27,0.7907010657724217
C00990,2025-12-27,0.5384067091726384
C01075,2025-12-27,0.8973014658902592
C01128,2025-12-27,0.3516526200082993
C01140,2025-12-27,0.24599872434262263
C01181,2025-12-27,0.8435129064310637
C01182,2025-12-27,0.3310302462384528
C01193,2025-12-27,0.2607586335311535
C01209,2025-12-27,0.533584235449658
C01297,2025-12-27,0.5335299234534949
C01337,2025-12-27,0.8177292198699788
C01415,2025-12-27,0.2668340469826506
C01480,2025-12-27,0.5403659463592544
C01485,2025-12-27,0.5486263187941636
C01492,2025-12-27,0.2520906656121348
C01514,2025-12-27,0.32329465770019655
C01517,2025-12-27,0.5495908963590324
C01525,2025-12-27,0.294062458067543
C01538,2025-12-27,0.6613442047039202
C01581,2025-12-27,0.8192015140058335
C01591,2025-12-27,0.867986893946356
C01604,2025-12-27,0.4424019069569488
C01611,2025-12-27,0.2508119795928527
C01622,2025-12-27,0.36770644440503253
C01629,2025-12-27,0.335073085053846
C01702,2025-12-27,0.3035379229901211
C01780,2025-12-27,0.2264761162651477
C01832,2025-12-27,0.20874355866941066
C01898,2025-12-27,0.3571610921898214
C01963,2025-12-27,0.34459773252255144
C01972,2025-12-27,0.4388966684083965
C01973,2025-12-27,0.2241820151200664
C01980,2025-12-27,0.43415044937882313
C02016,2025-12-27,0.34313550825438244
C02042,2025-12-27,0.4494062499769952
C02092,2025-12-27,0.5455765934652584
C02106,2025-12-27,0.2774558547445866
C02119,2025-12-27,0.5281937937819475
C02167,2025-12-27,0.4144004624136011
C02181,2025-12-27,0.4029766203528523
C02217,2025-12-27,0.24565213326587818
C02242,2025-12-27,0.637528161885335
C02246,2025-12-27,0.9091392413235767
C02254,2025-12-27,0.44733841079216047
C02262,2025-12-27,0.4931409132597856
C02316,2025-12-27,0.33806248227712243
C02325,2025-12-27,0.8237080857689475
C02346,2025-12-27,0.9910853340973086
C02377,2025-12-27,0.5349322130928404
C02398,2025-12-27,0.456529907662032
C02402,2025-12-27,0.865815981340839
C02413,2025-12-27,0.6889901767628589
C02418,2025-12-27,0.20111266067881942
C02448,2025-12-27,0.6400819435401565
C02490,2025-12-27,0.15746084291566198
C02491,2025-12-27,0.4908339392405244
C02521,2025-12-27,0.589905435340629
C02548,2025-12-27,0.37497870555103024
C02572,2025-12-27,0.35413083240402926
C02581,2025-12-27,0.8077502669859389
C02600,2025-12-27,0.5929089062998603
C02628,2025-12-27,0.3444387337553044
C02714,2025-12-27,0.9834117821074951
C02733,2025-12-27,0.436942779475453
C02747,2025-12-27,0.3611154640056542
C02774,2025-12-27,0.3812291057078059
C02806,2025-12-27,0.8769508157458779
C02851,2025-12-27,0.7491674840897479
C02875,2025-12-27,0.5060290809326841
C02936,2025-12-27,0.5257805640858545
C02944,2025-12-27,0.6177363609382467
C02950,2025-12-27,0.24582164331360815
C02982,2025-12-27,0.3213897325295195
C02987,2025-12-27,0.30251472819198955
C02997,2025-12-27,0.22963466117179984
C03002,2025-12-27,0.574957837809949
C03052,2025-12-27,0.45361877152010693
C03057,2025-12-27,0.16584615067414787
C03088,2025-12-27,0.8709053928971935
C03163,2025-12-27,0.41106212618282056
C03185,2025-12-27,0.8093021190717584
C03218,2025-12-27,0.44423518557886044
C03294,2025-12-27,0.3719470267074821
C03299,2025-12-27,0.3104803158558212
C03318,2025-12-27,0.43772885130740596
C03334,2025-12-27,0.353064568649832
C03358,2025-12-27,0.16827286708225886
C03376,2025-12-27,0.7640423901765926
C03433,2025-12-27,0.21009326788232188
C03449,2025-12-27,0.6487464107582204
C03483,2025-12-27,0.5008604522615123
C03485,2025-12-27,0.17646897107507017
C00001,2026-01-26,0.34475149310409003
C00003,2026-01-26,0.36553264470853614
C00005,2026-01-26,0.3557109799626801
C00007,2026-01-26,0.34689268639260773
C00008,2026-01-26,0.7875535640880453
C00010,2026-01-26,0.2818513069304991
C00012,2026-01-26,0.715565545437369
C00013,2026-01-26,0.24942911134248746
C00014,2026-01-26,0.3779322181822974
C00016,2026-01-26,0.506227415869947
C00017,2026-01-26,0.6506276736770465
C00020,2026-01-26,0.23703858672495276
C00022,2026-01-26,0.8914186251574537
C00023,2026-01-26,0.5285124432416962
C00025,2026-01-26,0.6970557483532842
C00026,2026-01-26,0.2246913295018638
C00028,2026-01-26,0.40940965180868
C00029,2026-01-26,0.6033473070670781
C00030,2026-01-26,0.23529133641053224
C00031,2026-01-26,0.6140416839833475
C00032,2026-01-26,0.26115223244695857
C00033,2026-01-26,0.16581466668150677
C00035,2026-01-26,0.6471526933087304
C00036,2026-01-26,0.20934752349716773
C00037,2026-01-26,0.40576168862513284
C00038,2026-01-26,0.9348656522953964
C00039,2026-01-26,0.26959931584288566
C00041,2026-01-26,0.8270422805450277
C00042,2026-01-26,0.7820679301800816
C00043,2026-01-26,0.14345382562824008
C00046,2026-01-26,0.34187203078774475
C00048,2026-01-26,0.5882865530166693
C00050,2026-01-26,0.26447587675833173
C00052,2026-01-26,0.8354130468253992
C00053,2026-01-26,0.21815722947159152
C00055,2026-01-26,0.18667485288349095
C00057,2026-01-26,0.2206465441071389
C00058,2026-01-26,0.6884883545994103
C00059,2026-01-26,0.7974237804170009
C00062,2026-01-26,0.6099773521167775
C00070,2026-01-26,0.5233302713432941
C00074,2026-01-26,0.5641901873817255
C00075,2026-01-26,0.5896077379499536
C00077,2026-01-26,0.7898913553108797
C00078,2026-01-26,0.29717516678513495
C00079,2026-01-26,0.6447029045509556
C00081,2026-01-26,0.4322385195526997
C00083,2026-01-26,0.6195454168692409
C00085,2026-01-26,0.40071492828735317
C00086,2026-01-26,0.21809878550358555
C00090,2026-01-26,0.6810775983992012
C00091,2026-01-26,0.5536423980122543
C00097,2026-01-26,0.9293100808970266
C00098,2026-01-26,0.6901049058888032
C00099,2026-01-26,0.9325815770393591
C00100,2026-01-26,0.5531627633331909
C00102,2026-01-26,0.9407316520293257
C00108,2026-01-26,0.41715118723072414
C00109,2026-01-26,0.1427229245504386
C00111,2026-01-26,0.19086519387851789
C00114,2026-01-26,0.46040971945214226
C00116,2026-01-26,0.6492577512495659
C00121,2026-01-26,0.27722596110213543
C00122,2026-01-26,0.49110669388848904
C00124,2026-01-26,0.8195694861372667
C00126,2026-01-26,0.26108973038165384
C00127,2026-01-26,0.7646166498506474
C00130,2026-01-26,0.29997140438206477
C00133,2026-01-26,0.8293121601535232
C00137,2026-01-26,0.18420126493927014
C00138,2026-01-26,0.6595141942657079
C00139,2026-01-26,0.6675895600935234
C00142,2026-01-26,0.9820745520784628
C00143,2026-01-26,0.9216436895149523
C00145,2026-01-26,0.28686677904248414
C00147,2026-01-26,0.7714737164032648
C00152,2026-01-26,0.9369792258174909
C00154,2026-01-26,0.28224477438820844
C00157,2026-01-26,0.7900654057627408
C00159,2026-01-26,0.4212388601155231
C00161,2026-01-26,0.28023446620483666
C00162,2026-01-26,0.6356744779793149
C00163,2026-01-26,0.5292499340881042
C00164,2026-01-26,0.7875391800957582
C00166,2026-01-26,0.5476449177744415
C00168,2026-01-26,0.624522214846242
C00169,2026-01-26,0.782141620061772
C00175,2026-01-26,0.3885344391258517
C00176,2026-01-26,0.6954387488916952
C00180,2026-01-26,0.5017447141074206
C00182,2026-01-26,0.8429195748073035
C00183,2026-01-26,0.5610388304817822
C00185,2026-01-26,0.514282444429207
C00186,2026-01-26,0.38973481695974205
C00188,2026-01-26,0.523630942457336
C00190,2026-01-26,0.5707174759305182
C00197,2026-01-26,0.37115925281808326
C00198,2026-01-26,0.7678969873987103
C00200,2026-01-26,0.15612893689881147
C00202,2026-01-26,0.4775469458677776
C00205,2026-01-26,0.49554958404669397
C00206,2026-01-26,0.15383717602332994
C00208,2026-01-26,0.48302074628411795
C00209,2026-01-26,0.2264392030843216
C00213,2026-01-26,0.3000661603657479
C00214,2026-01-26,0.4491891044152633
C00215,2026-01-26,0.4874440488691839
C00216,2026-01-26,0.2588578639361973
C00223,2026-01-26,0.8882485562812646
C00226,2026-01-26,0.21791835111815328
C00227,2026-01-26,0.38386391590537394
C00229,2026-01-26,0.2711504657294421
C00231,2026-01-26,0.816305956997292
C00232,2026-01-26,0.8029858250254286
C00234,2026-01-26,0.5164769481600009
C00235,2026-01-26,0.3035615238148357
C00236,2026-01-26,0.33616950607491786
C00237,2026-01-26,0.32950039838160794
C00239,2026-01-26,0.30002646091134677
C00246,2026-01-26,0.2713576513573284
C00247,2026-01-26,0.9936053004688029
C00248,2026-01-26,0.2851134304721206
C00252,2026-01-26,0.3346579213123839
C00253,2026-01-26,0.2970773940614113
C00263,2026-01-26,0.4777084869499671
C00268,2026-01-26,0.2801781804760617
C00272,2026-01-26,0.48719215864054116
C00273,2026-01-26,0.8944094985050477
C00274,2026-01-26,0.8751936203168769
C00277,2026-01-26,0.16607829878723937
C00279,2026-01-26,0.35028800995180187
C00281,2026-01-26,0.20264000541111143
C00282,2026-01-26,0.19086155756805387
C00284,2026-01-26,0.7478531570606823
C00285,2026-01-26,0.9115223118847697
C00286,2026-01-26,0.4523135062986863
C00288,2026-01-26,0.7566168850054367
C00289,2026-01-26,0.2083546062487511
C00292,2026-01-26,0.5197828926598367
C00294,2026-01-26,0.7711324565186606
C00296,2026-01-26,0.6197258789121108
C00298,2026-01-26,0.26107930769779764
C00306,2026-01-26,0.1750687314872221
C00308,2026-01-26,0.873929091790971
C00310,2026-01-26,0.7177048029862019
C00311,2026-01-26,0.8908553523944095
C00312,2026-01-26,0.2658655114292926
C00313,2026-01-26,0.5862684021600149
C00317,2026-01-26,0.22714466592906074
C00318,2026-01-26,0.6285357497033102
C00320,2026-01-26,0.7259808910340175
C00322,2026-01-26,0.3818235064469686
C00324,2026-01-26,0.3785726102855888
C00326,2026-01-26,0.3734199976180648
C00328,2026-01-26,0.5043994045363099
C00332,2026-01-26,0.2524921842395916
C00333,2026-01-26,0.9140821421379406
C00339,2026-01-26,0.45079633545775716
C00340,2026-01-26,0.6207472074115672
C00343,2026-01-26,0.24649061127994348
C00346,2026-01-26,0.353059936651845
C00349,2026-01-26,0.5836747019155557
C00350,2026-01-26,0.35341463727816214
C00353,2026-01-26,0.4134341635186696
C00355,2026-01-26,0.5701742024330065
C00356,2026-01-26,0.329470441224527
C00358,2026-01-26,0.41687978760774574
C00363,2026-01-26,0.9044362755682728
C00364,2026-01-26,0.479283275995224
C00365,2026-01-26,0.8815933899852016
C00368,2026-01-26,0.43501703605572656
C00370,2026-01-26,0.6404611438657031
C00372,2026-01-26,0.4048696238734263
C00373,2026-01-26,0.7136137337170335
C00378,2026-01-26,0.8753076686476462
C00379,2026-01-26,0.6363097704004236
C00380,2026-01-26,0.8788250333925951
C00386,2026-01-26,0.51383072088443
C00387,2026-01-26,0.3309434228655731
C00389,2026-01-26,0.5290574994609544
C00390,2026-01-26,0.2378935871762057
C00394,2026-01-26,0.5771700158394255
C00396,2026-01-26,0.3913485328240438
C00398,2026-01-26,0.2947063224311853
C00400,2026-01-26,0.5810597039264629
C00403,2026-01-26,0.34707015509532474
C00406,2026-01-26,0.19675341973258026
C00409,2026-01-26,0.6677534756577367
C00410,2026-01-26,0.5194876669224012
C00414,2026-01-26,0.5458157544165787
C00418,2026-01-26,0.4156577562626235
C00419,2026-01-26,0.2237894109326925
C00424,2026-01-26,0.8816826506467486
C00425,2026-01-26,0.6559338288078511
C00427,2026-01-26,0.307751402093232
C00428,2026-01-26,0.5982675117510011
C00429,2026-01-26,0.681621512273693
C00435,2026-01-26,0.24691345364549638
C00440,2026-01-26,0.3318621174071935
C00445,2026-01-26,0.6408188733465023
C00447,2026-01-26,0.8581327934826601
C00452,2026-01-26,0.453668056198128
C00456,2026-01-26,0.5654560994711969
C00459,2026-01-26,0.19066565604116903
C00465,2026-01-26,0.8707508214700626
C00467,2026-01-26,0.3338189328223231
C00468,2026-01-26,0.5727632156059932
C00470,2026-01-26,0.15058069736501334
C00472,2026-01-26,0.2516772360684461
C00473,2026-01-26,0.49149612967474215
C00474,2026-01-26,0.7037515454134304
C00475,2026-01-26,0.4771756199563088
C00476,2026-01-26,0.8620220314886015
C00478,2026-01-26,0.2699110960439923
C00482,2026-01-26,0.7196356733528961
C00483,2026-01-26,0.495726795968464
C00484,2026-01-26,0.6331124314780543
C00485,2026-01-26,0.4102033014574053
C00486,2026-01-26,0.24604533886681731
C00490,2026-01-26,0.4644592905307381
C00492,2026-01-26,0.518823000369859
C00497,2026-01-26,0.8277262960596931
C00500,2026-01-26,0.48194524562845337
C00502,2026-01-26,0.595489918229512
C00506,2026-01-26,0.30331188653043023
C00511,2026-01-26,0.7327737503021889
C00519,2026-01-26,0.34917710947710545
C00521,2026-01-26,0.5514351483030274
C00522,2026-01-26,0.7999812025738923
C00529,2026-01-26,0.7996221210866151
C00531,2026-01-26,0.9447337486559219
C00534,2026-01-26,0.23612446632828085
C00539,2026-01-26,0.6065992182614941
C00544,2026-01-26,0.20605320609431077
C00547,2026-01-26,0.9379232143753677
C00548,2026-01-26,0.35681971152314024
C00549,2026-01-26,0.43281309245914174
C00551,2026-01-26,0.5506767315473038
C00555,2026-01-26,0.622143017314364
C00559,2026-01-26,0.5978703652012457
C00560,2026-01-26,0.6342070341124434
C00567,2026-01-26,0.40280828817192565
C00569,2026-01-26,0.3198447576320802
C00571,2026-01-26,0.3540128695768239
C00572,2026-01-26,0.1563330535589869
C00574,2026-01-26,0.3038046204118449
C00575,2026-01-26,0.42429381885156137
C00577,2026-01-26,0.3693749365926698
C00579,2026-01-26,0.3615165539462842
C00582,2026-01-26,0.4160210847375862
C00583,2026-01-26,0.2555633776142739
C00584,2026-01-26,0.5149594039044408
C00586,2026-01-26,0.4394256591454714
C00587,2026-01-26,0.41154250395636754
C00592,2026-01-26,0.29001381193484044
C00595,2026-01-26,0.3218029303254851
C00597,2026-01-26,0.7733216012622247
C00599,2026-01-26,0.5789820073467142
C00600,2026-01-26,0.41479278374026274
C00602,2026-01-26,0.4619755614346638
C00604,2026-01-26,0.5275362816409885
C00610,2026-01-26,0.2817535264677704
C00612,2026-01-26,0.44407449750686373
C00613,2026-01-26,0.3766761216480557
C00615,2026-01-26,0.3363167689004016
C00617,2026-01-26,0.4813430187477641
C00618,2026-01-26,0.23563579105725652
C00619,2026-01-26,0.7679672783705336
C00624,2026-01-26,0.6843952461669647
C00625,2026-01-26,0.5139803921337281
C00628,2026-01-26,0.4561272067415114
C00629,2026-01-26,0.16617572579918563
C00632,2026-01-26,0.39303945697175385
C00634,2026-01-26,0.8307331397320243
C00636,2026-01-26,0.3218568847186003
C00641,2026-01-26,0.7336633019248483
C00643,2026-01-26,0.5846503888016089
C00645,2026-01-26,0.6263194776120808
C00648,2026-01-26,0.4691661051865497
C00652,2026-01-26,0.2712603994951721
C00654,2026-01-26,0.87637539735811
C00660,2026-01-26,0.31843271907986914
C00662,2026-01-26,0.8638874459685862
C00664,2026-01-26,0.2615858965377902
C00665,2026-01-26,0.4801064070464574
C00666,2026-01-26,0.4349991010936492
C00669,2026-01-26,0.5157051760513558
C00671,2026-01-26,0.34454420211131004
C00673,2026-01-26,0.3206305208185164
C00675,2026-01-26,0.38437382776997386
C00678,2026-01-26,0.6916555729351387
C00679,2026-01-26,0.2909387313586286
C00681,2026-01-26,0.4392627437512423
C00686,2026-01-26,0.8145851354051936
C00687,2026-01-26,0.3434761331156588
C00689,2026-01-26,0.3395011106599446
C00692,2026-01-26,0.4328421531164234
C00699,2026-01-26,0.4808918483058493
C00702,2026-01-26,0.31098252992769676
C00703,2026-01-26,0.19072074842330297
C00704,2026-01-26,0.8262210404178042
C00706,2026-01-26,0.6266061936100518
C00709,2026-01-26,0.518033993775701
C00712,2026-01-26,0.26914042739195426
C00714,2026-01-26,0.38373564666960824
C00716,2026-01-26,0.1324824427096566
C00718,2026-01-26,0.5410106277221992
C00724,2026-01-26,0.8792578775100761
C00726,2026-01-26,0.7781579894433308
C00728,2026-01-26,0.8114891694897958
C00730,2026-01-26,0.901268437686646
C00732,2026-01-26,0.31259604776691235
C00734,2026-01-26,0.3261547548441612
C00735,2026-01-26,0.3729905303987437
C00738,2026-01-26,0.4589799313791683
C00739,2026-01-26,0.6980923804004878
C00741,2026-01-26,0.32517926829794985
C00742,2026-01-26,0.7296062534796848
C00745,2026-01-26,0.3225784801097504
C00746,2026-01-26,0.40073100660075456
C00748,2026-01-26,0.4475860548756156
C00751,2026-01-26,0.44289225009190325
C00755,2026-01-26,0.8340550382642811
C00756,2026-01-26,0.964986891075248
C00759,2026-01-26,0.2206531705200921
C00761,2026-01-26,0.7627397241338978
C00763,2026-01-26,0.3257387794835894
C00767,2026-01-26,0.5766175156012205
C00769,2026-01-26,0.76100622450882
C00774,2026-01-26,0.6198494135883483
C00775,2026-01-26,0.3711626438869533
C00779,2026-01-26,0.3795677319548286
C00780,2026-01-26,0.394602241659509
C00781,2026-01-26,0.79731952653693
C00785,2026-01-26,0.33594388401007763
C00786,2026-01-26,0.2863828693991957
C00788,2026-01-26,0.29901509314460656
C00790,2026-01-26,0.36840461578660766
C00791,2026-01-26,0.992595373431558
C00794,2026-01-26,0.8945714377603216
C00797,2026-01-26,0.5303557313020785
C00799,2026-01-26,0.43316818518334055
C00800,2026-01-26,0.3413198175893361
C00801,2026-01-26,0.4537153146179109
C00802,2026-01-26,0.3923544219344865
C00805,2026-01-26,0.7204836995004947
C00811,2026-01-26,0.9022293488861501
C00816,2026-01-26,0.3468184156185048
C00817,2026-01-26,0.46410854209415553
C00818,2026-01-26,0.5035687369236772
C00819,2026-01-26,0.5087657895081169
C00821,2026-01-26,0.3522157538128221
C00823,2026-01-26,0.9140660645676821
C00826,2026-01-26,0.26624419317071557
C00828,2026-01-26,0.24465470567606787
C00829,2026-01-26,0.42225301034307083
C00834,2026-01-26,0.3581499857620569
C00835,2026-01-26,0.3178925708365112
C00836,2026-01-26,0.7700112699314766
C00837,2026-01-26,0.5581909234934732
C00838,2026-01-26,0.26669775895657116
C00840,2026-01-26,0.8317800232023339
C00841,2026-01-26,0.7898491663655529
C00843,2026-01-26,0.5961349342405228
C00847,2026-01-26,0.3861141832381336
C00849,2026-01-26,0.6185734333886879
C00850,2026-01-26,0.7834572912068977
C00855,2026-01-26,0.8303779969936128
C00856,2026-01-26,0.46732201674323626
C00857,2026-01-26,0.6571804526121447
C00859,2026-01-26,0.44089641021180975
C00862,2026-01-26,0.558800233849657
C00863,2026-01-26,0.3291486335772717
C00864,2026-01-26,0.31958771420129684
C00866,2026-01-26,0.31285171207984924
C00869,2026-01-26,0.3636391803023024
C00871,2026-01-26,0.7352706825714658
C00872,2026-01-26,0.9812822523023697
C00875,2026-01-26,0.8579165202071122
C00876,2026-01-26,0.8099453733551183
C00877,2026-01-26,0.6638680745108162
C00879,2026-01-26,0.29587933168659847
C00882,2026-01-26,0.45395663855218593
C00883,2026-01-26,0.5868370701327987
C00887,2026-01-26,0.829645075571113
C00889,2026-01-26,0.38812585762900903
C00892,2026-01-26,0.19854635351587233
C00893,2026-01-26,0.5218756654341288
C00905,2026-01-26,0.5038856132644911
C00907,2026-01-26,0.6345000473955829
C00909,2026-01-26,0.7710462173876895
C00912,2026-01-26,0.41750921791748435
C00913,2026-01-26,0.6006202317743581
C00915,2026-01-26,0.5863248421910677
C00920,2026-01-26,0.4072231912951313
C00922,2026-01-26,0.6039453720318502
C00923,2026-01-26,0.2973978098767663
C00924,2026-01-26,0.5004504581651193
C00927,2026-01-26,0.3789349639437341
C00928,2026-01-26,0.16003735131122704
C00930,2026-01-26,0.8225080124169946
C00931,2026-01-26,0.8077702514683999
C00935,2026-01-26,0.3769016766892333
C00936,2026-01-26,0.31189150471181976
C00939,2026-01-26,0.508691869189302
C00940,2026-01-26,0.2587052269098358
C00941,2026-01-26,0.5338228356385887
C00943,2026-01-26,0.6119893165398517
C00944,2026-01-26,0.8575490363777541
C00948,2026-01-26,0.2557898204525705
C00952,2026-01-26,0.794299180340948
C00956,2026-01-26,0.41818426381316964
C00959,2026-01-26,0.3249934047486318
C00962,2026-01-26,0.7558143482204277
C00966,2026-01-26,0.46641749148541856
C00967,2026-01-26,0.44421140128323516
C00968,2026-01-26,0.4642472336808861
C00970,2026-01-26,0.6983200351392898
C00971,2026-01-26,0.44503323401684325
C00973,2026-01-26,0.5262611562850886
C00974,2026-01-26,0.24756879903767764
C00975,2026-01-26,0.2705256908004673
C00976,2026-01-26,0.3637115363373718
C00977,2026-01-26,0.35048002926521216
C00978,2026-01-26,0.9516450051834433
C00979,2026-01-26,0.8031913765702846
C00980,2026-01-26,0.7575329771542844
C00981,2026-01-26,0.2792325130260114
C00982,2026-01-26,0.6430814237544262
C00986,2026-01-26,0.5422060576766277
C00987,2026-01-26,0.1882830218744514
C00988,2026-01-26,0.8741747934479823
C00991,2026-01-26,0.2659684600860778
C00999,2026-01-26,0.7233639758779538
C01000,2026-01-26,0.29006409145661255
C01002,2026-01-26,0.8689562484313479
C01005,2026-01-26,0.6012706747939601
C01006,2026-01-26,0.6927026790059236
C01007,2026-01-26,0.27329570386560165
C01009,2026-01-26,0.2966026295918896
C01012,2026-01-26,0.664237127305795
C01015,2026-01-26,0.3966289097523518
C01016,2026-01-26,0.5009511720885993
C01017,2026-01-26,0.7824474766682024
C01018,2026-01-26,0.22590186461289158
C01020,2026-01-26,0.3131133767206017
C01023,2026-01-26,0.5582863025355942
C01025,2026-01-26,0.6045734035361915
C01027,2026-01-26,0.1978773120157369
C01032,2026-01-26,0.32847871068036055
C01037,2026-01-26,0.12196608844421641
C01039,2026-01-26,0.14286158527198192
C01040,2026-01-26,0.5217409549159595
C01041,2026-01-26,0.7050614590692119
C01043,2026-01-26,0.31069405535459327
C01045,2026-01-26,0.5289407985691402
C01047,2026-01-26,0.6922074773657776
C01050,2026-01-26,0.8951897737995236
C01051,2026-01-26,0.3563405674140157
C01052,2026-01-26,0.6429492354183401
C01054,2026-01-26,0.48538924831932306
C01058,2026-01-26,0.27154755037391765
C01059,2026-01-26,0.6952755803059989
C01062,2026-01-26,0.9447928944192733
C01063,2026-01-26,0.4371593601139846
C01064,2026-01-26,0.3306739943234747
C01067,2026-01-26,0.7567928380746035
C01068,2026-01-26,0.5745393807941332
C01071,2026-01-26,0.6338887737506622
C01074,2026-01-26,0.2397852994489613
C01076,2026-01-26,0.342059259275196
C01077,2026-01-26,0.5607677948151512
C01082,2026-01-26,0.6093040526672235
C01083,2026-01-26,0.7061903307006568
C01086,2026-01-26,0.4781635708426113
C01087,2026-01-26,0.30915408626881663
C01090,2026-01-26,0.3506274862225481
C01091,2026-01-26,0.9848495759453082
C01093,2026-01-26,0.3881553255204281
C01100,2026-01-26,0.3460769184723808
C01102,2026-01-26,0.5377704793402781
C01104,2026-01-26,0.26563468329001316
C01105,2026-01-26,0.6669329014974471
C01106,2026-01-26,0.37351991568420734
C01108,2026-01-26,0.913051712100255
C01111,2026-01-26,0.27828741756229086
C01113,2026-01-26,0.7441227485744001
C01117,2026-01-26,0.626898426291469
C01118,2026-01-26,0.683900198644999
C01121,2026-01-26,0.6635956430756765
C01126,2026-01-26,0.9449442455371543
C01127,2026-01-26,0.9685236482371281
C01132,2026-01-26,0.16905237649382956
C01133,2026-01-26,0.28364145455556516
C01136,2026-01-26,0.2837695367086811
C01138,2026-01-26,0.47506461550225754
C01139,2026-01-26,0.35526908122809014
C01140,2026-01-26,0.2976588406040606
C01141,2026-01-26,0.6644604106137173
C01142,2026-01-26,0.6141800770444349
C01145,2026-01-26,0.8529270078566658
C01147,2026-01-26,0.8635796604847041
C01148,2026-01-26,0.5187738659966692
C01149,2026-01-26,0.31491298925611405
C01150,2026-01-26,0.8031098240224875
C01152,2026-01-26,0.5546262194687155
C01155,2026-01-26,0.5337919200146662
C01156,2026-01-26,0.4817555867071698
C01164,2026-01-26,0.42001520761086514
C01165,2026-01-26,0.18393629501707126
C01171,2026-01-26,0.6104971505057168
C01173,2026-01-26,0.9304888733265719
C01175,2026-01-26,0.2821547646422573
C01180,2026-01-26,0.42730032060923717
C01181,2026-01-26,0.8598228483651393
C01186,2026-01-26,0.1264805588466655
C01187,2026-01-26,0.3830901288448231
C01191,2026-01-26,0.7881635451538274
C01194,2026-01-26,0.4390319846683707
C01197,2026-01-26,0.8076602466248963
C01201,2026-01-26,0.8268185676817428
C01203,2026-01-26,0.4701444959938889
C01204,2026-01-26,0.5866181493560079
C01206,2026-01-26,0.5327237863423671
C01213,2026-01-26,0.16866376054922363
C01215,2026-01-26,0.6239212701952064
C01216,2026-01-26,0.1518331166753352
C01222,2026-01-26,0.4802315876430227
C01227,2026-01-26,0.4050735513846522
C01232,2026-01-26,0.27576061103896543
C01233,2026-01-26,0.7966260204839188
C01234,2026-01-26,0.545683786395764
C01235,2026-01-26,0.43920313339212896
C01239,2026-01-26,0.43402359792205036
C01243,2026-01-26,0.45532687094967134
C01244,2026-01-26,0.27930302428913084
C01245,2026-01-26,0.22931271509430864
C01246,2026-01-26,0.5057293923228889
C01247,2026-01-26,0.261166668256254
C01252,2026-01-26,0.8195259416754755
C01253,2026-01-26,0.6535791491128603
C01254,2026-01-26,0.39432228913491585
C01255,2026-01-26,0.5755514353178071
C01257,2026-01-26,0.7707164546874552
C01259,2026-01-26,0.3690181006123965
C01263,2026-01-26,0.36426100077550055
C01264,2026-01-26,0.7866816678469355
C01265,2026-01-26,0.20415119293652356
C01267,2026-01-26,0.9173301764109517
C01268,2026-01-26,0.6284996432197714
C01274,2026-01-26,0.9008908766421375
C01280,2026-01-26,0.9597913383411862
C01281,2026-01-26,0.5252238870278256
C01282,2026-01-26,0.7797191238220712
C01284,2026-01-26,0.5635591857817797
C01288,2026-01-26,0.5102653358751679
C01289,2026-01-26,0.5644759315106509
C01290,2026-01-26,0.425938264713516
C01294,2026-01-26,0.44452543875522726
C01296,2026-01-26,0.18733566938551924
C01300,2026-01-26,0.8449408857505581
C01301,2026-01-26,0.8830529460551426
C01308,2026-01-26,0.3618733781036237
C01309,2026-01-26,0.8729556845137911
C01322,2026-01-26,0.8047419903459508
C01324,2026-01-26,0.27993841747554987
C01326,2026-01-26,0.8019045698404546
C01329,2026-01-26,0.2594696216707806
C01332,2026-01-26,0.6782706408091554
C01333,2026-01-26,0.2955095478423101
C01334,2026-01-26,0.22521500729340246
C01335,2026-01-26,0.25141157705068035
C01336,2026-01-26,0.35201486531663084
C01337,2026-01-26,0.8558690890671836
C01340,2026-01-26,0.9302044407045824
C01341,2026-01-26,0.8018998404626377
C01343,2026-01-26,0.37414394031965714
C01346,2026-01-26,0.49087304187055625
C01349,2026-01-26,0.2462595414720046
C01350,2026-01-26,0.19434682033340334
C01352,2026-01-26,0.6490148360529466
C01355,2026-01-26,0.5360505849067412
C01360,2026-01-26,0.49368879388017123
C01362,2026-01-26,0.21407529376790554
C01363,2026-01-26,0.3036009635494222
C01364,2026-01-26,0.8660778999332785
C01366,2026-01-26,0.46861346073371274
C01370,2026-01-26,0.7161065155739866
C01371,2026-01-26,0.4845718747576549
C01372,2026-01-26,0.18033400110030137
C01373,2026-01-26,0.38200163531102005
C01374,2026-01-26,0.9013394037558244
C01377,2026-01-26,0.5223003092063041
C01379,2026-01-26,0.27103699464416303
C01383,2026-01-26,0.6189770227917791
C01387,2026-01-26,0.9027862776275903
C01393,2026-01-26,0.23509817081714213
C01394,2026-01-26,0.14919236174816888
C01397,2026-01-26,0.7750631201146102
C01398,2026-01-26,0.17494408546104737
C01400,2026-01-26,0.569914404862456
C01401,2026-01-26,0.6979258434595726
C01403,2026-01-26,0.7636940320511866
C01404,2026-01-26,0.25912123812779236
C01408,2026-01-26,0.41061269458561656
C01411,2026-01-26,0.30318197848767403
C01412,2026-01-26,0.3782951387707024
C01413,2026-01-26,0.3873601368312062
C01414,2026-01-26,0.5163225524115745
C01415,2026-01-26,0.3317998203863295
C01417,2026-01-26,0.979186389294485
C01418,2026-01-26,0.3138921935008819
C01419,2026-01-26,0.842143856251909
C01420,2026-01-26,0.6323518352099873
C01428,2026-01-26,0.97762673716109
C01429,2026-01-26,0.13335746091942285
C01430,2026-01-26,0.20549823358459524
C01432,2026-01-26,0.8409237433576124
C01433,2026-01-26,0.8127813884151622
C01434,2026-01-26,0.3116285596295207
C01436,2026-01-26,0.43932575617379777
C01437,2026-01-26,0.23045135311177162
C01448,2026-01-26,0.3113815229454752
C01449,2026-01-26,0.5256416543213049
C01453,2026-01-26,0.42890900610541155
C01455,2026-01-26,0.6419655640723338
C01457,2026-01-26,0.5144254712325855
C01464,2026-01-26,0.1868875597563006
C01469,2026-01-26,0.4629117047980414
C01471,2026-01-26,0.388457121783398
C01473,2026-01-26,0.5361590467024009
C01476,2026-01-26,0.41833418766365005
C01478,2026-01-26,0.45923245887878994
C01480,2026-01-26,0.5276535425208634
C01483,2026-01-26,0.16152692092580048
C01484,2026-01-26,0.29299017220887874
C01485,2026-01-26,0.6057292854186194
C01487,2026-01-26,0.564990778619241
C01488,2026-01-26,0.4047210108138588
C01489,2026-01-26,0.8086440477212474
C01492,2026-01-26,0.24880956971779797
C01493,2026-01-26,0.252505379233664
C01494,2026-01-26,0.7030695661764829
C01497,2026-01-26,0.3898422500076511
C01499,2026-01-26,0.19121693702751935
C01500,2026-01-26,0.2567344523588453
C01501,2026-01-26,0.37959580252145303
C01503,2026-01-26,0.28845956290470726
C01504,2026-01-26,0.40973945908380643
C01506,2026-01-26,0.5040877102077344
C01507,2026-01-26,0.5862554786339933
C01508,2026-01-26,0.9404242199975147
C01509,2026-01-26,0.23625675597069926
C01511,2026-01-26,0.718955500604911
C01514,2026-01-26,0.302416775565662
C01515,2026-01-26,0.20704929157573004
C01516,2026-01-26,0.9627747847045941
C01520,2026-01-26,0.4136176801550175
C01524,2026-01-26,0.2810613550929029
C01526,2026-01-26,0.1516166833382135
C01528,2026-01-26,0.41816008936522137
C01529,2026-01-26,0.36238210849839164
C01530,2026-01-26,0.3688498860374326
C01534,2026-01-26,0.24692190750713408
C01540,2026-01-26,0.7366056186210251
C01541,2026-01-26,0.8227460819712406
C01543,2026-01-26,0.19956004938785757
C01544,2026-01-26,0.24993357378550737
C01547,2026-01-26,0.48532719001529995
C01549,2026-01-26,0.4389087023100803
C01552,2026-01-26,0.5027305513719049
C01553,2026-01-26,0.4821806939660604
C01559,2026-01-26,0.4666368905833424
C01560,2026-01-26,0.7380489304648172
C01561,2026-01-26,0.14384535529767495
C01564,2026-01-26,0.26817203965153336
C01568,2026-01-26,0.5824438006656268
C01570,2026-01-26,0.7025671932471697
C01571,2026-01-26,0.8903261790274392
C01572,2026-01-26,0.6311465004128954
C01573,2026-01-26,0.8356736001339714
C01574,2026-01-26,0.2806469965040254
C01575,2026-01-26,0.364649060697021
C01578,2026-01-26,0.1980831430697854
C01579,2026-01-26,0.24473700135488838
C01585,2026-01-26,0.5555136567221765
C01588,2026-01-26,0.32203239352423013
C01589,2026-01-26,0.23470260039593308
C01592,2026-01-26,0.9148102702265645
C01594,2026-01-26,0.2995947403633807
C01596,2026-01-26,0.49851116934342754
C01598,2026-01-26,0.9512100941157212
C01602,2026-01-26,0.49832162352763887
C01603,2026-01-26,0.5459515930771797
C01605,2026-01-26,0.3939557702340417
C01608,2026-01-26,0.940724878347783
C01609,2026-01-26,0.5296364637008939
C01611,2026-01-26,0.23322925690250532
C01612,2026-01-26,0.6279637353783553
C01614,2026-01-26,0.743944849327294
C01618,2026-01-26,0.7380303714792711
C01619,2026-01-26,0.6412830092497577
C01620,2026-01-26,0.33797307807095606
C01624,2026-01-26,0.20513638327073372
C01631,2026-01-26,0.4345385477440785
C01634,2026-01-26,0.30798500332117434
C01636,2026-01-26,0.3526302669211159
C01639,2026-01-26,0.3567938211094369
C01640,2026-01-26,0.6238048213592003
C01642,2026-01-26,0.38090437098330854
C01643,2026-01-26,0.5411042118613276
C01646,2026-01-26,0.8848966519568785
C01647,2026-01-26,0.7894828825742262
C01648,2026-01-26,0.901909751745825
C01649,2026-01-26,0.5221957222188824
C01650,2026-01-26,0.586116470102635
C01652,2026-01-26,0.6813169820657186
C01653,2026-01-26,0.3291107895203539
C01654,2026-01-26,0.4898441494275469
C01655,2026-01-26,0.41397222094245684
C01656,2026-01-26,0.8303867966412152
C01663,2026-01-26,0.499268669833703
C01664,2026-01-26,0.3667376725818652
C01667,2026-01-26,0.7159332784544746
C01670,2026-01-26,0.618991351822834
C01674,2026-01-26,0.5680415957508378
C01675,2026-01-26,0.6597579219771206
C01676,2026-01-26,0.3086185715536025
C01679,2026-01-26,0.6670764596703781
C01682,2026-01-26,0.7519962295034458
C01687,2026-01-26,0.8603923676488042
C01688,2026-01-26,0.8631357548591851
C01692,2026-01-26,0.8263848189460056
C01693,2026-01-26,0.7643446818171682
C01697,2026-01-26,0.5137574644194219
C01699,2026-01-26,0.6463357060897399
C01700,2026-01-26,0.9287310828244766
C01702,2026-01-26,0.29232269121195703
C01703,2026-01-26,0.23633151896659177
C01708,2026-01-26,0.7402330144517536
C01709,2026-01-26,0.34354109659727367
C01710,2026-01-26,0.31056492799793495
C01712,2026-01-26,0.9722571158903905
C01713,2026-01-26,0.6571211355571683
C01714,2026-01-26,0.35064325132257307
C01717,2026-01-26,0.48888035996675044
C01720,2026-01-26,0.21291740252749475
C01722,2026-01-26,0.5903269930316541
C01726,2026-01-26,0.4590291003450245
C01731,2026-01-26,0.5106177270969745
C01732,2026-01-26,0.4743812312181219
C01737,2026-01-26,0.4791600844815283
C01738,2026-01-26,0.2640113404163062
C01745,2026-01-26,0.722777452716909
C01746,2026-01-26,0.29514146745316594
C01747,2026-01-26,0.1985629934434774
C01749,2026-01-26,0.5377607924966202
C01750,2026-01-26,0.6267205830663876
C01751,2026-01-26,0.31343536772792646
C01755,2026-01-26,0.3379372107093481
C01756,2026-01-26,0.3850686052442593
C01758,2026-01-26,0.4089828340076656
C01763,2026-01-26,0.5287102251606944
C01764,2026-01-26,0.7319877815872483
C01765,2026-01-26,0.27182067325133535
C01766,2026-01-26,0.4395441415012308
C01767,2026-01-26,0.25891432451193835
C01769,2026-01-26,0.4202196364568274
C01770,2026-01-26,0.17760813698194075
C01772,2026-01-26,0.7506095184166476
C01775,2026-01-26,0.30592460198935173
C01777,2026-01-26,0.3954385281626184
C01778,2026-01-26,0.3173042309224812
C01787,2026-01-26,0.43992763393269546
C01789,2026-01-26,0.8253661706294646
C01790,2026-01-26,0.24987136436568838
C01791,2026-01-26,0.2974060435687289
C01793,2026-01-26,0.4104786438004647
C01794,2026-01-26,0.5492061134674102
C01796,2026-01-26,0.33257916249540037
C01797,2026-01-26,0.7342536041908216
C01798,2026-01-26,0.9323716876139925
C01800,2026-01-26,0.21407471803737482
C01801,2026-01-26,0.8928502428236411
C01803,2026-01-26,0.3359997297464289
C01804,2026-01-26,0.8993102588234108
C01805,2026-01-26,0.7311799067004333
C01806,2026-01-26,0.24173452898029132
C01808,2026-01-26,0.6222449211561925
C01809,2026-01-26,0.3834704529011264
C01812,2026-01-26,0.2043319693277649
C01816,2026-01-26,0.7225904317773151
C01818,2026-01-26,0.8388431925065188
C01821,2026-01-26,0.5178217747018846
C01823,2026-01-26,0.299711754992382
C01824,2026-01-26,0.8826896617788726
C01825,2026-01-26,0.4502488784391816
C01827,2026-01-26,0.6993387701532472
C01828,2026-01-26,0.44515972055235786
C01831,2026-01-26,0.5615644502776325
C01833,2026-01-26,0.9253783258885884
C01834,2026-01-26,0.8747755834553846
C01835,2026-01-26,0.9434054849055709
C01836,2026-01-26,0.5468257363074215
C01840,2026-01-26,0.3354209026937359
C01841,2026-01-26,0.35785868916150454
C01845,2026-01-26,0.3911798580809397
C01849,2026-01-26,0.28863973460090636
C01850,2026-01-26,0.3330164120349
C01851,2026-01-26,0.6501021391934694
C01853,2026-01-26,0.61025664103344
C01855,2026-01-26,0.7314581829658354
C01856,2026-01-26,0.5302144175420506
C01857,2026-01-26,0.2853200891111563
C01862,2026-01-26,0.7161758843076848
C01866,2026-01-26,0.255342144252343
C01867,2026-01-26,0.17666571921791185
C01870,2026-01-26,0.3957428697957517
C01872,2026-01-26,0.2759995134973843
C01873,2026-01-26,0.7446357964579038
C01874,2026-01-26,0.4485752259687407
C01876,2026-01-26,0.4067123752873524
C01880,2026-01-26,0.9469102663271959
C01883,2026-01-26,0.6517012702023137
C01888,2026-01-26,0.5822485905570661
C01889,2026-01-26,0.4888173088740443
C01890,2026-01-26,0.6158270489798349
C01892,2026-01-26,0.5270679176923997
C01893,2026-01-26,0.5560660134309677
C01894,2026-01-26,0.24269292157638403
C01895,2026-01-26,0.24059773307141707
C01897,2026-01-26,0.9391934216724269
C01900,2026-01-26,0.9179431015987723
C01902,2026-01-26,0.41568552374801754
C01903,2026-01-26,0.8896761273797683
C01907,2026-01-26,0.46864480295272265
C01908,2026-01-26,0.3127993066489513
C01910,2026-01-26,0.7373940006225889
C01912,2026-01-26,0.34049298856382315
C01918,2026-01-26,0.38583287779994274
C01919,2026-01-26,0.5102637197650277
C01922,2026-01-26,0.3326647076210174
C01923,2026-01-26,0.29916339614835763
C01927,2026-01-26,0.35569206338427456
C01928,2026-01-26,0.7749134029726016
C01929,2026-01-26,0.3823449361322576
C01930,2026-01-26,0.8203253832409718
C01933,2026-01-26,0.5238299997274215
C01934,2026-01-26,0.3448522684308925
C01935,2026-01-26,0.7513271889340619
C01939,2026-01-26,0.7797078141191145
C01940,2026-01-26,0.6558930743918948
C01942,2026-01-26,0.6876911955786099
C01945,2026-01-26,0.48179642705790554
C01948,2026-01-26,0.6892504470520072
C01951,2026-01-26,0.692897576656692
C01953,2026-01-26,0.5654347514845813
C01955,2026-01-26,0.5903659130644556
C01956,2026-01-26,0.9404666796976078
C01957,2026-01-26,0.5160131961274795
C01959,2026-01-26,0.1389563639485183
C01963,2026-01-26,0.3598087443453301
C01964,2026-01-26,0.6088860451281528
C01966,2026-01-26,0.25053045802376994
C01968,2026-01-26,0.4811739030603959
C01969,2026-01-26,0.7151385884053084
C01972,2026-01-26,0.5083471081268521
C01973,2026-01-26,0.22108514955625205
C01975,2026-01-26,0.7470210666029157
C01976,2026-01-26,0.403993793007342
C01982,2026-01-26,0.43589305004582585
C01983,2026-01-26,0.5680962517574716
C01987,2026-01-26,0.37259710030463394
C01989,2026-01-26,0.5182437780621011
C01991,2026-01-26,0.3756434001216869
C01992,2026-01-26,0.7379550594619908
C01994,2026-01-26,0.25515273973753605
C01995,2026-01-26,0.4738021957021311
C01996,2026-01-26,0.7958220851954766
C01997,2026-01-26,0.5212162442543986
C01998,2026-01-26,0.46854573046882236
C01999,2026-01-26,0.5761652673938649
C02000,2026-01-26,0.6291538653804375
C02001,2026-01-26,0.6903089476756108
C02002,2026-01-26,0.945006477154368
C02004,2026-01-26,0.2205253589629105
C02007,2026-01-26,0.22440803683828275
C02008,2026-01-26,0.8929921597829209
C02009,2026-01-26,0.6705749664128425
C02010,2026-01-26,0.9035302631120566
C02011,2026-01-26,0.18955883029726692
C02013,2026-01-26,0.3031856563338294
C02014,2026-01-26,0.7495264523277921
C02017,2026-01-26,0.5347395022341584
C02021,2026-01-26,0.1864517172205626
C02022,2026-01-26,0.6042620933432512
C02023,2026-01-26,0.7896767697229391
C02024,2026-01-26,0.3371829395861419
C02029,2026-01-26,0.6079351613089469
C02030,2026-01-26,0.2819661794918817
C02031,2026-01-26,0.761072058202073
C02032,2026-01-26,0.439966745559689
C02037,2026-01-26,0.6789150847909301
C02039,2026-01-26,0.16610044482749
C02040,2026-01-26,0.26752387123922644
C02046,2026-01-26,0.4185937039863756
C02047,2026-01-26,0.7885933632161793
C02049,2026-01-26,0.39474359106935053
C02050,2026-01-26,0.46345241760554573
C02054,2026-01-26,0.145244175038117
C02057,2026-01-26,0.28433989432964574
C02060,2026-01-26,0.3612176573851754
C02062,2026-01-26,0.5427170195096993
C02069,2026-01-26,0.389298814590392
C02073,2026-01-26,0.3257974454196501
C02077,2026-01-26,0.37538019390287175
C02078,2026-01-26,0.8207000321799888
C02079,2026-01-26,0.23282505436426254
C02081,2026-01-26,0.4313285392351736
C02082,2026-01-26,0.2531842758668169
C02083,2026-01-26,0.5052693581367965
C02084,2026-01-26,0.40702173465122454
C02085,2026-01-26,0.16713767432010876
C02086,2026-01-26,0.2343328849899735
C02090,2026-01-26,0.33796182947039466
C02093,2026-01-26,0.2737858702886748
C02095,2026-01-26,0.3388139531396978
C02098,2026-01-26,0.5041615079898425
C02099,2026-01-26,0.6113483937584692
C02103,2026-01-26,0.38864600041001507
C02104,2026-01-26,0.5696768987968841
C02112,2026-01-26,0.299502160574398
C02114,2026-01-26,0.33678410360246513
C02116,2026-01-26,0.2519221141449376
C02117,2026-01-26,0.39060834467149586
C02118,2026-01-26,0.25063768378933005
C02122,2026-01-26,0.7360318319006575
C02127,2026-01-26,0.5015788049384775
C02135,2026-01-26,0.45489170197997575
C02138,2026-01-26,0.4619390070332059
C02139,2026-01-26,0.5205962340209441
C02141,2026-01-26,0.5539384594778293
C02142,2026-01-26,0.2504087599837356
C02143,2026-01-26,0.5887315697225574
C02144,2026-01-26,0.2868700375520455
C02145,2026-01-26,0.8380353480349605
C02146,2026-01-26,0.48209545776324025
C02150,2026-01-26,0.6769827816989133
C02154,2026-01-26,0.7500181574696404
C02156,2026-01-26,0.2928002254187641
C02158,2026-01-26,0.2980811654030475
C02159,2026-01-26,0.24283119910849288
C02160,2026-01-26,0.19034190673554655
C02163,2026-01-26,0.3079577606604623
C02164,2026-01-26,0.49142171818308916
C02165,2026-01-26,0.18954530517447835
C02166,2026-01-26,0.8759972413147574
C02167,2026-01-26,0.4715876773041989
C02169,2026-01-26,0.27896311647896826
C02176,2026-01-26,0.6673596056419804
C02177,2026-01-26,0.3020566564169303
C02179,2026-01-26,0.9521813799003092
C02180,2026-01-26,0.3784038416786329
C02185,2026-01-26,0.3587278675422135
C02187,2026-01-26,0.3085100975268021
C02190,2026-01-26,0.7151597462354415
C02195,2026-01-26,0.3640572501673796
C02196,2026-01-26,0.6136210820322505
C02197,2026-01-26,0.9525516926165257
C02200,2026-01-26,0.4808157133330326
C02204,2026-01-26,0.37221075339374804
C02205,2026-01-26,0.6781711770230843
C02206,2026-01-26,0.7411728166583218
C02208,2026-01-26,0.35470826949882717
C02211,2026-01-26,0.57357885924911
C02212,2026-01-26,0.4197058627665541
C02213,2026-01-26,0.8177934596687841
C02216,2026-01-26,0.8949150623394458
C02221,2026-01-26,0.5966040466732399
C02222,2026-01-26,0.8836984746877198
C02227,2026-01-26,0.39964133122500617
C02231,2026-01-26,0.27454028993249696
C02235,2026-01-26,0.47873465283796457
C02236,2026-01-26,0.6421347979090589
C02238,2026-01-26,0.3372016073166695
C02239,2026-01-26,0.3192399788183131
C02240,2026-01-26,0.44183186305602956
C02244,2026-01-26,0.3558627270838562
C02247,2026-01-26,0.597021118918315
C02249,2026-01-26,0.20568782186738482
C02251,2026-01-26,0.5217000415308949
C02252,2026-01-26,0.34483138414595316
C02253,2026-01-26,0.5045385856496583
C02257,2026-01-26,0.6684406532446813
C02258,2026-01-26,0.28177234966242476
C02260,2026-01-26,0.5171993630274156
C02261,2026-01-26,0.9440099367561208
C02264,2026-01-26,0.27054562082303213
C02265,2026-01-26,0.4723693998266694
C02267,2026-01-26,0.6658125130891167
C02270,2026-01-26,0.9069235390840701
C02274,2026-01-26,0.6353386431496832
C02276,2026-01-26,0.1385900270029934
C02277,2026-01-26,0.4176662729066185
C02278,2026-01-26,0.3716124685440579
C02279,2026-01-26,0.4455810592307058
C02284,2026-01-26,0.6689925867510887
C02286,2026-01-26,0.6410289578633267
C02289,2026-01-26,0.6875072826842517
C02290,2026-01-26,0.5291991121335816
C02291,2026-01-26,0.7598476727115655
C02296,2026-01-26,0.6831221463402162
C02298,2026-01-26,0.8499433713816972
C02302,2026-01-26,0.5783939470874508
C02303,2026-01-26,0.3982558396557512
C02304,2026-01-26,0.6466642356239634
C02305,2026-01-26,0.2401087978193115
C02309,2026-01-26,0.9378428685621514
C02310,2026-01-26,0.7666697516855002
C02314,2026-01-26,0.42776127833024047
C02317,2026-01-26,0.4816174510459741
C02318,2026-01-26,0.7932705346517539
C02320,2026-01-26,0.4479467236918915
C02321,2026-01-26,0.3723405088616196
C02325,2026-01-26,0.8841822704819334
C02326,2026-01-26,0.3408446050780313
C02328,2026-01-26,0.5208914467731938
C02330,2026-01-26,0.2624143263935785
C02332,2026-01-26,0.9260935840595111
C02333,2026-01-26,0.4732014220670286
C02334,2026-01-26,0.22205697535172483
C02335,2026-01-26,0.5601063982589759
C02336,2026-01-26,0.4889833260837396
C02337,2026-01-26,0.8584185245572036
C02338,2026-01-26,0.7927670245565354
C02343,2026-01-26,0.44060071082949553
C02344,2026-01-26,0.799690209893253
C02349,2026-01-26,0.48677880902109755
C02350,2026-01-26,0.5276714912280548
C02351,2026-01-26,0.40444443158657983
C02353,2026-01-26,0.5899829649559294
C02355,2026-01-26,0.7407949791688427
C02356,2026-01-26,0.3862797220951286
C02361,2026-01-26,0.3293087224512084
C02366,2026-01-26,0.6019799121349498
C02370,2026-01-26,0.7937003456949989
C02374,2026-01-26,0.5460200854886832
C02375,2026-01-26,0.3509568292719648
C02377,2026-01-26,0.6200904357179537
C02385,2026-01-26,0.9195730671687065
C02386,2026-01-26,0.499758474969887
C02387,2026-01-26,0.715762784085891
C02389,2026-01-26,0.4727635581667818
C02391,2026-01-26,0.3666415799676726
C02392,2026-01-26,0.46528268424919694
C02394,2026-01-26,0.21191023048283045
C02401,2026-01-26,0.664436229396104
C02408,2026-01-26,0.39407989586169423
C02411,2026-01-26,0.3318227583033395
C02413,2026-01-26,0.7605778055704269
C02414,2026-01-26,0.951162363577794
C02415,2026-01-26,0.5564535884496153
C02418,2026-01-26,0.1757840524414995
C02420,2026-01-26,0.5531825410278378
C02426,2026-01-26,0.4170864045430764
C02427,2026-01-26,0.437169473745932
C02431,2026-01-26,0.2524041921627603
C02432,2026-01-26,0.36116342207998775
C02434,2026-01-26,0.5179238141763324
C02435,2026-01-26,0.2705170154952387
C02436,2026-01-26,0.9826720655333941
C02442,2026-01-26,0.5676873213621623
C02443,2026-01-26,0.8286299763668706
C02444,2026-01-26,0.6693391372450302
C02448,2026-01-26,0.7239412684580735
C02449,2026-01-26,0.19868968873964774
C02452,2026-01-26,0.7006032909003909
C02454,2026-01-26,0.24538579497990487
C02456,2026-01-26,0.7014844262642709
C02458,2026-01-26,0.2530661067084663
C02459,2026-01-26,0.26580410077019556
C02461,2026-01-26,0.7233048627848198
C02464,2026-01-26,0.5400951631917054
C02468,2026-01-26,0.4040660204848818
C02469,2026-01-26,0.6446359380187475
C02476,2026-01-26,0.5475385371519423
C02481,2026-01-26,0.7899854733427526
C02482,2026-01-26,0.8815836495566901
C02484,2026-01-26,0.33781190503237984
C02487,2026-01-26,0.6861109655934268
C02488,2026-01-26,0.6300343129557381
C02489,2026-01-26,0.4123772394550316
C02491,2026-01-26,0.4879404698036119
C02492,2026-01-26,0.912421044844051
C02493,2026-01-26,0.6602633605329319
C02496,2026-01-26,0.3936938253148967
C02497,2026-01-26,0.6465974533434881
C02498,2026-01-26,0.745726876413781
C02499,2026-01-26,0.8030761996863954
C02501,2026-01-26,0.8335215034504458
C02502,2026-01-26,0.307074452315855
C02504,2026-01-26,0.23140668294643751
C02506,2026-01-26,0.5322573227044107
C02508,2026-01-26,0.25540774930693444
C02510,2026-01-26,0.20262462152694827
C02512,2026-01-26,0.7704277796514107
C02517,2026-01-26,0.36252367017923376
C02520,2026-01-26,0.7053963429092603
C02524,2026-01-26,0.48125097060858113
C02525,2026-01-26,0.5835605005066535
C02527,2026-01-26,0.31118064465505796
C02530,2026-01-26,0.45377870188895003
C02531,2026-01-26,0.2330655113375201
C02533,2026-01-26,0.624040599425651
C02534,2026-01-26,0.8455089915234117
C02541,2026-01-26,0.812773757724525
C02542,2026-01-26,0.5620768932200042
C02543,2026-01-26,0.7966503464417025
C02544,2026-01-26,0.31493856882825166
C02546,2026-01-26,0.3684595657374691
C02549,2026-01-26,0.1843908294348898
C02551,2026-01-26,0.2788595759832929
C02552,2026-01-26,0.6100528811723936
C02554,2026-01-26,0.8095991678329719
C02556,2026-01-26,0.9344860969289882
C02564,2026-01-26,0.1838799421269095
C02565,2026-01-26,0.8901160177481813
C02567,2026-01-26,0.5439894854068188
C02568,2026-01-26,0.8147434622996019
C02571,2026-01-26,0.36927354250533106
C02573,2026-01-26,0.4817414347185176
C02576,2026-01-26,0.7898159541347674
C02578,2026-01-26,0.546244080846522
C02579,2026-01-26,0.5278993855396255
C02581,2026-01-26,0.8136625561600259
C02586,2026-01-26,0.585773959680157
C02588,2026-01-26,0.4991980807127601
C02590,2026-01-26,0.357874079884709
C02592,2026-01-26,0.11834620612542851
C02598,2026-01-26,0.4553656435685177
C02601,2026-01-26,0.5189241299298204
C02603,2026-01-26,0.4903386309028853
C02605,2026-01-26,0.7267021518089235
C02606,2026-01-26,0.16174190538450936
C02607,2026-01-26,0.3611834495674162
C02609,2026-01-26,0.1858183942333181
C02610,2026-01-26,0.17187864327419783
C02613,2026-01-26,0.4494068015148818
C02616,2026-01-26,0.26797975335968083
C02619,2026-01-26,0.6437452989088897
C02620,2026-01-26,0.9286277113377748
C02621,2026-01-26,0.2762831987408678
C02624,2026-01-26,0.7289850081046041
C02626,2026-01-26,0.34197171173715485
C02628,2026-01-26,0.33825279683831866
C02629,2026-01-26,0.16984471054779926
C02631,2026-01-26,0.7680489716061437
C02639,2026-01-26,0.437256026868456
C02641,2026-01-26,0.6973538876826095
C02642,2026-01-26,0.8555832806187067
C02644,2026-01-26,0.23626696064618513
C02647,2026-01-26,0.36112617009460585
C02648,2026-01-26,0.5802774429989168
C02649,2026-01-26,0.3023527305766722
C02650,2026-01-26,0.37664928360218153
C02652,2026-01-26,0.46551183000120505
C02654,2026-01-26,0.5639268220856363
C02655,2026-01-26,0.31709185581529464
C02656,2026-01-26,0.5692201950454264
C02658,2026-01-26,0.7846610948247081
C02659,2026-01-26,0.9653693173448977
C02661,2026-01-26,0.8706030677560566
C02665,2026-01-26,0.5427553619499749
C02668,2026-01-26,0.4101229598478465
C02669,2026-01-26,0.5804004051098919
C02670,2026-01-26,0.5707269381929351
C02675,2026-01-26,0.44239877038471276
C02676,2026-01-26,0.21587895243949912
C02678,2026-01-26,0.4063506680135814
C02681,2026-01-26,0.29757396935395314
C02682,2026-01-26,0.5829823219083307
C02684,2026-01-26,0.7995056774346987
C02685,2026-01-26,0.37993142376612776
C02689,2026-01-26,0.7349253923587127
C02690,2026-01-26,0.7632013342235222
C02691,2026-01-26,0.49655803541064825
C02692,2026-01-26,0.2817905791116921
C02693,2026-01-26,0.30237645297433774
C02695,2026-01-26,0.30891739313994043
C02697,2026-01-26,0.6091883065361107
C02703,2026-01-26,0.39858956275736485
C02704,2026-01-26,0.9167414409491657
C02705,2026-01-26,0.22080543787197118
C02706,2026-01-26,0.49796803470386947
C02709,2026-01-26,0.41616844467237285
C02712,2026-01-26,0.48287276222882125
C02714,2026-01-26,0.9910867799428624
C02717,2026-01-26,0.286950111875524
C02718,2026-01-26,0.4213293421139557
C02719,2026-01-26,0.6676277439386245
C02720,2026-01-26,0.7046881587942296
C02721,2026-01-26,0.5560631662173695
C02722,2026-01-26,0.6042203917532591
C02723,2026-01-26,0.7936388178748678
C02724,2026-01-26,0.20165291787021744
C02725,2026-01-26,0.8116944782098927
C02730,2026-01-26,0.3367929196515772
C02732,2026-01-26,0.42779545728495993
C02733,2026-01-26,0.5625036540455334
C02736,2026-01-26,0.4366004373685265
C02738,2026-01-26,0.6591521075867549
C02742,2026-01-26,0.5346375076631912
C02743,2026-01-26,0.13643565792638188
C02745,2026-01-26,0.8396832100921033
C02748,2026-01-26,0.354563295515134
C02751,2026-01-26,0.9174891207544503
C02753,2026-01-26,0.6306140867607491
C02755,2026-01-26,0.8196950417801138
C02759,2026-01-26,0.6787418257040403
C02760,2026-01-26,0.5396886013910168
C02762,2026-01-26,0.7212566217780005
C02763,2026-01-26,0.5690898703769154
C02764,2026-01-26,0.23784737573629927
C02766,2026-01-26,0.5001220285108231
C02772,2026-01-26,0.2844362333968266
C02773,2026-01-26,0.31858731454737216
C02775,2026-01-26,0.37849122991600304
C02776,2026-01-26,0.3987132667297972
C02777,2026-01-26,0.7757631399895801
C02781,2026-01-26,0.6193185950860495
C02782,2026-01-26,0.4155331762821271
C02784,2026-01-26,0.2812957815734343
C02785,2026-01-26,0.19827846083423994
C02786,2026-01-26,0.848011032858186
C02796,2026-01-26,0.4020247865284735
C02797,2026-01-26,0.41137886035172855
C02800,2026-01-26,0.3549928326084322
C02802,2026-01-26,0.8364015762009319
C02803,2026-01-26,0.9563647274752273
C02804,2026-01-26,0.5405312411211333
C02808,2026-01-26,0.8311589133850592
C02816,2026-01-26,0.8654066138239573
C02817,2026-01-26,0.21195536846276666
C02819,2026-01-26,0.412574362920521
C02820,2026-01-26,0.25385802601558294
C02822,2026-01-26,0.7715061445363841
C02828,2026-01-26,0.34925665567774833
C02829,2026-01-26,0.25405547679314133
C02830,2026-01-26,0.39453163996694324
C02831,2026-01-26,0.3690618986917622
C02834,2026-01-26,0.7944291169924625
C02837,2026-01-26,0.7224589262465998
C02838,2026-01-26,0.23463967587656123
C02840,2026-01-26,0.9045563234479812
C02842,2026-01-26,0.22177833484614898
C02843,2026-01-26,0.512811610606202
C02844,2026-01-26,0.5786342100238319
C02846,2026-01-26,0.888174190998036
C02847,2026-01-26,0.4294833266647194
C02851,2026-01-26,0.7512502948153126
C02853,2026-01-26,0.3552377553346903
C02854,2026-01-26,0.5564554888345584
C02855,2026-01-26,0.3719674410700004
C02856,2026-01-26,0.2344954380390864
C02857,2026-01-26,0.3802210029924468
C02861,2026-01-26,0.1798116275460819
C02863,2026-01-26,0.20182636310643168
C02868,2026-01-26,0.32139430321765156
C02869,2026-01-26,0.3318206133549846
C02872,2026-01-26,0.22306693176808784
C02875,2026-01-26,0.5553802310705094
C02876,2026-01-26,0.8544871992616115
C02877,2026-01-26,0.14896866715279017
C02879,2026-01-26,0.6973085655841116
C02883,2026-01-26,0.40344325799018765
C02886,2026-01-26,0.4279185619658749
C02889,2026-01-26,0.6535122302414552
C02891,2026-01-26,0.5267223642859915
C02893,2026-01-26,0.4213253718580737
C02894,2026-01-26,0.6827750519087374
C02895,2026-01-26,0.5692226350998909
C02897,2026-01-26,0.7644186152971482
C02901,2026-01-26,0.9199422484030413
C02904,2026-01-26,0.7115984661619628
C02908,2026-01-26,0.31786740498299787
C02910,2026-01-26,0.4099792095944901
C02912,2026-01-26,0.750993611673044
C02914,2026-01-26,0.4134160689201268
C02915,2026-01-26,0.43168401614267293
C02916,2026-01-26,0.8046197791150648
C02918,2026-01-26,0.7816379401017779
C02920,2026-01-26,0.4589150855845633
C02921,2026-01-26,0.8995647776465896
C02924,2026-01-26,0.4929065378678222
C02925,2026-01-26,0.6010061607803105
C02927,2026-01-26,0.607416069614617
C02930,2026-01-26,0.3347617850847246
C02932,2026-01-26,0.8002504649521428
C02933,2026-01-26,0.8815116136669433
C02935,2026-01-26,0.33112733315559406
C02936,2026-01-26,0.6336005041269858
C02938,2026-01-26,0.6346920452556382
C02941,2026-01-26,0.6885055615590459
C02942,2026-01-26,0.806173173505694
C02943,2026-01-26,0.41120481864740727
C02944,2026-01-26,0.5627582852259796
C02945,2026-01-26,0.48900955714092575
C02948,2026-01-26,0.7967574137774521
C02949,2026-01-26,0.37167339824310425
C02956,2026-01-26,0.2816740786250824
C02958,2026-01-26,0.6908708606446745
C02964,2026-01-26,0.29445473184253046
C02968,2026-01-26,0.27240778920198744
C02970,2026-01-26,0.7084558441888423
C02972,2026-01-26,0.4735822189806503
C02973,2026-01-26,0.27400893924088776
C02974,2026-01-26,0.5083367609194334
C02978,2026-01-26,0.5002024774518592
C02979,2026-01-26,0.31330071585813524
C02980,2026-01-26,0.5262416969810199
C02983,2026-01-26,0.30086259305341106
C02987,2026-01-26,0.33615529019280266
C02989,2026-01-26,0.25646514810931625
C02991,2026-01-26,0.4805253540497846
C02992,2026-01-26,0.3730114630171013
C02995,2026-01-26,0.8761885524630227
C02998,2026-01-26,0.22533499187765388
C03000,2026-01-26,0.8885150755949682
C03003,2026-01-26,0.2418757570963925
C03005,2026-01-26,0.7539050300994238
C03011,2026-01-26,0.495828976028181
C03013,2026-01-26,0.9501514512564868
C03014,2026-01-26,0.6283584299377821
C03017,2026-01-26,0.3482254621081651
C03018,2026-01-26,0.6129670660381988
C03019,2026-01-26,0.30384653524743915
C03020,2026-01-26,0.7445869891478816
C03022,2026-01-26,0.5260735657228961
C03028,2026-01-26,0.36681947255906616
C03036,2026-01-26,0.29004800638975786
C03038,2026-01-26,0.230850502975372
C03039,2026-01-26,0.27421078620023526
C03042,2026-01-26,0.362414067002211
C03046,2026-01-26,0.3340729796632473
C03048,2026-01-26,0.1729101373203304
C03049,2026-01-26,0.4800010560206463
C03053,2026-01-26,0.6638430772015144
C03054,2026-01-26,0.35281810976600214
C03055,2026-01-26,0.6827620432787882
C03056,2026-01-26,0.14487508783702985
C03057,2026-01-26,0.19399855810875163
C03058,2026-01-26,0.3265843568594838
C03065,2026-01-26,0.9259617420697382
C03067,2026-01-26,0.2199164014821237
C03068,2026-01-26,0.37723103632678273
C03070,2026-01-26,0.9672554871872553
C03076,2026-01-26,0.17814473166807063
C03085,2026-01-26,0.6063125569699341
C03086,2026-01-26,0.3958762363592549
C03088,2026-01-26,0.9111411530854466
C03093,2026-01-26,0.6564405660015875
C03095,2026-01-26,0.4074338747004753
C03097,2026-01-26,0.9132758004547062
C03100,2026-01-26,0.8839991812426098
C03102,2026-01-26,0.623973922724301
C03103,2026-01-26,0.2765742420895299
C03104,2026-01-26,0.6157341434672482
C03106,2026-01-26,0.370108271311569
C03107,2026-01-26,0.7770346641501518
C03110,2026-01-26,0.37672880334237974
C03111,2026-01-26,0.9182173676961958
C03112,2026-01-26,0.45364614812809373
C03113,2026-01-26,0.42414436732540634
C03116,2026-01-26,0.5301662376117133
C03120,2026-01-26,0.2649662549272579
C03125,2026-01-26,0.8543332617867863
C03126,2026-01-26,0.6155296826142994
C03128,2026-01-26,0.5026309893707226
C03129,2026-01-26,0.19209123291224342
C03130,2026-01-26,0.2845831447364949
C03132,2026-01-26,0.6429167263370478
C03133,2026-01-26,0.2845264731725386
C03134,2026-01-26,0.5793722389382725
C03138,2026-01-26,0.23956763835788544
C03146,2026-01-26,0.29155991078379195
C03147,2026-01-26,0.27168353982778465
C03151,2026-01-26,0.4640828569014929
C03153,2026-01-26,0.6820208718264288
C03157,2026-01-26,0.7436714493294775
C03160,2026-01-26,0.33690010838296236
C03161,2026-01-26,0.7417667506453279
C03163,2026-01-26,0.3570152079286933
C03165,2026-01-26,0.6156163870417252
C03167,2026-01-26,0.862447345898824
C03168,2026-01-26,0.5867084677008237
C03169,2026-01-26,0.4469057639710298
C03171,2026-01-26,0.3234658689783668
C03182,2026-01-26,0.42638613775496037
C03183,2026-01-26,0.3001466302982989
C03185,2026-01-26,0.8657461146297653
C03186,2026-01-26,0.7740423544521826
C03187,2026-01-26,0.814531667585507
C03188,2026-01-26,0.5180472678795134
C03189,2026-01-26,0.46494191527741896
C03190,2026-01-26,0.4455570001763187
C03192,2026-01-26,0.31270075099596006
C03195,2026-01-26,0.2398429015508075
C03196,2026-01-26,0.37854698280846394
C03200,2026-01-26,0.6239577655943348
C03201,2026-01-26,0.8757497741947465
C03202,2026-01-26,0.4841424772703934
C03203,2026-01-26,0.342568970226939
C03204,2026-01-26,0.4350686864961099
C03206,2026-01-26,0.9291856537096528
C03207,2026-01-26,0.37319884783160245
C03208,2026-01-26,0.8057299095789789
C03211,2026-01-26,0.9813505355448201
C03214,2026-01-26,0.48821467292730636
C03215,2026-01-26,0.3718734025367765
C03218,2026-01-26,0.4025161135017852
C03221,2026-01-26,0.3276155143127131
C03226,2026-01-26,0.2632809196846109
C03227,2026-01-26,0.40672190845763034
C03229,2026-01-26,0.703800733334774
C03230,2026-01-26,0.3527015929122799
C03232,2026-01-26,0.8130642278683302
C03236,2026-01-26,0.2986629208599469
C03237,2026-01-26,0.19368443196950524
C03241,2026-01-26,0.9596201400084103
C03242,2026-01-26,0.35197713936460906
C03246,2026-01-26,0.5410879331488981
C03250,2026-01-26,0.3269243025756475
C03252,2026-01-26,0.21903107899110816
C03259,2026-01-26,0.9602033254294282
C03263,2026-01-26,0.8305115067982262
C03265,2026-01-26,0.5830504804844535
C03266,2026-01-26,0.18939769968100043
C03269,2026-01-26,0.3656480932562599
C03270,2026-01-26,0.3221052596491141
C03271,2026-01-26,0.31168258571157825
C03272,2026-01-26,0.41455372228032095
C03273,2026-01-26,0.30659917180280993
C03274,2026-01-26,0.566178652307522
C03277,2026-01-26,0.9504704299364489
C03280,2026-01-26,0.3780105031549894
C03281,2026-01-26,0.522705697885205
C03282,2026-01-26,0.7025191172298645
C03283,2026-01-26,0.8120460309881232
C03285,2026-01-26,0.5405884834300265
C03286,2026-01-26,0.38918618554436174
C03288,2026-01-26,0.3182186833270219
C03289,2026-01-26,0.5610525164509379
C03293,2026-01-26,0.2627124034748092
C03295,2026-01-26,0.5678851603621581
C03296,2026-01-26,0.7486343493357693
C03297,2026-01-26,0.8498712545468272
C03298,2026-01-26,0.761462704863939
C03299,2026-01-26,0.2408701821280275
C03300,2026-01-26,0.5381025377817179
C03301,2026-01-26,0.7445645965115492
C03305,2026-01-26,0.6181971333775464
C03306,2026-01-26,0.33648033575741515
C03308,2026-01-26,0.4528432464526601
C03311,2026-01-26,0.45218088550722546
C03312,2026-01-26,0.8083870578929425
C03314,2026-01-26,0.314673593479981
C03316,2026-01-26,0.7001090494639011
C03320,2026-01-26,0.3131064233460108
C03322,2026-01-26,0.36651805678596383
C03326,2026-01-26,0.30199010975465584
C03327,2026-01-26,0.4827405301725093
C03329,2026-01-26,0.31748200440647417
C03331,2026-01-26,0.702019207394075
C03332,2026-01-26,0.8261299362206936
C03333,2026-01-26,0.8700692652489046
C03334,2026-01-26,0.3970216305612575
C03339,2026-01-26,0.4052802240138441
C03342,2026-01-26,0.1587846455805822
C03344,2026-01-26,0.9583635927143525
C03346,2026-01-26,0.30222977106304827
C03352,2026-01-26,0.25234205978025576
C03353,2026-01-26,0.7518662045602695
C03355,2026-01-26,0.9585888023171589
C03356,2026-01-26,0.43092807384730775
C03359,2026-01-26,0.3459700338927889
C03363,2026-01-26,0.5368920890652596
C03364,2026-01-26,0.5351288009869473
C03365,2026-01-26,0.2627837347690924
C03366,2026-01-26,0.4245557955085864
C03369,2026-01-26,0.8085991265026671
C03370,2026-01-26,0.2064587947685081
C03371,2026-01-26,0.39366483509056377
C03377,2026-01-26,0.24893581636478126
C03379,2026-01-26,0.3092393797592413
C03381,2026-01-26,0.6936516943323294
C03382,2026-01-26,0.3067077235278632
C03384,2026-01-26,0.41571370597720847
C03386,2026-01-26,0.29648151124194216
C03387,2026-01-26,0.2981890333328239
C03392,2026-01-26,0.6816795334681199
C03393,2026-01-26,0.8124079389802351
C03394,2026-01-26,0.5655286982643598
C03397,2026-01-26,0.4169759771814596
C03402,2026-01-26,0.5604518117153412
C03410,2026-01-26,0.5802195430701459
C03413,2026-01-26,0.3395749315691808
C03414,2026-01-26,0.5296998105808244
C03416,2026-01-26,0.19484365188899513
C03417,2026-01-26,0.7060500305677849
C03419,2026-01-26,0.5791944487029334
C03424,2026-01-26,0.28479762641274825
C03425,2026-01-26,0.47393541295030295
C03427,2026-01-26,0.3848745655330838
C03429,2026-01-26,0.7982459462190229
C03431,2026-01-26,0.3248848288424027
C03433,2026-01-26,0.1952416525931816
C03435,2026-01-26,0.29164808142171333
C03437,2026-01-26,0.7037679541373066
C03439,2026-01-26,0.19856243455055886
C03440,2026-01-26,0.4111716824657047
C03441,2026-01-26,0.4292217616611432
C03442,2026-01-26,0.872048940268534
C03443,2026-01-26,0.2899217543797385
C03449,2026-01-26,0.5965380095729682
C03450,2026-01-26,0.7444841826375657
C03452,2026-01-26,0.27866974731095223
C03454,2026-01-26,0.7418605603856128
C03457,2026-01-26,0.3985465993876596
C03461,2026-01-26,0.7247326393425507
C03467,2026-01-26,0.6665419594947577
C03468,2026-01-26,0.5881784957248463
C03469,2026-01-26,0.9782621114013459
C03472,2026-01-26,0.326618918483609
C03473,2026-01-26,0.5558855349369052
C03475,2026-01-26,0.20441528179671845
C03479,2026-01-26,0.2477475392065678
C03481,2026-01-26,0.6728991489726012
C03482,2026-01-26,0.2597804207144081
C03483,2026-01-26,0.5244117979031766
C03485,2026-01-26,0.20832900964622805
C03488,2026-01-26,0.44225070556431645
C03493,2026-01-26,0.4331631804534074
C03495,2026-01-26,0.3718073251152892
C03499,2026-01-26,0.8669130548967737
C03500,2026-01-26,0.4450030750084999
C00002,2026-02-25,0.8736517623875788
C00003,2026-02-25,0.3433165582742118
C00004,2026-02-25,0.7205278882227211
C00006,2026-02-25,0.5739384646237207
C00012,2026-02-25,0.7295623677059367
C00014,2026-02-25,0.3063892494171463
C00015,2026-02-25,0.9497451374390512
C00018,2026-02-25,0.38853442207283745
C00019,2026-02-25,0.35751814418710676
C00020,2026-02-25,0.2754718958549626
C00021,2026-02-25,0.7140733426469456
C00022,2026-02-25,0.92668623361285
C00024,2026-02-25,0.7309754439892628
C00027,2026-02-25,0.5485483607199186
C00028,2026-02-25,0.38322436529220544
C00031,2026-02-25,0.6923184894165638
C00034,2026-02-25,0.3318556215884953
C00040,2026-02-25,0.8632302919542163
C00048,2026-02-25,0.6067413842063409
C00049,2026-02-25,0.20190791417984247
C00050,2026-02-25,0.31965325542079703
C00051,2026-02-25,0.957115316282316
C00054,2026-02-25,0.14948834855828302
C00055,2026-02-25,0.16366407357789914
C00058,2026-02-25,0.7070316252784217
C00059,2026-02-25,0.825790142157249
C00060,2026-02-25,0.6254719129108094
C00061,2026-02-25,0.6198893420255578
C00064,2026-02-25,0.7758098908016082
C00067,2026-02-25,0.22033619463817997
C00068,2026-02-25,0.3644812839115198
C00070,2026-02-25,0.5200904990390327
C00073,2026-02-25,0.24885825910011655
C00074,2026-02-25,0.6103832007246938
C00076,2026-02-25,0.629764943259075
C00077,2026-02-25,0.7933298821003798
C00082,2026-02-25,0.43727382845142726
C00083,2026-02-25,0.636862688450864
C00085,2026-02-25,0.3565786620749643
C00088,2026-02-25,0.5054823482134013
C00089,2026-02-25,0.771622738657109
C00092,2026-02-25,0.5299937734398984
C00099,2026-02-25,0.9582721542708749
C00100,2026-02-25,0.519857632127561
C00101,2026-02-25,0.4006590311360891
C00104,2026-02-25,0.3874188832890791
C00105,2026-02-25,0.3472403291869097
C00110,2026-02-25,0.4903662068521009
C00113,2026-02-25,0.5802188775947144
C00114,2026-02-25,0.3287337804357539
C00115,2026-02-25,0.268218049151307
C00117,2026-02-25,0.3076101552181423
C00119,2026-02-25,0.5695966684779026
C00120,2026-02-25,0.4561475899331466
C00122,2026-02-25,0.4854543194470453
C00123,2026-02-25,0.35342664687405617
C00126,2026-02-25,0.24534749581429033
C00127,2026-02-25,0.8148590670286716
C00128,2026-02-25,0.4810503873159972
C00130,2026-02-25,0.26566395129619635
C00132,2026-02-25,0.5893661593094226
C00133,2026-02-25,0.7577892926861584
C00134,2026-02-25,0.46564172897727196
C00135,2026-02-25,0.8083835061723497
C00136,2026-02-25,0.5324976976309064
C00140,2026-02-25,0.788148371228943
C00141,2026-02-25,0.5810075138729943
C00145,2026-02-25,0.2821820650837597
C00146,2026-02-25,0.22086708035581504
C00148,2026-02-25,0.47214967999260327
C00149,2026-02-25,0.8669322519885567
C00150,2026-02-25,0.2486030359184346
C00151,2026-02-25,0.40909968682048925
C00153,2026-02-25,0.7985000131733194
C00158,2026-02-25,0.333020751541879
C00160,2026-02-25,0.2368365325531335
C00161,2026-02-25,0.28478202328439517
C00164,2026-02-25,0.825150592296831
C00166,2026-02-25,0.5296350403278615
C00167,2026-02-25,0.8000486866037156
C00168,2026-02-25,0.7197102700952559
C00170,2026-02-25,0.4549995205332481
C00176,2026-02-25,0.7001513086927266
C00178,2026-02-25,0.8124783525277302
C00179,2026-02-25,0.8222763742743885
C00188,2026-02-25,0.5251201197557813
C00189,2026-02-25,0.4217305901188955
C00195,2026-02-25,0.6058279512836363
C00196,2026-02-25,0.371964773567743
C00198,2026-02-25,0.7968521389783921
C00201,2026-02-25,0.5820922801696102
C00203,2026-02-25,0.2656604743789628
C00204,2026-02-25,0.8637177306075254
C00205,2026-02-25,0.5303796678606807
C00208,2026-02-25,0.46855406645617237
C00210,2026-02-25,0.4172233700521717
C00215,2026-02-25,0.5482564863345378
C00218,2026-02-25,0.5867664537994317
C00221,2026-02-25,0.7702305556226406
C00232,2026-02-25,0.8503029069210708
C00234,2026-02-25,0.4212919175530441
C00235,2026-02-25,0.28313276051210284
C00238,2026-02-25,0.8001009567909945
C00241,2026-02-25,0.4271203702136001
C00243,2026-02-25,0.16162216528375495
C00246,2026-02-25,0.31474873571783485
C00249,2026-02-25,0.7458438840760048
C00251,2026-02-25,0.3805668454244398
C00256,2026-02-25,0.38709650412660207
C00257,2026-02-25,0.18242600387225405
C00260,2026-02-25,0.5659752386752878
C00263,2026-02-25,0.524619496145037
C00265,2026-02-25,0.5748333694149049
C00266,2026-02-25,0.26011295810218443
C00270,2026-02-25,0.7027462618223789
C00271,2026-02-25,0.3103853226513769
C00272,2026-02-25,0.42339576495600273
C00274,2026-02-25,0.8788620507269213
C00275,2026-02-25,0.538312061767318
C00277,2026-02-25,0.1496338208476702
C00281,2026-02-25,0.19283457136939336
C00284,2026-02-25,0.7786262770187902
C00285,2026-02-25,0.9320205132746429
C00286,2026-02-25,0.5235997251991942
C00289,2026-02-25,0.2011221954957244
C00292,2026-02-25,0.5828285002384385
C00293,2026-02-25,0.43803113866248444
C00294,2026-02-25,0.7220813385162337
C00299,2026-02-25,0.7821887020015874
C00304,2026-02-25,0.3088484135569847
C00309,2026-02-25,0.7061072641784539
C00311,2026-02-25,0.8898913036254334
C00313,2026-02-25,0.5368980889236878
C00315,2026-02-25,0.6077902416724659
C00319,2026-02-25,0.6579106131805124
C00324,2026-02-25,0.5029914619652358
C00326,2026-02-25,0.359773706805789
C00327,2026-02-25,0.558859763570795
C00328,2026-02-25,0.5394974623554638
C00329,2026-02-25,0.14614107529002449
C00330,2026-02-25,0.42989459441148026
C00331,2026-02-25,0.8313360039116433
C00333,2026-02-25,0.9498182251977895
C00335,2026-02-25,0.5634914794907323
C00336,2026-02-25,0.3706309670903299
C00339,2026-02-25,0.48921354570012615
C00341,2026-02-25,0.3894354544092762
C00343,2026-02-25,0.27640588547660583
C00347,2026-02-25,0.7527863199473418
C00351,2026-02-25,0.9833127928035098
C00352,2026-02-25,0.7191492379659926
C00358,2026-02-25,0.4083768696643242
C00360,2026-02-25,0.652159346452299
C00364,2026-02-25,0.44390029159046873
C00365,2026-02-25,0.903919558894428
C00366,2026-02-25,0.7722466701995329
C00369,2026-02-25,0.8329427966433335
C00371,2026-02-25,0.6392956089932409
C00373,2026-02-25,0.7553352636358686
C00375,2026-02-25,0.7984020348410302
C00378,2026-02-25,0.8495820376796277
C00379,2026-02-25,0.697427303140118
C00380,2026-02-25,0.905795508023012
C00383,2026-02-25,0.19689420594331555
C00384,2026-02-25,0.2603035288960783
C00386,2026-02-25,0.5921185694187088
C00387,2026-02-25,0.2819242589799246
C00388,2026-02-25,0.126516464231961
C00389,2026-02-25,0.6322951257576828
C00393,2026-02-25,0.392003573961391
C00394,2026-02-25,0.6057281593286815
C00397,2026-02-25,0.5105540044025144
C00399,2026-02-25,0.4006909140050094
C00400,2026-02-25,0.5360295068074992
C00405,2026-02-25,0.21632626530963647
C00406,2026-02-25,0.22045974684267106
C00411,2026-02-25,0.5859267743480063
C00412,2026-02-25,0.38794958547364494
C00415,2026-02-25,0.9669687235751313
C00419,2026-02-25,0.21631313244024666
C00420,2026-02-25,0.6451843736690426
C00421,2026-02-25,0.7299556329507748
C00422,2026-02-25,0.9191095911241047
C00424,2026-02-25,0.8906342362843297
C00426,2026-02-25,0.9806751955662725
C00434,2026-02-25,0.8089578073268765
C00440,2026-02-25,0.2952872313726082
C00443,2026-02-25,0.5107009089501559
C00446,2026-02-25,0.357206769776362
C00447,2026-02-25,0.9464263559516346
C00448,2026-02-25,0.5123118780458111
C00449,2026-02-25,0.3105757684564293
C00450,2026-02-25,0.9593146996988193
C00453,2026-02-25,0.616963624023793
C00456,2026-02-25,0.5804819620692837
C00458,2026-02-25,0.903172899470661
C00460,2026-02-25,0.6223805566024566
C00464,2026-02-25,0.39006964208749545
C00467,2026-02-25,0.2823252937077069
C00468,2026-02-25,0.6056033996079526
C00469,2026-02-25,0.45637871796451857
C00471,2026-02-25,0.7685105131902085
C00473,2026-02-25,0.5999282503623066
C00476,2026-02-25,0.832231034514597
C00480,2026-02-25,0.5580885830323986
C00482,2026-02-25,0.8206520686635003
C00483,2026-02-25,0.490785025134853
C00484,2026-02-25,0.668580789501311
C00486,2026-02-25,0.2438736078150415
C00491,2026-02-25,0.49515837796801393
C00498,2026-02-25,0.16182209547976728
C00500,2026-02-25,0.45285405610553353
C00504,2026-02-25,0.4537880911182498
C00505,2026-02-25,0.16207704441915635
C00509,2026-02-25,0.9076161414368833
C00515,2026-02-25,0.17796114370328617
C00516,2026-02-25,0.5053630636533577
C00518,2026-02-25,0.7410212350463993
C00523,2026-02-25,0.38879267671535894
C00525,2026-02-25,0.20268171037877683
C00526,2026-02-25,0.5296124412219333
C00527,2026-02-25,0.2246173923154627
C00528,2026-02-25,0.17956237254468033
C00533,2026-02-25,0.41164994076685935
C00538,2026-02-25,0.49300991657177146
C00539,2026-02-25,0.648308123465681
C00541,2026-02-25,0.8211852127358481
C00542,2026-02-25,0.67448516862024
C00544,2026-02-25,0.20516253831780942
C00545,2026-02-25,0.40216865026513354
C00548,2026-02-25,0.3702231696919398
C00553,2026-02-25,0.6449408227091994
C00559,2026-02-25,0.58591367284426
C00561,2026-02-25,0.33977128249443583
C00566,2026-02-25,0.9042250760635905
C00567,2026-02-25,0.501378931494545
C00568,2026-02-25,0.6645663698707628
C00573,2026-02-25,0.24015982552559523
C00574,2026-02-25,0.2846665434412614
C00575,2026-02-25,0.46037452932614875
C00578,2026-02-25,0.38617236658772813
C00579,2026-02-25,0.3173964267084991
C00585,2026-02-25,0.35421696679642967
C00588,2026-02-25,0.5519318606340057
C00590,2026-02-25,0.3457323280706526
C00592,2026-02-25,0.3593633176428054
C00593,2026-02-25,0.42599461798213767
C00595,2026-02-25,0.34912392330093883
C00597,2026-02-25,0.7771723167936233
C00602,2026-02-25,0.6700814842798737
C00606,2026-02-25,0.8646885223095028
C00611,2026-02-25,0.4293195524041573
C00619,2026-02-25,0.7939701397652451
C00620,2026-02-25,0.872280246943437
C00625,2026-02-25,0.5412179245051131
C00628,2026-02-25,0.46652190812689776
C00630,2026-02-25,0.35578630744643347
C00632,2026-02-25,0.39329929254315144
C00635,2026-02-25,0.5697584894314951
C00636,2026-02-25,0.2960120094152456
C00637,2026-02-25,0.3913630348364356
C00641,2026-02-25,0.7196586208950475
C00643,2026-02-25,0.6282424465709474
C00645,2026-02-25,0.6170496545751871
C00646,2026-02-25,0.4215221280320917
C00648,2026-02-25,0.3581448507780689
C00649,2026-02-25,0.6931542186391486
C00650,2026-02-25,0.6963465271190213
C00654,2026-02-25,0.9186007521661049
C00657,2026-02-25,0.7127494665503903
C00658,2026-02-25,0.3651434489086269
C00660,2026-02-25,0.346054277464048
C00661,2026-02-25,0.6825702709084214
C00664,2026-02-25,0.24391071114189802
C00666,2026-02-25,0.43379234207737355
C00667,2026-02-25,0.7947819400331932
C00668,2026-02-25,0.44243175897789716
C00669,2026-02-25,0.45732958836035736
C00672,2026-02-25,0.32433272847867883
C00673,2026-02-25,0.27471039089223775
C00675,2026-02-25,0.3612268073202765
C00676,2026-02-25,0.39900804357118286
C00678,2026-02-25,0.7405813587727292
C00680,2026-02-25,0.7610936906292634
C00685,2026-02-25,0.31874547619877647
C00687,2026-02-25,0.390097366001121
C00691,2026-02-25,0.7251901938616928
C00692,2026-02-25,0.43024123786963653
C00693,2026-02-25,0.662580514001618
C00696,2026-02-25,0.946946023712789
C00699,2026-02-25,0.5081664140228848
C00701,2026-02-25,0.4671354270450212
C00705,2026-02-25,0.37926218993277294
C00707,2026-02-25,0.28104043250790967
C00708,2026-02-25,0.13881086527057562
C00710,2026-02-25,0.5728732858829143
C00715,2026-02-25,0.5400053377271555
C00717,2026-02-25,0.616839672598932
C00719,2026-02-25,0.8490777911362202
C00720,2026-02-25,0.5259144234155744
C00721,2026-02-25,0.8485786474828915
C00722,2026-02-25,0.45524813512978773
C00723,2026-02-25,0.4088001749961273
C00724,2026-02-25,0.9041232925463626
C00725,2026-02-25,0.5756608470031763
C00726,2026-02-25,0.794222923661764
C00727,2026-02-25,0.41906320224438726
C00730,2026-02-25,0.9450259540715423
C00731,2026-02-25,0.6342865734137999
C00734,2026-02-25,0.28217953587534517
C00737,2026-02-25,0.6621956893634772
C00738,2026-02-25,0.5203386250418081
C00740,2026-02-25,0.8961639453357424
C00741,2026-02-25,0.3250872198586668
C00742,2026-02-25,0.8387832011088292
C00743,2026-02-25,0.683021554793434
C00747,2026-02-25,0.49550540917441827
C00752,2026-02-25,0.7357264206624703
C00754,2026-02-25,0.7366383198032788
C00755,2026-02-25,0.9002687777718936
C00759,2026-02-25,0.22182708325178038
C00760,2026-02-25,0.1088635785786704
C00763,2026-02-25,0.27696826507112693
C00764,2026-02-25,0.45992193123055114
C00767,2026-02-25,0.6914483592943322
C00768,2026-02-25,0.4849936141505576
C00771,2026-02-25,0.3153062978607939
C00776,2026-02-25,0.3770723611058878
C00778,2026-02-25,0.6734148892185573
C00779,2026-02-25,0.3740495019410468
C00781,2026-02-25,0.8618707553324393
C00782,2026-02-25,0.17914502926943252
C00792,2026-02-25,0.3447283360510289
C00793,2026-02-25,0.7204870063354754
C00794,2026-02-25,0.9162624527757232
C00802,2026-02-25,0.35214622539475854
C00803,2026-02-25,0.1968805979535074
C00805,2026-02-25,0.7655606284694894
C00807,2026-02-25,0.1188415988716561
C00809,2026-02-25,0.595673129700488
C00811,2026-02-25,0.9336782594197803
C00814,2026-02-25,0.49904985858180145
C00818,2026-02-25,0.5273757065264899
C00821,2026-02-25,0.2900993210294297
C00822,2026-02-25,0.7639233563174672
C00824,2026-02-25,0.3524049134374231
C00825,2026-02-25,0.25417349178634235
C00826,2026-02-25,0.27048404860836767
C00827,2026-02-25,0.2423569539091252
C00828,2026-02-25,0.23239449577141358
C00834,2026-02-25,0.39271054808004024
C00835,2026-02-25,0.29457957526817524
C00836,2026-02-25,0.8268298408839021
C00837,2026-02-25,0.6078559369937139
C00838,2026-02-25,0.2894709686451837
C00840,2026-02-25,0.806043979138502
C00841,2026-02-25,0.8039006503214844
C00843,2026-02-25,0.6354187131035882
C00847,2026-02-25,0.37386508769325094
C00848,2026-02-25,0.3214435093202472
C00849,2026-02-25,0.6790779368249646
C00851,2026-02-25,0.8623770553210118
C00853,2026-02-25,0.43606546799705925
C00854,2026-02-25,0.908135372722448
C00856,2026-02-25,0.4200078416073741
C00860,2026-02-25,0.6352309813333421
C00865,2026-02-25,0.21224613409154877
C00868,2026-02-25,0.427572759578231
C00873,2026-02-25,0.4573812366991605
C00875,2026-02-25,0.890973117859714
C00877,2026-02-25,0.667715703636428
C00878,2026-02-25,0.4969884617435464
C00881,2026-02-25,0.390865889436051
C00883,2026-02-25,0.6612458755713863
C00884,2026-02-25,0.5458948250021283
C00885,2026-02-25,0.4987437745285111
C00886,2026-02-25,0.26462947710468854
C00889,2026-02-25,0.5212077699426395
C00891,2026-02-25,0.3317008542129054
C00892,2026-02-25,0.1878352716773511
C00896,2026-02-25,0.5579251560467403
C00901,2026-02-25,0.5348818279104433
C00902,2026-02-25,0.22309045291152418
C00904,2026-02-25,0.7470619695969423
C00906,2026-02-25,0.5387397977030778
C00908,2026-02-25,0.16905428303809228
C00909,2026-02-25,0.8301752623282103
C00910,2026-02-25,0.8777057728169076
C00912,2026-02-25,0.40329716603704596
C00913,2026-02-25,0.6827386096394236
C00914,2026-02-25,0.9096969436669308
C00915,2026-02-25,0.5841829961768162
C00916,2026-02-25,0.6643523532147474
C00917,2026-02-25,0.7423953676910626
C00919,2026-02-25,0.4257694844869778
C00921,2026-02-25,0.2511164522287098
C00922,2026-02-25,0.5663227684776745
C00924,2026-02-25,0.49621299549410525
C00925,2026-02-25,0.8863679429451178
C00927,2026-02-25,0.49218513849723927
C00928,2026-02-25,0.23184838939486788
C00934,2026-02-25,0.4006980544248454
C00935,2026-02-25,0.3774008834389661
C00939,2026-02-25,0.6033596377209597
C00942,2026-02-25,0.35293187095158857
C00943,2026-02-25,0.6041983445965318
C00945,2026-02-25,0.8419789208484828
C00952,2026-02-25,0.8559188271510455
C00955,2026-02-25,0.37855712295359056
C00957,2026-02-25,0.6803986099922302
C00963,2026-02-25,0.39755563007625633
C00964,2026-02-25,0.5210368234544815
C00966,2026-02-25,0.4619011829095166
C00969,2026-02-25,0.4527616523157432
C00970,2026-02-25,0.7783248864383002
C00974,2026-02-25,0.17687210545450213
C00984,2026-02-25,0.6493578027498823
C00985,2026-02-25,0.6230521525812024
C00987,2026-02-25,0.27741281536776774
C00988,2026-02-25,0.8951100843880327
C00991,2026-02-25,0.27706370293341087
C00992,2026-02-25,0.5931907363541232
C00994,2026-02-25,0.34521879204280576
C00995,2026-02-25,0.7003656360344153
C00996,2026-02-25,0.9328687723401542
C00998,2026-02-25,0.9077550058315108
C00999,2026-02-25,0.8150422149347777
C01003,2026-02-25,0.280108116702458
C01006,2026-02-25,0.8023388745850537
C01012,2026-02-25,0.5359786604594571
C01013,2026-02-25,0.7099107836917158
C01015,2026-02-25,0.3422929858248084
C01017,2026-02-25,0.8262121147507374
C01019,2026-02-25,0.4580944621155408
C01022,2026-02-25,0.38307259239266345
C01025,2026-02-25,0.589467229067723
C01027,2026-02-25,0.19589029369978994
C01028,2026-02-25,0.3579310011405492
C01030,2026-02-25,0.5227634143180405
C01031,2026-02-25,0.19836927316745395
C01032,2026-02-25,0.34414183040345386
C01035,2026-02-25,0.4977483104204711
C01041,2026-02-25,0.7333050343121754
C01044,2026-02-25,0.2293291103740664
C01047,2026-02-25,0.6864427300378171
C01048,2026-02-25,0.24529562023157128
C01049,2026-02-25,0.37095665180182347
C01050,2026-02-25,0.9072083142729351
C01052,2026-02-25,0.7496456044329344
C01055,2026-02-25,0.9724252946729051
C01057,2026-02-25,0.9357349987549003
C01061,2026-02-25,0.3289261925252983
C01063,2026-02-25,0.5262400980246975
C01068,2026-02-25,0.6652942701296223
C01069,2026-02-25,0.4792766619713816
C01072,2026-02-25,0.2044742510695748
C01073,2026-02-25,0.37662136157406395
C01075,2026-02-25,0.917714539475532
C01077,2026-02-25,0.5669428302501551
C01079,2026-02-25,0.7733719198531234
C01080,2026-02-25,0.33183576257239317
C01081,2026-02-25,0.7357827476737258
C01082,2026-02-25,0.5883167799178811
C01083,2026-02-25,0.7063319774488074
C01084,2026-02-25,0.45476240264393253
C01085,2026-02-25,0.3117837344668648
C01087,2026-02-25,0.4345306082990312
C01090,2026-02-25,0.37367738324003363
C01091,2026-02-25,0.9898247404120801
C01093,2026-02-25,0.49702236028863783
C01095,2026-02-25,0.18660882248385519
C01096,2026-02-25,0.21606229468529892
C01099,2026-02-25,0.8718862343676475
C01100,2026-02-25,0.35705703592981913
C01101,2026-02-25,0.38934734144992755
C01103,2026-02-25,0.5320212029332456
C01104,2026-02-25,0.2701465586112889
C01109,2026-02-25,0.3887619034783203
C01114,2026-02-25,0.4200331394994379
C01117,2026-02-25,0.6392466854746401
C01118,2026-02-25,0.7352785569622136
C01120,2026-02-25,0.3605344876393132
C01121,2026-02-25,0.7071113890379066
C01125,2026-02-25,0.21323316639956352
C01131,2026-02-25,0.9545600621149405
C01132,2026-02-25,0.17776979408150853
C01133,2026-02-25,0.2426275306202595
C01137,2026-02-25,0.9320557428120014
C01138,2026-02-25,0.530231754532864
C01141,2026-02-25,0.6992129739253627
C01142,2026-02-25,0.6783154955791916
C01143,2026-02-25,0.6662302214146537
C01144,2026-02-25,0.2718314924305333
C01147,2026-02-25,0.8863916650386089
C01151,2026-02-25,0.16987040325491348
C01154,2026-02-25,0.66366427874487
C01155,2026-02-25,0.5869288797395275
C01156,2026-02-25,0.5256500246168975
C01157,2026-02-25,0.32217361614890805
C01159,2026-02-25,0.2510619053401237
C01161,2026-02-25,0.36218863475259666
C01165,2026-02-25,0.20102834587052199
C01167,2026-02-25,0.3766233561364706
C01168,2026-02-25,0.8334854999707297
C01172,2026-02-25,0.4846987307633226
C01173,2026-02-25,0.9478915401920899
C01174,2026-02-25,0.8194693364493764
C01178,2026-02-25,0.2962902159068723
C01179,2026-02-25,0.8794692152480885
C01189,2026-02-25,0.4855134802827657
C01192,2026-02-25,0.373268982833979
C01195,2026-02-25,0.43638455623894845
C01198,2026-02-25,0.4571678437965547
C01202,2026-02-25,0.8772011657775529
C01204,2026-02-25,0.6364912660640045
C01205,2026-02-25,0.6174726229080586
C01207,2026-02-25,0.3295658533526099
C01208,2026-02-25,0.752291004799492
C01209,2026-02-25,0.48439821198949545
C01216,2026-02-25,0.1580602894962829
C01221,2026-02-25,0.4326752638450661
C01223,2026-02-25,0.35386657068981053
C01224,2026-02-25,0.2893489176183624
C01232,2026-02-25,0.2630800993345318
C01234,2026-02-25,0.4786483644763041
C01235,2026-02-25,0.4548574369538562
C01237,2026-02-25,0.31965251794916866
C01240,2026-02-25,0.5655135486177186
C01243,2026-02-25,0.38399457466383213
C01244,2026-02-25,0.3255089900503548
C01245,2026-02-25,0.23482515955684602
C01247,2026-02-25,0.25614897847123874
C01248,2026-02-25,0.21244436231449612
C01251,2026-02-25,0.6903285942499657
C01253,2026-02-25,0.7132849686473228
C01256,2026-02-25,0.2525328361471202
C01261,2026-02-25,0.672232119115307
C01262,2026-02-25,0.7592385726797474
C01265,2026-02-25,0.2578142440075381
C01270,2026-02-25,0.8137048495567583
C01271,2026-02-25,0.7711770774376692
C01272,2026-02-25,0.6720783126815317
C01274,2026-02-25,0.9265882756834803
C01275,2026-02-25,0.1710984677543023
C01279,2026-02-25,0.8445725698920074
C01280,2026-02-25,0.9704225386980742
C01281,2026-02-25,0.5996518630409877
C01286,2026-02-25,0.3373579052442039
C01292,2026-02-25,0.6408530172451408
C01293,2026-02-25,0.3925106846494842
C01299,2026-02-25,0.7826280019538219
C01305,2026-02-25,0.8981459403260222
C01306,2026-02-25,0.39217018425450845
C01312,2026-02-25,0.912824382204997
C01314,2026-02-25,0.543043197030443
C01317,2026-02-25,0.7051930772115109
C01318,2026-02-25,0.6228016420258207
C01319,2026-02-25,0.9484124749334577
C01321,2026-02-25,0.37640200363970633
C01323,2026-02-25,0.39675186720732075
C01327,2026-02-25,0.27602137302039725
C01331,2026-02-25,0.747550219575907
C01332,2026-02-25,0.6845865685574133
C01337,2026-02-25,0.8666903827229678
C01340,2026-02-25,0.9428903643930499
C01344,2026-02-25,0.3056263543282026
C01346,2026-02-25,0.4948239044865663
C01347,2026-02-25,0.6494008889493029
C01349,2026-02-25,0.2197604215511293
C01350,2026-02-25,0.1687223120588782
C01351,2026-02-25,0.44249323935017626
C01353,2026-02-25,0.37518580526888573
C01354,2026-02-25,0.9305692766617208
C01355,2026-02-25,0.6004145700533231
C01356,2026-02-25,0.5504346342276744
C01358,2026-02-25,0.2724873152966242
C01359,2026-02-25,0.7785664787461042
C01362,2026-02-25,0.2213684260409632
C01367,2026-02-25,0.2579212625359838
C01372,2026-02-25,0.18622580988959944
C01373,2026-02-25,0.3421783234069614
C01375,2026-02-25,0.9461860999516182
C01376,2026-02-25,0.3197246363718609
C01379,2026-02-25,0.294776243869344
C01381,2026-02-25,0.3693280221899279
C01382,2026-02-25,0.6075314818710312
C01383,2026-02-25,0.6524785433578352
C01384,2026-02-25,0.4949986343904459
C01386,2026-02-25,0.47081308124986015
C01388,2026-02-25,0.3544826220541182
C01389,2026-02-25,0.7255746247940206
C01397,2026-02-25,0.8962799514734376
C01398,2026-02-25,0.1989793091605021
C01399,2026-02-25,0.601905908699862
C01400,2026-02-25,0.4900133532968871
C01401,2026-02-25,0.7155691344658083
C01404,2026-02-25,0.32465462969812037
C01405,2026-02-25,0.3101596107976204
C01406,2026-02-25,0.3590252855298453
C01408,2026-02-25,0.4977378523931734
C01415,2026-02-25,0.2603748677159478
C01416,2026-02-25,0.3423862669483181
C01418,2026-02-25,0.27795748760342176
C01420,2026-02-25,0.6624103975284711
C01421,2026-02-25,0.5496807662734592
C01424,2026-02-25,0.26209473170684516
C01431,2026-02-25,0.8142151017100798
C01435,2026-02-25,0.15553592887204593
C01438,2026-02-25,0.5451913900059623
C01440,2026-02-25,0.34773677982534634
C01441,2026-02-25,0.561743276847205
C01444,2026-02-25,0.31724139430225007
C01446,2026-02-25,0.13023107927750568
C01447,2026-02-25,0.32893002172020136
C01451,2026-02-25,0.6533805668341885
C01454,2026-02-25,0.27838601426959525
C01456,2026-02-25,0.7986519551485105
C01457,2026-02-25,0.5465148670967529
C01458,2026-02-25,0.6049512781741596
C01462,2026-02-25,0.9611392130575648
C01463,2026-02-25,0.22706237521449157
C01467,2026-02-25,0.7933927927256079
C01468,2026-02-25,0.23334870538682556
C01469,2026-02-25,0.47483366316283443
C01473,2026-02-25,0.5362824087182044
C01474,2026-02-25,0.47203594319295444
C01475,2026-02-25,0.5580820584777414
C01476,2026-02-25,0.4874474913863169
C01481,2026-02-25,0.8855356569612974
C01483,2026-02-25,0.1427260654046851
C01486,2026-02-25,0.6013453645888491
C01488,2026-02-25,0.31406582633884667
C01489,2026-02-25,0.8012842169151745
C01491,2026-02-25,0.6561805898865157
C01492,2026-02-25,0.3641773664964773
C01496,2026-02-25,0.42405235220451265
C01497,2026-02-25,0.34562409442109454
C01506,2026-02-25,0.46300019526335556
C01507,2026-02-25,0.5784947607440822
C01508,2026-02-25,0.9728813439023672
C01509,2026-02-25,0.22478420544233982
C01511,2026-02-25,0.7140546633011925
C01512,2026-02-25,0.7619434123900464
C01516,2026-02-25,0.9582772238273604
C01519,2026-02-25,0.2775595217693564
C01520,2026-02-25,0.39392677065143056
C01521,2026-02-25,0.2799180730296914
C01525,2026-02-25,0.3534720238667609
C01526,2026-02-25,0.14971697554544655
C01528,2026-02-25,0.3836653236374904
C01531,2026-02-25,0.8563323940181107
C01534,2026-02-25,0.2313310015723175
C01537,2026-02-25,0.7810612959850538
C01538,2026-02-25,0.7710708746373093
C01539,2026-02-25,0.4879384950963334
C01541,2026-02-25,0.8073026393141995
C01542,2026-02-25,0.525664118294139
C01543,2026-02-25,0.20336078509452402
C01544,2026-02-25,0.24838744596710435
C01546,2026-02-25,0.22487590115812942
C01553,2026-02-25,0.3463835977033041
C01554,2026-02-25,0.3725780432773443
C01556,2026-02-25,0.19191565253739698
C01561,2026-02-25,0.1548913872621565
C01562,2026-02-25,0.6839937152835869
C01564,2026-02-25,0.22894099147052918
C01573,2026-02-25,0.8065995160083603
C01575,2026-02-25,0.4047344178725523
C01579,2026-02-25,0.24594343746850408
C01581,2026-02-25,0.8539572664965274
C01583,2026-02-25,0.5742159773726843
C01584,2026-02-25,0.30391687573660114
C01585,2026-02-25,0.589194430340196
C01587,2026-02-25,0.23179861166318505
C01591,2026-02-25,0.903682430454897
C01592,2026-02-25,0.8956666379866814
C01595,2026-02-25,0.5202442467983764
C01596,2026-02-25,0.5305062745953706
C01597,2026-02-25,0.7485999622966988
C01598,2026-02-25,0.9751158380508332
C01599,2026-02-25,0.30462137882517293
C01600,2026-02-25,0.3234963969917819
C01606,2026-02-25,0.5463679078465751
C01608,2026-02-25,0.963058905018101
C01609,2026-02-25,0.4821933805214856
C01610,2026-02-25,0.19551254016371583
C01614,2026-02-25,0.7448446230796677
C01615,2026-02-25,0.31433588056092093
C01618,2026-02-25,0.802662865081352
C01619,2026-02-25,0.488006380885222
C01622,2026-02-25,0.3896221030158511
C01623,2026-02-25,0.24270913644129635
C01624,2026-02-25,0.2039842678953004
C01625,2026-02-25,0.48140151487412136
C01627,2026-02-25,0.6902407330764122
C01628,2026-02-25,0.49684154561353017
C01631,2026-02-25,0.40849324715557006
C01633,2026-02-25,0.36563997071645604
C01635,2026-02-25,0.5590456336176317
C01637,2026-02-25,0.7484972970433389
C01638,2026-02-25,0.3200961978300215
C01639,2026-02-25,0.4779075791824856
C01640,2026-02-25,0.6927284523117545
C01641,2026-02-25,0.30951918291638114
C01644,2026-02-25,0.6909416469578719
C01646,2026-02-25,0.90847772005747
C01649,2026-02-25,0.45554933675591536
C01651,2026-02-25,0.3617525681237674
C01652,2026-02-25,0.6071236199113881
C01655,2026-02-25,0.4666239450659952
C01657,2026-02-25,0.6032518831261443
C01658,2026-02-25,0.6055321489643813
C01659,2026-02-25,0.30298837145611784
C01660,2026-02-25,0.2773251167179614
C01663,2026-02-25,0.5740056866125903
C01664,2026-02-25,0.33846462711841435
C01667,2026-02-25,0.7999270483464705
C01668,2026-02-25,0.7183112497989494
C01672,2026-02-25,0.6886329707597835
C01673,2026-02-25,0.24180329991439561
C01676,2026-02-25,0.23413470412881102
C01677,2026-02-25,0.4834968463404122
C01678,2026-02-25,0.3742532195660796
C01680,2026-02-25,0.22673831812958498
C01681,2026-02-25,0.5097734559439974
C01682,2026-02-25,0.8306931126342624
C01685,2026-02-25,0.4073142463878265
C01690,2026-02-25,0.6596230469170373
C01691,2026-02-25,0.4888837439014874
C01694,2026-02-25,0.7079075184232831
C01696,2026-02-25,0.3457479839671432
C01697,2026-02-25,0.4536890178821702
C01699,2026-02-25,0.7258997118450656
C01700,2026-02-25,0.9503809913560055
C01701,2026-02-25,0.8367129847722076
C01702,2026-02-25,0.2907086140072019
C01703,2026-02-25,0.2453754137908099
C01704,2026-02-25,0.23032368312398876
C01706,2026-02-25,0.8165905431277326
C01708,2026-02-25,0.7129368433344343
C01711,2026-02-25,0.34464950164462776
C01712,2026-02-25,0.9714594320509607
C01713,2026-02-25,0.6555710415485466
C01714,2026-02-25,0.3639529131647664
C01716,2026-02-25,0.6085032657601992
C01717,2026-02-25,0.4479500888456477
C01720,2026-02-25,0.1664080905656238
C01724,2026-02-25,0.5566143484247414
C01726,2026-02-25,0.56146033056958
C01728,2026-02-25,0.8327534672311676
C01736,2026-02-25,0.45824643622279365
C01738,2026-02-25,0.32179715423524063
C01741,2026-02-25,0.7824697086332213
C01743,2026-02-25,0.731372556729138
C01747,2026-02-25,0.20687976525430876
C01748,2026-02-25,0.8595200024430765
C01752,2026-02-25,0.29115419462493547
C01753,2026-02-25,0.36791845122605427
C01755,2026-02-25,0.3624370273232527
C01756,2026-02-25,0.40361416176950776
C01757,2026-02-25,0.6326071999120698
C01759,2026-02-25,0.6110693717836391
C01761,2026-02-25,0.26907004738634244
C01762,2026-02-25,0.43745766755529014
C01763,2026-02-25,0.5885271078685401
C01764,2026-02-25,0.8293434528585912
C01767,2026-02-25,0.36763535088289273
C01768,2026-02-25,0.8906575216827678
C01769,2026-02-25,0.4433653468100668
C01771,2026-02-25,0.7834989598812375
C01776,2026-02-25,0.49405091974202525
C01780,2026-02-25,0.2355711339087794
C01785,2026-02-25,0.43306389505618703
C01787,2026-02-25,0.5092598479650625
C01788,2026-02-25,0.39130108763292354
C01795,2026-02-25,0.4211379014162178
C01796,2026-02-25,0.44058997582066317
C01797,2026-02-25,0.8053966834804182
C01798,2026-02-25,0.95132683135614
C01800,2026-02-25,0.27237868478025695
C01803,2026-02-25,0.37428567648121625
C01806,2026-02-25,0.23733892863392467
C01807,2026-02-25,0.7425661113594225
C01810,2026-02-25,0.24441150666308112
C01811,2026-02-25,0.8643428015816874
C01815,2026-02-25,0.9929054951005696
C01817,2026-02-25,0.2019057416836923
C01818,2026-02-25,0.8826088868505377
C01820,2026-02-25,0.18607571541334356
C01823,2026-02-25,0.2883923305918487
C01824,2026-02-25,0.8968065562979185
C01825,2026-02-25,0.45074268434326936
C01828,2026-02-25,0.36515386698357327
C01830,2026-02-25,0.7082596255333884
C01832,2026-02-25,0.25300891305510764
C01833,2026-02-25,0.9206054360163735
C01836,2026-02-25,0.5737229378766888
C01837,2026-02-25,0.8057564380344314
C01838,2026-02-25,0.4602469511160496
C01840,2026-02-25,0.24345077590163652
C01841,2026-02-25,0.464171244004502
C01842,2026-02-25,0.6728625301857928
C01844,2026-02-25,0.39666430099331523
C01845,2026-02-25,0.4735770441704661
C01848,2026-02-25,0.5757127809647072
C01849,2026-02-25,0.2326017646228329
C01850,2026-02-25,0.372111016422164
C01852,2026-02-25,0.8248440764788947
C01854,2026-02-25,0.2526507183647042
C01855,2026-02-25,0.7586356661123806
C01856,2026-02-25,0.6356506110745769
C01859,2026-02-25,0.8800669969914603
C01863,2026-02-25,0.5799865920420851
C01870,2026-02-25,0.40680570088424667
C01875,2026-02-25,0.5279254864474565
C01881,2026-02-25,0.3807995165724202
C01883,2026-02-25,0.6942483104941491
C01884,2026-02-25,0.23884241308343895
C01885,2026-02-25,0.8288915716393673
C01886,2026-02-25,0.5209090445160627
C01887,2026-02-25,0.6080169600592313
C01888,2026-02-25,0.6099953930833412
C01893,2026-02-25,0.5701287894195938
C01900,2026-02-25,0.9106579056840219
C01901,2026-02-25,0.27486002424977873
C01904,2026-02-25,0.47060863205171616
C01907,2026-02-25,0.5172300757533724
C01910,2026-02-25,0.7824182509906373
C01911,2026-02-25,0.731416986782451
C01914,2026-02-25,0.36892152304240994
C01915,2026-02-25,0.5820080604756186
C01917,2026-02-25,0.692877038011422
C01920,2026-02-25,0.6011123782168702
C01922,2026-02-25,0.2778311235395012
C01925,2026-02-25,0.1925975446057092
C01928,2026-02-25,0.8086736265361101
C01929,2026-02-25,0.4477596484056677
C01931,2026-02-25,0.31726540330004216
C01932,2026-02-25,0.39663294755752554
C01934,2026-02-25,0.3758494629437175
C01941,2026-02-25,0.22162978882051418
C01942,2026-02-25,0.7347496465576974
C01943,2026-02-25,0.2459710302543644
C01944,2026-02-25,0.407151190014764
C01946,2026-02-25,0.13221475476022015
C01948,2026-02-25,0.6863160945102013
C01949,2026-02-25,0.5356512205263736
C01950,2026-02-25,0.7998560839777045
C01951,2026-02-25,0.7072496365959923
C01952,2026-02-25,0.5922158090858946
C01953,2026-02-25,0.622208947989358
C01954,2026-02-25,0.6305494935168319
C01958,2026-02-25,0.2912332505998503
C01959,2026-02-25,0.14826101117114943
C01961,2026-02-25,0.7465540163916309
C01965,2026-02-25,0.6023205470012274
C01966,2026-02-25,0.24489916933249248
C01968,2026-02-25,0.5841940463317022
C01970,2026-02-25,0.1710530142954444
C01972,2026-02-25,0.5245269917961453
C01974,2026-02-25,0.5282087487625347
C01975,2026-02-25,0.7614723349760109
C01976,2026-02-25,0.34899032089341886
C01977,2026-02-25,0.3291637104258183
C01982,2026-02-25,0.5423369010121762
C01983,2026-02-25,0.5088924394504669
C01986,2026-02-25,0.6570795857878177
C01988,2026-02-25,0.39086286438880435
C01989,2026-02-25,0.5972673339423646
C01995,2026-02-25,0.4182925111679411
C02000,2026-02-25,0.7014453685415135
C02002,2026-02-25,0.9436839542734364
C02003,2026-02-25,0.4869909942154181
C02005,2026-02-25,0.307189254159252
C02010,2026-02-25,0.9365652201381275
C02011,2026-02-25,0.21832031286224063
C02013,2026-02-25,0.34703384835050183
C02014,2026-02-25,0.768044366791489
C02016,2026-02-25,0.34487494987167866
C02018,2026-02-25,0.34996765952193015
C02024,2026-02-25,0.33488912076477156
C02025,2026-02-25,0.12011980999609548
C02028,2026-02-25,0.8495187893799725
C02029,2026-02-25,0.7263621783908712
C02030,2026-02-25,0.3117007509707615
C02034,2026-02-25,0.16653170043332827
C02035,2026-02-25,0.7360205776662073
C02036,2026-02-25,0.7252630017896871
C02037,2026-02-25,0.694810055289358
C02038,2026-02-25,0.8866587351917109
C02040,2026-02-25,0.2482613455059748
C02041,2026-02-25,0.5727826438673926
C02045,2026-02-25,0.17740620499426316
C02049,2026-02-25,0.4730652571210145
C02050,2026-02-25,0.4684803627327335
C02054,2026-02-25,0.15069104300158723
C02055,2026-02-25,0.3134341954731823
C02056,2026-02-25,0.9882919626671168
C02057,2026-02-25,0.34860917678112346
C02060,2026-02-25,0.3543468124667728
C02065,2026-02-25,0.472775731267666
C02067,2026-02-25,0.48299224051482914
C02069,2026-02-25,0.38734777310537893
C02074,2026-02-25,0.2899668037196703
C02075,2026-02-25,0.21245820827896525
C02076,2026-02-25,0.6682713342934189
C02077,2026-02-25,0.42659475192145346
C02078,2026-02-25,0.9018013246091773
C02080,2026-02-25,0.25260248186758927
C02082,2026-02-25,0.2559222500286027
C02083,2026-02-25,0.5206307542193088
C02090,2026-02-25,0.35733319603730396
C02091,2026-02-25,0.48250290087568376
C02096,2026-02-25,0.6389638255574464
C02103,2026-02-25,0.3712030365644854
C02104,2026-02-25,0.5447310296129122
C02105,2026-02-25,0.44648284182553105
C02109,2026-02-25,0.5061646238059109
C02111,2026-02-25,0.7875791421534939
C02116,2026-02-25,0.19878825311018142
C02119,2026-02-25,0.5453117713078254
C02120,2026-02-25,0.564910608575653
C02122,2026-02-25,0.7337627231095206
C02125,2026-02-25,0.7396935600410371
C02127,2026-02-25,0.47134872639977626
C02128,2026-02-25,0.2121856912746234
C02131,2026-02-25,0.35008038097789046
C02133,2026-02-25,0.4111669707293455
C02135,2026-02-25,0.5122165109121257
C02136,2026-02-25,0.6166178353270411
C02137,2026-02-25,0.8383983652817805
C02138,2026-02-25,0.3971252859303529
C02139,2026-02-25,0.5792820766125776
C02141,2026-02-25,0.6134856959119258
C02146,2026-02-25,0.5120019922519323
C02147,2026-02-25,0.23007159932619567
C02149,2026-02-25,0.3316343824306472
C02150,2026-02-25,0.7860047369212501
C02155,2026-02-25,0.5989534130386507
C02157,2026-02-25,0.6904832587989326
C02158,2026-02-25,0.3097401550013723
C02159,2026-02-25,0.316556402017475
C02162,2026-02-25,0.23411966109777682
C02165,2026-02-25,0.1744637120814521
C02167,2026-02-25,0.4753294896205778
C02168,2026-02-25,0.21515836705795327
C02169,2026-02-25,0.4001889725475186
C02170,2026-02-25,0.6750969927684007
C02171,2026-02-25,0.9240706263801621
C02175,2026-02-25,0.23903801322404328
C02177,2026-02-25,0.2720458959081238
C02180,2026-02-25,0.3147731003658883
C02182,2026-02-25,0.9384270998200552
C02183,2026-02-25,0.2458875321274742
C02187,2026-02-25,0.2994680634669221
C02188,2026-02-25,0.31690250018172467
C02190,2026-02-25,0.821775942806715
C02192,2026-02-25,0.6957495721800917
C02196,2026-02-25,0.6474953427201223
C02197,2026-02-25,0.9502042222843982
C02198,2026-02-25,0.8720754206594441
C02200,2026-02-25,0.5043832275374609
C02201,2026-02-25,0.4313544489180367
C02202,2026-02-25,0.5623395531802011
C02203,2026-02-25,0.747512468550401
C02205,2026-02-25,0.7155985474257613
C02206,2026-02-25,0.7776234976704509
C02207,2026-02-25,0.24862340213197234
C02211,2026-02-25,0.5980374871564395
C02214,2026-02-25,0.4520239533096421
C02215,2026-02-25,0.7053728577685418
C02218,2026-02-25,0.3780525588840794
C02219,2026-02-25,0.5778695090006221
C02225,2026-02-25,0.22347974689844236
C02226,2026-02-25,0.2059878745008093
C02227,2026-02-25,0.35808593931100313
C02229,2026-02-25,0.5405897555586591
C02230,2026-02-25,0.565950880140262
C02231,2026-02-25,0.2365357502755471
C02234,2026-02-25,0.46241878561680255
C02235,2026-02-25,0.4298666377572448
C02237,2026-02-25,0.48017188256996723
C02238,2026-02-25,0.29563223577033043
C02241,2026-02-25,0.4497195605099107
C02242,2026-02-25,0.6323307916974807
C02246,2026-02-25,0.9177320550573289
C02249,2026-02-25,0.43521553275469027
C02253,2026-02-25,0.559692230854314
C02254,2026-02-25,0.4681882392926841
C02257,2026-02-25,0.7222436928685875
C02261,2026-02-25,0.9634724838176855
C02262,2026-02-25,0.48104816714391835
C02268,2026-02-25,0.2936032320840439
C02281,2026-02-25,0.5137733916264875
C02282,2026-02-25,0.2781471999701938
C02283,2026-02-25,0.4053817338877302
C02286,2026-02-25,0.6702274908211758
C02289,2026-02-25,0.6864791574816949
C02294,2026-02-25,0.7790009087425946
C02297,2026-02-25,0.661735338936303
C02298,2026-02-25,0.9212834446295092
C02299,2026-02-25,0.4328565769870341
C02304,2026-02-25,0.6593565049359957
C02305,2026-02-25,0.2270878760223284
C02306,2026-02-25,0.2561594853218326
C02309,2026-02-25,0.9509963284180902
C02311,2026-02-25,0.4678808339849196
C02312,2026-02-25,0.46512737776105073
C02314,2026-02-25,0.39995652535702864
C02317,2026-02-25,0.4949566121549362
C02318,2026-02-25,0.87288154129785
C02327,2026-02-25,0.9247222506844683
C02328,2026-02-25,0.5972013455941931
C02331,2026-02-25,0.6869044931440781
C02333,2026-02-25,0.30676246329102247
C02339,2026-02-25,0.5850116181756188
C02342,2026-02-25,0.5005096962229814
C02343,2026-02-25,0.4204883905549981
C02344,2026-02-25,0.8892045671174614
C02345,2026-02-25,0.7439052348347804
C02347,2026-02-25,0.21947662504690604
C02349,2026-02-25,0.5549415682650821
C02351,2026-02-25,0.316437674108335
C02353,2026-02-25,0.556564241569773
C02354,2026-02-25,0.3205667955012627
C02355,2026-02-25,0.6755663627555544
C02356,2026-02-25,0.3500086350029439
C02359,2026-02-25,0.4113603835893196
C02361,2026-02-25,0.343785350006611
C02370,2026-02-25,0.8439050840579612
C02371,2026-02-25,0.5694318479763859
C02372,2026-02-25,0.29849340644038336
C02376,2026-02-25,0.8374866248398815
C02377,2026-02-25,0.6066390893667252
C02379,2026-02-25,0.9043303577093974
C02380,2026-02-25,0.6516418371578802
C02383,2026-02-25,0.5357940817920518
C02385,2026-02-25,0.9272617355491344
C02388,2026-02-25,0.2179444685672372
C02393,2026-02-25,0.5294935934500136
C02395,2026-02-25,0.2617588040166076
C02396,2026-02-25,0.27116739557895314
C02397,2026-02-25,0.2516818934043517
C02398,2026-02-25,0.46076279205770726
C02402,2026-02-25,0.8549697755314829
C02405,2026-02-25,0.4796580239081823
C02407,2026-02-25,0.5364962671812131
C02408,2026-02-25,0.41668594544531556
C02412,2026-02-25,0.6378854326426768
C02413,2026-02-25,0.7778723685730078
C02415,2026-02-25,0.6397954967246602
C02420,2026-02-25,0.5856420759254605
C02421,2026-02-25,0.4421365134678423
C02425,2026-02-25,0.9311751815975596
C02426,2026-02-25,0.37965204733095065
C02430,2026-02-25,0.7278032757778975
C02431,2026-02-25,0.20456463189084365
C02433,2026-02-25,0.49343018716271647
C02435,2026-02-25,0.24325737972712372
C02436,2026-02-25,0.9908199028631802
C02437,2026-02-25,0.35437658155337354
C02438,2026-02-25,0.4805528988892447
C02439,2026-02-25,0.7505272151982584
C02442,2026-02-25,0.5076980666859958
C02443,2026-02-25,0.8653651341780231
C02445,2026-02-25,0.6342977278548649
C02447,2026-02-25,0.21454901319708433
C02448,2026-02-25,0.6703771950920978
C02452,2026-02-25,0.6805466467907313
C02453,2026-02-25,0.8246102012753223
C02455,2026-02-25,0.31908136451626934
C02459,2026-02-25,0.2662623088165254
C02462,2026-02-25,0.9666869124753082
C02468,2026-02-25,0.5031808991407923
C02470,2026-02-25,0.32167142814045874
C02471,2026-02-25,0.24453475345978187
C02476,2026-02-25,0.6196020493268954
C02477,2026-02-25,0.87892854923912
C02478,2026-02-25,0.44607139464133416
C02489,2026-02-25,0.4861278207555679
C02490,2026-02-25,0.1500859242072854
C02491,2026-02-25,0.5609331290027754
C02493,2026-02-25,0.7148832377074835
C02495,2026-02-25,0.4536966128453043
C02501,2026-02-25,0.8718181189015334
C02509,2026-02-25,0.26379440336150156
C02512,2026-02-25,0.7767893280858842
C02515,2026-02-25,0.26771846701383384
C02517,2026-02-25,0.4326741132870156
C02519,2026-02-25,0.34954174374424934
C02520,2026-02-25,0.7282259230072936
C02523,2026-02-25,0.2622330646267591
C02526,2026-02-25,0.7410980999249498
C02527,2026-02-25,0.30868837964960627
C02529,2026-02-25,0.1997224994268572
C02531,2026-02-25,0.22433046161158687
C02539,2026-02-25,0.38365678443303236
C02540,2026-02-25,0.20579367226913892
C02541,2026-02-25,0.783980555501781
C02542,2026-02-25,0.5904392230687321
C02543,2026-02-25,0.849430578049927
C02545,2026-02-25,0.17190121355258797
C02546,2026-02-25,0.3810131567736437
C02552,2026-02-25,0.6423823406892254
C02554,2026-02-25,0.8348992951145473
C02555,2026-02-25,0.9325129299275768
C02556,2026-02-25,0.9661694889336159
C02557,2026-02-25,0.27755037323979287
C02559,2026-02-25,0.41776543844733194
C02561,2026-02-25,0.37379299983303615
C02563,2026-02-25,0.20826423450798567
C02567,2026-02-25,0.4649103600216676
C02568,2026-02-25,0.8470279302334154
C02574,2026-02-25,0.5406360143178404
C02575,2026-02-25,0.39415771561120294
C02576,2026-02-25,0.8459227198365011
C02577,2026-02-25,0.35447834456971644
C02579,2026-02-25,0.5236268277021866
C02582,2026-02-25,0.22955759333918568
C02584,2026-02-25,0.3163181834901467
C02585,2026-02-25,0.7293741345643555
C02587,2026-02-25,0.7177283458652872
C02588,2026-02-25,0.5538927987548298
C02591,2026-02-25,0.13957539358970292
C02592,2026-02-25,0.1650284779249716
C02595,2026-02-25,0.34451847511945805
C02596,2026-02-25,0.5138017985221444
C02597,2026-02-25,0.420114098474577
C02599,2026-02-25,0.2317315131408419
C02600,2026-02-25,0.7202679578178164
C02601,2026-02-25,0.6058444128379408
C02605,2026-02-25,0.7953053366223481
C02611,2026-02-25,0.8816332881110662
C02613,2026-02-25,0.5300953400027012
C02615,2026-02-25,0.35380614150087575
C02616,2026-02-25,0.2655925126433921
C02617,2026-02-25,0.3521447699689868
C02619,2026-02-25,0.6165208660916349
C02624,2026-02-25,0.8411705436247832
C02625,2026-02-25,0.2631353985541405
C02626,2026-02-25,0.2753660950037644
C02627,2026-02-25,0.5058291776395846
C02628,2026-02-25,0.40415132737287224
C02632,2026-02-25,0.20608696308984642
C02633,2026-02-25,0.9288240188855631
C02635,2026-02-25,0.48265246605346335
C02637,2026-02-25,0.21511626782050125
C02643,2026-02-25,0.7123236450065007
C02644,2026-02-25,0.1799284947447144
C02646,2026-02-25,0.13441433936490335
C02647,2026-02-25,0.34953503961415416
C02648,2026-02-25,0.5753740841196954
C02649,2026-02-25,0.25295600219382164
C02650,2026-02-25,0.38150686701063125
C02659,2026-02-25,0.981885692114651
C02661,2026-02-25,0.9259310577227764
C02665,2026-02-25,0.558339389890825
C02668,2026-02-25,0.4123506793991727
C02669,2026-02-25,0.5233461247969236
C02670,2026-02-25,0.7049765670728678
C02672,2026-02-25,0.5413559045728814
C02673,2026-02-25,0.46465124452107703
C02680,2026-02-25,0.5440662000742814
C02682,2026-02-25,0.6267604109844512
C02684,2026-02-25,0.8238671382440015
C02685,2026-02-25,0.4391142123814386
C02687,2026-02-25,0.4142228183998972
C02688,2026-02-25,0.33615823434767
C02689,2026-02-25,0.8246711973435734
C02691,2026-02-25,0.4555433355565728
C02692,2026-02-25,0.29498710054559074
C02693,2026-02-25,0.33563689420606446
C02694,2026-02-25,0.6164529469190742
C02695,2026-02-25,0.3035052753973
C02696,2026-02-25,0.3220963488534647
C02697,2026-02-25,0.5417388009575876
C02698,2026-02-25,0.39936391291266427
C02700,2026-02-25,0.9874226835003672
C02702,2026-02-25,0.35665139719153793
C02703,2026-02-25,0.3886478537518369
C02704,2026-02-25,0.9559637552422581
C02706,2026-02-25,0.5004140179465243
C02708,2026-02-25,0.41482148104223165
C02711,2026-02-25,0.7056323092384709
C02712,2026-02-25,0.4653822990470955
C02714,2026-02-25,0.9960977008158841
C02716,2026-02-25,0.7634906799791653
C02717,2026-02-25,0.2935646482757756
C02718,2026-02-25,0.47928007272217
C02720,2026-02-25,0.7736412870421222
C02721,2026-02-25,0.488241981366987
C02722,2026-02-25,0.6260716819224427
C02724,2026-02-25,0.22862243412141195
C02725,2026-02-25,0.8900889857771153
C02726,2026-02-25,0.24155493124890745
C02727,2026-02-25,0.29116620192665105
C02735,2026-02-25,0.6407320718009399
C02736,2026-02-25,0.5268751304144105
C02738,2026-02-25,0.7234610322036816
C02741,2026-02-25,0.756573781792177
C02745,2026-02-25,0.8879027651395555
C02749,2026-02-25,0.5365984481457146
C02750,2026-02-25,0.7677420818579775
C02751,2026-02-25,0.9321362190775718
C02753,2026-02-25,0.7176524998428178
C02758,2026-02-25,0.1658987987922819
C02761,2026-02-25,0.46149361286740076
C02763,2026-02-25,0.5071203327215614
C02765,2026-02-25,0.5757898235463091
C02770,2026-02-25,0.9157693426344761
C02780,2026-02-25,0.6514796890758066
C02788,2026-02-25,0.7565340646530319
C02790,2026-02-25,0.6167403576234648
C02791,2026-02-25,0.42325771890241976
C02792,2026-02-25,0.5969950786240326
C02793,2026-02-25,0.29703204585695586
C02797,2026-02-25,0.48339141737199054
C02798,2026-02-25,0.16104406556155137
C02801,2026-02-25,0.5890419132317685
C02802,2026-02-25,0.8878746510028462
C02804,2026-02-25,0.6379489653136383
C02807,2026-02-25,0.31354045644090045
C02808,2026-02-25,0.8482343866364622
C02816,2026-02-25,0.9278351732567115
C02817,2026-02-25,0.2448108989386927
C02821,2026-02-25,0.48986302285706956
C02823,2026-02-25,0.6645405512108721
C02824,2026-02-25,0.8485325658626867
C02827,2026-02-25,0.48175264150349323
C02831,2026-02-25,0.28192347690165853
C02832,2026-02-25,0.7597914674331788
C02837,2026-02-25,0.7525620254004008
C02839,2026-02-25,0.2166747892672784
C02844,2026-02-25,0.5830083021257878
C02845,2026-02-25,0.9577673529088866
C02847,2026-02-25,0.3705906736564272
C02848,2026-02-25,0.7333806663639525
C02850,2026-02-25,0.5440954934609176
C02852,2026-02-25,0.1867851603040545
C02854,2026-02-25,0.6448697248554437
C02856,2026-02-25,0.25003062782400287
C02862,2026-02-25,0.4688164571561955
C02863,2026-02-25,0.20081658456653784
C02864,2026-02-25,0.49209204819823177
C02866,2026-02-25,0.2315736655302918
C02870,2026-02-25,0.15666758388485083
C02877,2026-02-25,0.1634788104263914
C02882,2026-02-25,0.8997720767921907
C02883,2026-02-25,0.47022903960243734
C02886,2026-02-25,0.4579344257687789
C02887,2026-02-25,0.5741102950661566
C02888,2026-02-25,0.9209114913141808
C02896,2026-02-25,0.893153011815428
C02898,2026-02-25,0.7321907833473238
C02900,2026-02-25,0.6121505000183667
C02901,2026-02-25,0.9582370302800717
C02902,2026-02-25,0.2808079692218762
C02904,2026-02-25,0.7233964526454757
C02907,2026-02-25,0.14687963948057844
C02909,2026-02-25,0.5052929119967894
C02911,2026-02-25,0.32688808792702045
C02915,2026-02-25,0.4097709498256716
C02922,2026-02-25,0.8915526641578186
C02924,2026-02-25,0.4613502836590792
C02927,2026-02-25,0.6453760600423293
C02928,2026-02-25,0.8453916784971532
C02938,2026-02-25,0.6530021408272443
C02942,2026-02-25,0.8553690864657952
C02943,2026-02-25,0.34649161921704025
C02945,2026-02-25,0.44087164151237834
C02949,2026-02-25,0.3769150110585963
C02951,2026-02-25,0.22408638600185687
C02953,2026-02-25,0.6562593071405532
C02955,2026-02-25,0.2814031902581577
C02956,2026-02-25,0.24767724523575455
C02957,2026-02-25,0.3659405341503914
C02958,2026-02-25,0.7903502943246733
C02959,2026-02-25,0.3504339744681748
C02960,2026-02-25,0.26619559346699667
C02964,2026-02-25,0.3462164848225912
C02967,2026-02-25,0.6474053111716229
C02971,2026-02-25,0.3364776727700549
C02972,2026-02-25,0.4969298142748502
C02976,2026-02-25,0.7769693436160346
C02979,2026-02-25,0.31174490177564046
C02980,2026-02-25,0.45103646878439707
C02981,2026-02-25,0.5193030088199334
C02990,2026-02-25,0.7056915356027067
C02992,2026-02-25,0.3687931539366452
C02995,2026-02-25,0.8891616908375967
C02996,2026-02-25,0.6793360477197683
C02997,2026-02-25,0.27002178074666355
C02998,2026-02-25,0.2569118956304335
C02999,2026-02-25,0.30179506848154286
C03000,2026-02-25,0.911149507861361
C03002,2026-02-25,0.592902422389918
C03004,2026-02-25,0.936749265927578
C03006,2026-02-25,0.4563684489261669
C03016,2026-02-25,0.4764348325081925
C03021,2026-02-25,0.8669837916121508
C03023,2026-02-25,0.4702122282232232
C03025,2026-02-25,0.3534592286096836
C03028,2026-02-25,0.26818493093897344
C03029,2026-02-25,0.6191620586310268
C03033,2026-02-25,0.5609112406321898
C03034,2026-02-25,0.37997136399230635
C03037,2026-02-25,0.29282529387856937
C03038,2026-02-25,0.2612985741689471
C03040,2026-02-25,0.12365571987670404
C03041,2026-02-25,0.46502935897873793
C03044,2026-02-25,0.2675142946466854
C03050,2026-02-25,0.1761805813417833
C03053,2026-02-25,0.7606962721668664
C03055,2026-02-25,0.7452376928691291
C03056,2026-02-25,0.16634645822707328
C03059,2026-02-25,0.44801653595683627
C03060,2026-02-25,0.9226213122551139
C03072,2026-02-25,0.5005554754787419
C03073,2026-02-25,0.5068918314487081
C03075,2026-02-25,0.3403415877489487
C03076,2026-02-25,0.16392778610264044
C03077,2026-02-25,0.6078300010073503
C03078,2026-02-25,0.41969070686784543
C03088,2026-02-25,0.9630369580816323
C03089,2026-02-25,0.461630485099206
C03090,2026-02-25,0.20896575500249628
C03093,2026-02-25,0.6666348609758097
C03095,2026-02-25,0.3488237621976133
C03097,2026-02-25,0.9351456998947758
C03098,2026-02-25,0.7355266692401111
C03100,2026-02-25,0.9202195353117296
C03101,2026-02-25,0.3227327552224664
C03102,2026-02-25,0.6489920815774972
C03108,2026-02-25,0.7138655333579061
C03109,2026-02-25,0.6799671994452943
C03116,2026-02-25,0.5079238676829214
C03118,2026-02-25,0.6402709016899645
C03120,2026-02-25,0.26071250297208204
C03122,2026-02-25,0.5411191595267894
C03123,2026-02-25,0.6334960848298073
C03124,2026-02-25,0.38989610071450864
C03125,2026-02-25,0.8253462202119785
C03127,2026-02-25,0.2960981145566511
C03135,2026-02-25,0.5441650428057195
C03136,2026-02-25,0.4246335406023541
C03141,2026-02-25,0.41831548086959147
C03144,2026-02-25,0.3558642948414532
C03146,2026-02-25,0.283052314146362
C03147,2026-02-25,0.25240848169791397
C03149,2026-02-25,0.5268311833335988
C03150,2026-02-25,0.19242831908285152
C03151,2026-02-25,0.4592272217953946
C03154,2026-02-25,0.4237161740743014
C03156,2026-02-25,0.3674241833934879
C03157,2026-02-25,0.8239879687136732
C03158,2026-02-25,0.3803442645373454
C03161,2026-02-25,0.8300565740892991
C03163,2026-02-25,0.27062771823475495
C03164,2026-02-25,0.6452514523492433
C03167,2026-02-25,0.8722520842775695
C03169,2026-02-25,0.45874114910359887
C03171,2026-02-25,0.3088840115713132
C03175,2026-02-25,0.19130983232015328
C03176,2026-02-25,0.3481397511300043
C03179,2026-02-25,0.7944168603685218
C03181,2026-02-25,0.5906105419741804
C03182,2026-02-25,0.4210250349394928
C03183,2026-02-25,0.49564147701028977
C03184,2026-02-25,0.2551722148716388
C03187,2026-02-25,0.9115058694866214
C03188,2026-02-25,0.5902399263318273
C03190,2026-02-25,0.5908942382728212
C03192,2026-02-25,0.3798924235288434
C03194,2026-02-25,0.5675719089279102
C03197,2026-02-25,0.36418477454695436
C03200,2026-02-25,0.5853924687747116
C03204,2026-02-25,0.5633299605902874
C03207,2026-02-25,0.4362367192592796
C03211,2026-02-25,0.9900600944543994
C03212,2026-02-25,0.35737755753165157
C03214,2026-02-25,0.6094612250413823
C03215,2026-02-25,0.37426110473557184
C03216,2026-02-25,0.2158472292819151
C03217,2026-02-25,0.5336185575314459
C03220,2026-02-25,0.2541455566859495
C03223,2026-02-25,0.21569891189558063
C03227,2026-02-25,0.4828663362201864
C03228,2026-02-25,0.7381883817569143
C03229,2026-02-25,0.7989731119174117
C03230,2026-02-25,0.3420096569636944
C03233,2026-02-25,0.5590777500672036
C03236,2026-02-25,0.2446228941411672
C03237,2026-02-25,0.17457123716306544
C03238,2026-02-25,0.8894871595211576
C03239,2026-02-25,0.934334548726344
C03241,2026-02-25,0.9678738609393474
C03242,2026-02-25,0.3608760407097779
C03243,2026-02-25,0.4891074540367325
C03244,2026-02-25,0.2328158906240782
C03247,2026-02-25,0.3976333657396768
C03248,2026-02-25,0.9266150020783306
C03250,2026-02-25,0.312207486593469
C03251,2026-02-25,0.3616346730548844
C03254,2026-02-25,0.632123563964238
C03256,2026-02-25,0.37563382152736036
C03257,2026-02-25,0.5648158381401297
C03259,2026-02-25,0.9733574886508927
C03265,2026-02-25,0.5943462662482718
C03267,2026-02-25,0.801591491414063
C03269,2026-02-25,0.3569367019381156
C03270,2026-02-25,0.26882590804642587
C03272,2026-02-25,0.41041999652807
C03274,2026-02-25,0.5675248378188078
C03275,2026-02-25,0.18758741670025036
C03276,2026-02-25,0.441419022610533
C03277,2026-02-25,0.9590305401296392
C03280,2026-02-25,0.5521370135924637
C03284,2026-02-25,0.3782556836767638
C03288,2026-02-25,0.29413719179162245
C03291,2026-02-25,0.47264434730929394
C03292,2026-02-25,0.6762178571164129
C03295,2026-02-25,0.5932557226284403
C03299,2026-02-25,0.32496955442904596
C03301,2026-02-25,0.8122533835810871
C03303,2026-02-25,0.1276127983934586
C03311,2026-02-25,0.5412976124613266
C03312,2026-02-25,0.7197347368620697
C03314,2026-02-25,0.30305253126002524
C03315,2026-02-25,0.5182502725882728
C03316,2026-02-25,0.7149678353060647
C03319,2026-02-25,0.399800778979375
C03322,2026-02-25,0.4147501616026318
C03323,2026-02-25,0.2239467870321775
C03327,2026-02-25,0.5367614933555652
C03328,2026-02-25,0.6265715008337321
C03330,2026-02-25,0.6298690455646709
C03332,2026-02-25,0.8738688784735569
C03334,2026-02-25,0.3738095807037675
C03336,2026-02-25,0.4288838825653167
C03337,2026-02-25,0.24369413875512108
C03338,2026-02-25,0.2024678503284613
C03339,2026-02-25,0.43179564615284477
C03340,2026-02-25,0.7424119640801519
C03341,2026-02-25,0.7253721363142605
C03342,2026-02-25,0.13331333261587439
C03347,2026-02-25,0.6303915157078744
C03348,2026-02-25,0.3158178306616245
C03349,2026-02-25,0.6036140522832006
C03351,2026-02-25,0.43563116372083766
C03352,2026-02-25,0.23727246344730551
C03353,2026-02-25,0.7627249621771325
C03354,2026-02-25,0.8152236824230766
C03358,2026-02-25,0.18049644280585125
C03365,2026-02-25,0.27172020993784846
C03366,2026-02-25,0.4475214757449245
C03369,2026-02-25,0.8316181932392438
C03371,2026-02-25,0.35479137420335943
C03372,2026-02-25,0.7221277517527038
C03373,2026-02-25,0.2542933361436428
C03375,2026-02-25,0.6085781062233001
C03377,2026-02-25,0.21273915331122575
C03378,2026-02-25,0.4272384057909054
C03379,2026-02-25,0.3085246056676162
C03380,2026-02-25,0.28463959722598653
C03381,2026-02-25,0.7270371350847696
C03384,2026-02-25,0.4123079470708899
C03385,2026-02-25,0.40853044985452186
C03386,2026-02-25,0.3341002776091261
C03395,2026-02-25,0.6797997394807387
C03398,2026-02-25,0.6892191891151981
C03400,2026-02-25,0.6316560187415017
C03401,2026-02-25,0.21814115705473955
C03403,2026-02-25,0.29402406639842693
C03405,2026-02-25,0.4525164982868764
C03408,2026-02-25,0.2984626786423613
C03409,2026-02-25,0.2738956632119635
C03413,2026-02-25,0.286575721339938
C03414,2026-02-25,0.5305820575616563
C03415,2026-02-25,0.6163723864113358
C03421,2026-02-25,0.3831078765313204
C03423,2026-02-25,0.28600868515030897
C03427,2026-02-25,0.5659983793406634
C03432,2026-02-25,0.3225270468852401
C03433,2026-02-25,0.2209309562447084
C03434,2026-02-25,0.616440203475953
C03439,2026-02-25,0.21884810133365395
C03441,2026-02-25,0.4776780911074431
C03444,2026-02-25,0.47791238994428514
C03445,2026-02-25,0.1958607326076163
C03447,2026-02-25,0.5673464456881343
C03449,2026-02-25,0.5827988653199923
C03451,2026-02-25,0.8545375171847008
C03452,2026-02-25,0.37861347781693183
C03453,2026-02-25,0.4835914768297749
C03455,2026-02-25,0.801032931220219
C03457,2026-02-25,0.3148166682025237
C03459,2026-02-25,0.41087388502134176
C03462,2026-02-25,0.10009295810914
C03467,2026-02-25,0.7723766271724191
C03468,2026-02-25,0.5719522412687528
C03470,2026-02-25,0.2683959742506141
C03471,2026-02-25,0.3043502344859678
C03476,2026-02-25,0.6269083597099738
C03477,2026-02-25,0.3971622196183143
C03480,2026-02-25,0.5816902800048854
C03481,2026-02-25,0.761558930149702
C03482,2026-02-25,0.2610463994427185
C03483,2026-02-25,0.6258562242706166
C03488,2026-02-25,0.6203365717681415
C03489,2026-02-25,0.9292992545739018
C03490,2026-02-25,0.44930622642513074
C03493,2026-02-25,0.3827581245680704
C03499,2026-02-25,0.9108429485980939
C03500,2026-02-25,0.44026992725304853
